task_dataset,source_dataset,raw_row,source_uid,subject,zero_subject,session,run,selected_trial_index,label_name,label_id
BNCI2014001,BNCI2014001,2,BNCI2014001:2,1,0,session_T,run_0,0,right_hand,1
BNCI2014001,BNCI2014001,3,BNCI2014001:3,1,0,session_T,run_0,1,left_hand,0
BNCI2014001,BNCI2014001,4,BNCI2014001:4,1,0,session_T,run_0,2,left_hand,0
BNCI2014001,BNCI2014001,5,BNCI2014001:5,1,0,session_T,run_0,3,right_hand,1
BNCI2014001,BNCI2014001,8,BNCI2014001:8,1,0,session_T,run_0,4,right_hand,1
BNCI2014001,BNCI2014001,10,BNCI2014001:10,1,0,session_T,run_0,5,left_hand,0
BNCI2014001,BNCI2014001,11,BNCI2014001:11,1,0,session_T,run_0,6,left_hand,0
BNCI2014001,BNCI2014001,12,BNCI2014001:12,1,0,session_T,run_0,7,left_hand,0
BNCI2014001,BNCI2014001,14,BNCI2014001:14,1,0,session_T,run_0,8,right_hand,1
BNCI2014001,BNCI2014001,15,BNCI2014001:15,1,0,session_T,run_0,9,right_hand,1
BNCI2014001,BNCI2014001,16,BNCI2014001:16,1,0,session_T,run_0,10,left_hand,0
BNCI2014001,BNCI2014001,17,BNCI2014001:17,1,0,session_T,run_0,11,left_hand,0
BNCI2014001,BNCI2014001,19,BNCI2014001:19,1,0,session_T,run_0,12,left_hand,0
BNCI2014001,BNCI2014001,20,BNCI2014001:20,1,0,session_T,run_0,13,right_hand,1
BNCI2014001,BNCI2014001,24,BNCI2014001:24,1,0,session_T,run_0,14,left_hand,0
BNCI2014001,BNCI2014001,27,BNCI2014001:27,1,0,session_T,run_0,15,right_hand,1
BNCI2014001,BNCI2014001,30,BNCI2014001:30,1,0,session_T,run_0,16,right_hand,1
BNCI2014001,BNCI2014001,31,BNCI2014001:31,1,0,session_T,run_0,17,left_hand,0
BNCI2014001,BNCI2014001,32,BNCI2014001:32,1,0,session_T,run_0,18,right_hand,1
BNCI2014001,BNCI2014001,38,BNCI2014001:38,1,0,session_T,run_0,19,left_hand,0
BNCI2014001,BNCI2014001,40,BNCI2014001:40,1,0,session_T,run_0,20,right_hand,1
BNCI2014001,BNCI2014001,42,BNCI2014001:42,1,0,session_T,run_0,21,right_hand,1
BNCI2014001,BNCI2014001,45,BNCI2014001:45,1,0,session_T,run_0,22,right_hand,1
BNCI2014001,BNCI2014001,47,BNCI2014001:47,1,0,session_T,run_0,23,left_hand,0
BNCI2014001,BNCI2014001,48,BNCI2014001:48,1,0,session_T,run_1,24,left_hand,0
BNCI2014001,BNCI2014001,49,BNCI2014001:49,1,0,session_T,run_1,25,left_hand,0
BNCI2014001,BNCI2014001,51,BNCI2014001:51,1,0,session_T,run_1,26,right_hand,1
BNCI2014001,BNCI2014001,52,BNCI2014001:52,1,0,session_T,run_1,27,left_hand,0
BNCI2014001,BNCI2014001,54,BNCI2014001:54,1,0,session_T,run_1,28,left_hand,0
BNCI2014001,BNCI2014001,56,BNCI2014001:56,1,0,session_T,run_1,29,right_hand,1
BNCI2014001,BNCI2014001,58,BNCI2014001:58,1,0,session_T,run_1,30,left_hand,0
BNCI2014001,BNCI2014001,61,BNCI2014001:61,1,0,session_T,run_1,31,left_hand,0
BNCI2014001,BNCI2014001,63,BNCI2014001:63,1,0,session_T,run_1,32,right_hand,1
BNCI2014001,BNCI2014001,68,BNCI2014001:68,1,0,session_T,run_1,33,left_hand,0
BNCI2014001,BNCI2014001,70,BNCI2014001:70,1,0,session_T,run_1,34,right_hand,1
BNCI2014001,BNCI2014001,72,BNCI2014001:72,1,0,session_T,run_1,35,right_hand,1
BNCI2014001,BNCI2014001,73,BNCI2014001:73,1,0,session_T,run_1,36,left_hand,0
BNCI2014001,BNCI2014001,75,BNCI2014001:75,1,0,session_T,run_1,37,right_hand,1
BNCI2014001,BNCI2014001,76,BNCI2014001:76,1,0,session_T,run_1,38,left_hand,0
BNCI2014001,BNCI2014001,79,BNCI2014001:79,1,0,session_T,run_1,39,left_hand,0
BNCI2014001,BNCI2014001,83,BNCI2014001:83,1,0,session_T,run_1,40,right_hand,1
BNCI2014001,BNCI2014001,84,BNCI2014001:84,1,0,session_T,run_1,41,left_hand,0
BNCI2014001,BNCI2014001,85,BNCI2014001:85,1,0,session_T,run_1,42,right_hand,1
BNCI2014001,BNCI2014001,87,BNCI2014001:87,1,0,session_T,run_1,43,right_hand,1
BNCI2014001,BNCI2014001,90,BNCI2014001:90,1,0,session_T,run_1,44,right_hand,1
BNCI2014001,BNCI2014001,91,BNCI2014001:91,1,0,session_T,run_1,45,right_hand,1
BNCI2014001,BNCI2014001,92,BNCI2014001:92,1,0,session_T,run_1,46,right_hand,1
BNCI2014001,BNCI2014001,95,BNCI2014001:95,1,0,session_T,run_1,47,left_hand,0
BNCI2014001,BNCI2014001,96,BNCI2014001:96,1,0,session_T,run_2,48,right_hand,1
BNCI2014001,BNCI2014001,98,BNCI2014001:98,1,0,session_T,run_2,49,left_hand,0
BNCI2014001,BNCI2014001,102,BNCI2014001:102,1,0,session_T,run_2,50,left_hand,0
BNCI2014001,BNCI2014001,103,BNCI2014001:103,1,0,session_T,run_2,51,left_hand,0
BNCI2014001,BNCI2014001,105,BNCI2014001:105,1,0,session_T,run_2,52,right_hand,1
BNCI2014001,BNCI2014001,109,BNCI2014001:109,1,0,session_T,run_2,53,right_hand,1
BNCI2014001,BNCI2014001,110,BNCI2014001:110,1,0,session_T,run_2,54,left_hand,0
BNCI2014001,BNCI2014001,112,BNCI2014001:112,1,0,session_T,run_2,55,right_hand,1
BNCI2014001,BNCI2014001,114,BNCI2014001:114,1,0,session_T,run_2,56,left_hand,0
BNCI2014001,BNCI2014001,117,BNCI2014001:117,1,0,session_T,run_2,57,right_hand,1
BNCI2014001,BNCI2014001,120,BNCI2014001:120,1,0,session_T,run_2,58,left_hand,0
BNCI2014001,BNCI2014001,121,BNCI2014001:121,1,0,session_T,run_2,59,right_hand,1
BNCI2014001,BNCI2014001,122,BNCI2014001:122,1,0,session_T,run_2,60,right_hand,1
BNCI2014001,BNCI2014001,125,BNCI2014001:125,1,0,session_T,run_2,61,right_hand,1
BNCI2014001,BNCI2014001,126,BNCI2014001:126,1,0,session_T,run_2,62,left_hand,0
BNCI2014001,BNCI2014001,127,BNCI2014001:127,1,0,session_T,run_2,63,left_hand,0
BNCI2014001,BNCI2014001,129,BNCI2014001:129,1,0,session_T,run_2,64,right_hand,1
BNCI2014001,BNCI2014001,130,BNCI2014001:130,1,0,session_T,run_2,65,left_hand,0
BNCI2014001,BNCI2014001,132,BNCI2014001:132,1,0,session_T,run_2,66,right_hand,1
BNCI2014001,BNCI2014001,133,BNCI2014001:133,1,0,session_T,run_2,67,right_hand,1
BNCI2014001,BNCI2014001,135,BNCI2014001:135,1,0,session_T,run_2,68,left_hand,0
BNCI2014001,BNCI2014001,141,BNCI2014001:141,1,0,session_T,run_2,69,left_hand,0
BNCI2014001,BNCI2014001,142,BNCI2014001:142,1,0,session_T,run_2,70,right_hand,1
BNCI2014001,BNCI2014001,143,BNCI2014001:143,1,0,session_T,run_2,71,left_hand,0
BNCI2014001,BNCI2014001,144,BNCI2014001:144,1,0,session_T,run_3,72,right_hand,1
BNCI2014001,BNCI2014001,145,BNCI2014001:145,1,0,session_T,run_3,73,left_hand,0
BNCI2014001,BNCI2014001,146,BNCI2014001:146,1,0,session_T,run_3,74,left_hand,0
BNCI2014001,BNCI2014001,149,BNCI2014001:149,1,0,session_T,run_3,75,right_hand,1
BNCI2014001,BNCI2014001,152,BNCI2014001:152,1,0,session_T,run_3,76,left_hand,0
BNCI2014001,BNCI2014001,154,BNCI2014001:154,1,0,session_T,run_3,77,left_hand,0
BNCI2014001,BNCI2014001,155,BNCI2014001:155,1,0,session_T,run_3,78,left_hand,0
BNCI2014001,BNCI2014001,156,BNCI2014001:156,1,0,session_T,run_3,79,right_hand,1
BNCI2014001,BNCI2014001,159,BNCI2014001:159,1,0,session_T,run_3,80,right_hand,1
BNCI2014001,BNCI2014001,165,BNCI2014001:165,1,0,session_T,run_3,81,right_hand,1
BNCI2014001,BNCI2014001,166,BNCI2014001:166,1,0,session_T,run_3,82,right_hand,1
BNCI2014001,BNCI2014001,168,BNCI2014001:168,1,0,session_T,run_3,83,left_hand,0
BNCI2014001,BNCI2014001,169,BNCI2014001:169,1,0,session_T,run_3,84,right_hand,1
BNCI2014001,BNCI2014001,170,BNCI2014001:170,1,0,session_T,run_3,85,right_hand,1
BNCI2014001,BNCI2014001,171,BNCI2014001:171,1,0,session_T,run_3,86,right_hand,1
BNCI2014001,BNCI2014001,174,BNCI2014001:174,1,0,session_T,run_3,87,left_hand,0
BNCI2014001,BNCI2014001,176,BNCI2014001:176,1,0,session_T,run_3,88,left_hand,0
BNCI2014001,BNCI2014001,178,BNCI2014001:178,1,0,session_T,run_3,89,left_hand,0
BNCI2014001,BNCI2014001,180,BNCI2014001:180,1,0,session_T,run_3,90,left_hand,0
BNCI2014001,BNCI2014001,182,BNCI2014001:182,1,0,session_T,run_3,91,left_hand,0
BNCI2014001,BNCI2014001,183,BNCI2014001:183,1,0,session_T,run_3,92,right_hand,1
BNCI2014001,BNCI2014001,187,BNCI2014001:187,1,0,session_T,run_3,93,left_hand,0
BNCI2014001,BNCI2014001,188,BNCI2014001:188,1,0,session_T,run_3,94,right_hand,1
BNCI2014001,BNCI2014001,190,BNCI2014001:190,1,0,session_T,run_3,95,right_hand,1
BNCI2014001,BNCI2014001,193,BNCI2014001:193,1,0,session_T,run_4,96,left_hand,0
BNCI2014001,BNCI2014001,195,BNCI2014001:195,1,0,session_T,run_4,97,right_hand,1
BNCI2014001,BNCI2014001,197,BNCI2014001:197,1,0,session_T,run_4,98,left_hand,0
BNCI2014001,BNCI2014001,198,BNCI2014001:198,1,0,session_T,run_4,99,left_hand,0
BNCI2014001,BNCI2014001,201,BNCI2014001:201,1,0,session_T,run_4,100,right_hand,1
BNCI2014001,BNCI2014001,203,BNCI2014001:203,1,0,session_T,run_4,101,right_hand,1
BNCI2014001,BNCI2014001,204,BNCI2014001:204,1,0,session_T,run_4,102,right_hand,1
BNCI2014001,BNCI2014001,205,BNCI2014001:205,1,0,session_T,run_4,103,left_hand,0
BNCI2014001,BNCI2014001,206,BNCI2014001:206,1,0,session_T,run_4,104,right_hand,1
BNCI2014001,BNCI2014001,209,BNCI2014001:209,1,0,session_T,run_4,105,right_hand,1
BNCI2014001,BNCI2014001,210,BNCI2014001:210,1,0,session_T,run_4,106,right_hand,1
BNCI2014001,BNCI2014001,211,BNCI2014001:211,1,0,session_T,run_4,107,right_hand,1
BNCI2014001,BNCI2014001,212,BNCI2014001:212,1,0,session_T,run_4,108,right_hand,1
BNCI2014001,BNCI2014001,217,BNCI2014001:217,1,0,session_T,run_4,109,left_hand,0
BNCI2014001,BNCI2014001,218,BNCI2014001:218,1,0,session_T,run_4,110,right_hand,1
BNCI2014001,BNCI2014001,220,BNCI2014001:220,1,0,session_T,run_4,111,right_hand,1
BNCI2014001,BNCI2014001,221,BNCI2014001:221,1,0,session_T,run_4,112,left_hand,0
BNCI2014001,BNCI2014001,223,BNCI2014001:223,1,0,session_T,run_4,113,left_hand,0
BNCI2014001,BNCI2014001,225,BNCI2014001:225,1,0,session_T,run_4,114,left_hand,0
BNCI2014001,BNCI2014001,226,BNCI2014001:226,1,0,session_T,run_4,115,left_hand,0
BNCI2014001,BNCI2014001,227,BNCI2014001:227,1,0,session_T,run_4,116,left_hand,0
BNCI2014001,BNCI2014001,228,BNCI2014001:228,1,0,session_T,run_4,117,left_hand,0
BNCI2014001,BNCI2014001,232,BNCI2014001:232,1,0,session_T,run_4,118,right_hand,1
BNCI2014001,BNCI2014001,238,BNCI2014001:238,1,0,session_T,run_4,119,left_hand,0
BNCI2014001,BNCI2014001,240,BNCI2014001:240,1,0,session_T,run_5,120,left_hand,0
BNCI2014001,BNCI2014001,242,BNCI2014001:242,1,0,session_T,run_5,121,right_hand,1
BNCI2014001,BNCI2014001,249,BNCI2014001:249,1,0,session_T,run_5,122,right_hand,1
BNCI2014001,BNCI2014001,252,BNCI2014001:252,1,0,session_T,run_5,123,left_hand,0
BNCI2014001,BNCI2014001,253,BNCI2014001:253,1,0,session_T,run_5,124,right_hand,1
BNCI2014001,BNCI2014001,254,BNCI2014001:254,1,0,session_T,run_5,125,right_hand,1
BNCI2014001,BNCI2014001,255,BNCI2014001:255,1,0,session_T,run_5,126,right_hand,1
BNCI2014001,BNCI2014001,257,BNCI2014001:257,1,0,session_T,run_5,127,right_hand,1
BNCI2014001,BNCI2014001,261,BNCI2014001:261,1,0,session_T,run_5,128,right_hand,1
BNCI2014001,BNCI2014001,263,BNCI2014001:263,1,0,session_T,run_5,129,left_hand,0
BNCI2014001,BNCI2014001,265,BNCI2014001:265,1,0,session_T,run_5,130,left_hand,0
BNCI2014001,BNCI2014001,268,BNCI2014001:268,1,0,session_T,run_5,131,left_hand,0
BNCI2014001,BNCI2014001,270,BNCI2014001:270,1,0,session_T,run_5,132,left_hand,0
BNCI2014001,BNCI2014001,271,BNCI2014001:271,1,0,session_T,run_5,133,right_hand,1
BNCI2014001,BNCI2014001,272,BNCI2014001:272,1,0,session_T,run_5,134,right_hand,1
BNCI2014001,BNCI2014001,273,BNCI2014001:273,1,0,session_T,run_5,135,left_hand,0
BNCI2014001,BNCI2014001,275,BNCI2014001:275,1,0,session_T,run_5,136,left_hand,0
BNCI2014001,BNCI2014001,279,BNCI2014001:279,1,0,session_T,run_5,137,left_hand,0
BNCI2014001,BNCI2014001,281,BNCI2014001:281,1,0,session_T,run_5,138,right_hand,1
BNCI2014001,BNCI2014001,282,BNCI2014001:282,1,0,session_T,run_5,139,right_hand,1
BNCI2014001,BNCI2014001,283,BNCI2014001:283,1,0,session_T,run_5,140,left_hand,0
BNCI2014001,BNCI2014001,285,BNCI2014001:285,1,0,session_T,run_5,141,left_hand,0
BNCI2014001,BNCI2014001,286,BNCI2014001:286,1,0,session_T,run_5,142,right_hand,1
BNCI2014001,BNCI2014001,287,BNCI2014001:287,1,0,session_T,run_5,143,left_hand,0
BNCI2014001,BNCI2014001,576,BNCI2014001:576,2,1,session_T,run_0,0,left_hand,0
BNCI2014001,BNCI2014001,577,BNCI2014001:577,2,1,session_T,run_0,1,right_hand,1
BNCI2014001,BNCI2014001,578,BNCI2014001:578,2,1,session_T,run_0,2,right_hand,1
BNCI2014001,BNCI2014001,579,BNCI2014001:579,2,1,session_T,run_0,3,left_hand,0
BNCI2014001,BNCI2014001,580,BNCI2014001:580,2,1,session_T,run_0,4,right_hand,1
BNCI2014001,BNCI2014001,581,BNCI2014001:581,2,1,session_T,run_0,5,left_hand,0
BNCI2014001,BNCI2014001,582,BNCI2014001:582,2,1,session_T,run_0,6,right_hand,1
BNCI2014001,BNCI2014001,584,BNCI2014001:584,2,1,session_T,run_0,7,right_hand,1
BNCI2014001,BNCI2014001,586,BNCI2014001:586,2,1,session_T,run_0,8,left_hand,0
BNCI2014001,BNCI2014001,588,BNCI2014001:588,2,1,session_T,run_0,9,right_hand,1
BNCI2014001,BNCI2014001,589,BNCI2014001:589,2,1,session_T,run_0,10,left_hand,0
BNCI2014001,BNCI2014001,595,BNCI2014001:595,2,1,session_T,run_0,11,left_hand,0
BNCI2014001,BNCI2014001,597,BNCI2014001:597,2,1,session_T,run_0,12,right_hand,1
BNCI2014001,BNCI2014001,598,BNCI2014001:598,2,1,session_T,run_0,13,left_hand,0
BNCI2014001,BNCI2014001,599,BNCI2014001:599,2,1,session_T,run_0,14,left_hand,0
BNCI2014001,BNCI2014001,602,BNCI2014001:602,2,1,session_T,run_0,15,left_hand,0
BNCI2014001,BNCI2014001,606,BNCI2014001:606,2,1,session_T,run_0,16,left_hand,0
BNCI2014001,BNCI2014001,607,BNCI2014001:607,2,1,session_T,run_0,17,right_hand,1
BNCI2014001,BNCI2014001,608,BNCI2014001:608,2,1,session_T,run_0,18,left_hand,0
BNCI2014001,BNCI2014001,609,BNCI2014001:609,2,1,session_T,run_0,19,right_hand,1
BNCI2014001,BNCI2014001,610,BNCI2014001:610,2,1,session_T,run_0,20,right_hand,1
BNCI2014001,BNCI2014001,611,BNCI2014001:611,2,1,session_T,run_0,21,left_hand,0
BNCI2014001,BNCI2014001,612,BNCI2014001:612,2,1,session_T,run_0,22,right_hand,1
BNCI2014001,BNCI2014001,614,BNCI2014001:614,2,1,session_T,run_0,23,right_hand,1
BNCI2014001,BNCI2014001,626,BNCI2014001:626,2,1,session_T,run_1,24,right_hand,1
BNCI2014001,BNCI2014001,627,BNCI2014001:627,2,1,session_T,run_1,25,left_hand,0
BNCI2014001,BNCI2014001,628,BNCI2014001:628,2,1,session_T,run_1,26,left_hand,0
BNCI2014001,BNCI2014001,629,BNCI2014001:629,2,1,session_T,run_1,27,right_hand,1
BNCI2014001,BNCI2014001,632,BNCI2014001:632,2,1,session_T,run_1,28,right_hand,1
BNCI2014001,BNCI2014001,634,BNCI2014001:634,2,1,session_T,run_1,29,left_hand,0
BNCI2014001,BNCI2014001,635,BNCI2014001:635,2,1,session_T,run_1,30,left_hand,0
BNCI2014001,BNCI2014001,636,BNCI2014001:636,2,1,session_T,run_1,31,left_hand,0
BNCI2014001,BNCI2014001,638,BNCI2014001:638,2,1,session_T,run_1,32,right_hand,1
BNCI2014001,BNCI2014001,639,BNCI2014001:639,2,1,session_T,run_1,33,right_hand,1
BNCI2014001,BNCI2014001,640,BNCI2014001:640,2,1,session_T,run_1,34,left_hand,0
BNCI2014001,BNCI2014001,641,BNCI2014001:641,2,1,session_T,run_1,35,left_hand,0
BNCI2014001,BNCI2014001,643,BNCI2014001:643,2,1,session_T,run_1,36,left_hand,0
BNCI2014001,BNCI2014001,644,BNCI2014001:644,2,1,session_T,run_1,37,right_hand,1
BNCI2014001,BNCI2014001,648,BNCI2014001:648,2,1,session_T,run_1,38,left_hand,0
BNCI2014001,BNCI2014001,651,BNCI2014001:651,2,1,session_T,run_1,39,right_hand,1
BNCI2014001,BNCI2014001,654,BNCI2014001:654,2,1,session_T,run_1,40,right_hand,1
BNCI2014001,BNCI2014001,655,BNCI2014001:655,2,1,session_T,run_1,41,left_hand,0
BNCI2014001,BNCI2014001,656,BNCI2014001:656,2,1,session_T,run_1,42,right_hand,1
BNCI2014001,BNCI2014001,662,BNCI2014001:662,2,1,session_T,run_1,43,left_hand,0
BNCI2014001,BNCI2014001,664,BNCI2014001:664,2,1,session_T,run_1,44,right_hand,1
BNCI2014001,BNCI2014001,666,BNCI2014001:666,2,1,session_T,run_1,45,right_hand,1
BNCI2014001,BNCI2014001,669,BNCI2014001:669,2,1,session_T,run_1,46,right_hand,1
BNCI2014001,BNCI2014001,671,BNCI2014001:671,2,1,session_T,run_1,47,left_hand,0
BNCI2014001,BNCI2014001,672,BNCI2014001:672,2,1,session_T,run_2,48,left_hand,0
BNCI2014001,BNCI2014001,673,BNCI2014001:673,2,1,session_T,run_2,49,left_hand,0
BNCI2014001,BNCI2014001,675,BNCI2014001:675,2,1,session_T,run_2,50,right_hand,1
BNCI2014001,BNCI2014001,676,BNCI2014001:676,2,1,session_T,run_2,51,left_hand,0
BNCI2014001,BNCI2014001,678,BNCI2014001:678,2,1,session_T,run_2,52,left_hand,0
BNCI2014001,BNCI2014001,680,BNCI2014001:680,2,1,session_T,run_2,53,right_hand,1
BNCI2014001,BNCI2014001,682,BNCI2014001:682,2,1,session_T,run_2,54,left_hand,0
BNCI2014001,BNCI2014001,685,BNCI2014001:685,2,1,session_T,run_2,55,left_hand,0
BNCI2014001,BNCI2014001,687,BNCI2014001:687,2,1,session_T,run_2,56,right_hand,1
BNCI2014001,BNCI2014001,692,BNCI2014001:692,2,1,session_T,run_2,57,left_hand,0
BNCI2014001,BNCI2014001,694,BNCI2014001:694,2,1,session_T,run_2,58,right_hand,1
BNCI2014001,BNCI2014001,696,BNCI2014001:696,2,1,session_T,run_2,59,right_hand,1
BNCI2014001,BNCI2014001,697,BNCI2014001:697,2,1,session_T,run_2,60,left_hand,0
BNCI2014001,BNCI2014001,699,BNCI2014001:699,2,1,session_T,run_2,61,right_hand,1
BNCI2014001,BNCI2014001,700,BNCI2014001:700,2,1,session_T,run_2,62,left_hand,0
BNCI2014001,BNCI2014001,703,BNCI2014001:703,2,1,session_T,run_2,63,left_hand,0
BNCI2014001,BNCI2014001,707,BNCI2014001:707,2,1,session_T,run_2,64,right_hand,1
BNCI2014001,BNCI2014001,708,BNCI2014001:708,2,1,session_T,run_2,65,left_hand,0
BNCI2014001,BNCI2014001,709,BNCI2014001:709,2,1,session_T,run_2,66,right_hand,1
BNCI2014001,BNCI2014001,711,BNCI2014001:711,2,1,session_T,run_2,67,right_hand,1
BNCI2014001,BNCI2014001,714,BNCI2014001:714,2,1,session_T,run_2,68,right_hand,1
BNCI2014001,BNCI2014001,715,BNCI2014001:715,2,1,session_T,run_2,69,right_hand,1
BNCI2014001,BNCI2014001,716,BNCI2014001:716,2,1,session_T,run_2,70,right_hand,1
BNCI2014001,BNCI2014001,719,BNCI2014001:719,2,1,session_T,run_2,71,left_hand,0
BNCI2014001,BNCI2014001,720,BNCI2014001:720,2,1,session_T,run_3,72,right_hand,1
BNCI2014001,BNCI2014001,722,BNCI2014001:722,2,1,session_T,run_3,73,left_hand,0
BNCI2014001,BNCI2014001,726,BNCI2014001:726,2,1,session_T,run_3,74,left_hand,0
BNCI2014001,BNCI2014001,727,BNCI2014001:727,2,1,session_T,run_3,75,left_hand,0
BNCI2014001,BNCI2014001,729,BNCI2014001:729,2,1,session_T,run_3,76,right_hand,1
BNCI2014001,BNCI2014001,733,BNCI2014001:733,2,1,session_T,run_3,77,right_hand,1
BNCI2014001,BNCI2014001,734,BNCI2014001:734,2,1,session_T,run_3,78,left_hand,0
BNCI2014001,BNCI2014001,736,BNCI2014001:736,2,1,session_T,run_3,79,right_hand,1
BNCI2014001,BNCI2014001,738,BNCI2014001:738,2,1,session_T,run_3,80,left_hand,0
BNCI2014001,BNCI2014001,741,BNCI2014001:741,2,1,session_T,run_3,81,right_hand,1
BNCI2014001,BNCI2014001,744,BNCI2014001:744,2,1,session_T,run_3,82,left_hand,0
BNCI2014001,BNCI2014001,745,BNCI2014001:745,2,1,session_T,run_3,83,right_hand,1
BNCI2014001,BNCI2014001,746,BNCI2014001:746,2,1,session_T,run_3,84,right_hand,1
BNCI2014001,BNCI2014001,749,BNCI2014001:749,2,1,session_T,run_3,85,right_hand,1
BNCI2014001,BNCI2014001,750,BNCI2014001:750,2,1,session_T,run_3,86,left_hand,0
BNCI2014001,BNCI2014001,751,BNCI2014001:751,2,1,session_T,run_3,87,left_hand,0
BNCI2014001,BNCI2014001,753,BNCI2014001:753,2,1,session_T,run_3,88,right_hand,1
BNCI2014001,BNCI2014001,754,BNCI2014001:754,2,1,session_T,run_3,89,left_hand,0
BNCI2014001,BNCI2014001,756,BNCI2014001:756,2,1,session_T,run_3,90,right_hand,1
BNCI2014001,BNCI2014001,757,BNCI2014001:757,2,1,session_T,run_3,91,right_hand,1
BNCI2014001,BNCI2014001,759,BNCI2014001:759,2,1,session_T,run_3,92,left_hand,0
BNCI2014001,BNCI2014001,765,BNCI2014001:765,2,1,session_T,run_3,93,left_hand,0
BNCI2014001,BNCI2014001,766,BNCI2014001:766,2,1,session_T,run_3,94,right_hand,1
BNCI2014001,BNCI2014001,767,BNCI2014001:767,2,1,session_T,run_3,95,left_hand,0
BNCI2014001,BNCI2014001,768,BNCI2014001:768,2,1,session_T,run_4,96,right_hand,1
BNCI2014001,BNCI2014001,769,BNCI2014001:769,2,1,session_T,run_4,97,left_hand,0
BNCI2014001,BNCI2014001,770,BNCI2014001:770,2,1,session_T,run_4,98,left_hand,0
BNCI2014001,BNCI2014001,773,BNCI2014001:773,2,1,session_T,run_4,99,right_hand,1
BNCI2014001,BNCI2014001,776,BNCI2014001:776,2,1,session_T,run_4,100,left_hand,0
BNCI2014001,BNCI2014001,778,BNCI2014001:778,2,1,session_T,run_4,101,left_hand,0
BNCI2014001,BNCI2014001,779,BNCI2014001:779,2,1,session_T,run_4,102,left_hand,0
BNCI2014001,BNCI2014001,780,BNCI2014001:780,2,1,session_T,run_4,103,right_hand,1
BNCI2014001,BNCI2014001,783,BNCI2014001:783,2,1,session_T,run_4,104,right_hand,1
BNCI2014001,BNCI2014001,789,BNCI2014001:789,2,1,session_T,run_4,105,right_hand,1
BNCI2014001,BNCI2014001,790,BNCI2014001:790,2,1,session_T,run_4,106,right_hand,1
BNCI2014001,BNCI2014001,792,BNCI2014001:792,2,1,session_T,run_4,107,left_hand,0
BNCI2014001,BNCI2014001,793,BNCI2014001:793,2,1,session_T,run_4,108,right_hand,1
BNCI2014001,BNCI2014001,794,BNCI2014001:794,2,1,session_T,run_4,109,right_hand,1
BNCI2014001,BNCI2014001,795,BNCI2014001:795,2,1,session_T,run_4,110,right_hand,1
BNCI2014001,BNCI2014001,798,BNCI2014001:798,2,1,session_T,run_4,111,left_hand,0
BNCI2014001,BNCI2014001,800,BNCI2014001:800,2,1,session_T,run_4,112,left_hand,0
BNCI2014001,BNCI2014001,802,BNCI2014001:802,2,1,session_T,run_4,113,left_hand,0
BNCI2014001,BNCI2014001,804,BNCI2014001:804,2,1,session_T,run_4,114,left_hand,0
BNCI2014001,BNCI2014001,806,BNCI2014001:806,2,1,session_T,run_4,115,left_hand,0
BNCI2014001,BNCI2014001,807,BNCI2014001:807,2,1,session_T,run_4,116,right_hand,1
BNCI2014001,BNCI2014001,811,BNCI2014001:811,2,1,session_T,run_4,117,left_hand,0
BNCI2014001,BNCI2014001,812,BNCI2014001:812,2,1,session_T,run_4,118,right_hand,1
BNCI2014001,BNCI2014001,814,BNCI2014001:814,2,1,session_T,run_4,119,right_hand,1
BNCI2014001,BNCI2014001,817,BNCI2014001:817,2,1,session_T,run_5,120,left_hand,0
BNCI2014001,BNCI2014001,819,BNCI2014001:819,2,1,session_T,run_5,121,right_hand,1
BNCI2014001,BNCI2014001,821,BNCI2014001:821,2,1,session_T,run_5,122,left_hand,0
BNCI2014001,BNCI2014001,822,BNCI2014001:822,2,1,session_T,run_5,123,left_hand,0
BNCI2014001,BNCI2014001,825,BNCI2014001:825,2,1,session_T,run_5,124,right_hand,1
BNCI2014001,BNCI2014001,827,BNCI2014001:827,2,1,session_T,run_5,125,right_hand,1
BNCI2014001,BNCI2014001,828,BNCI2014001:828,2,1,session_T,run_5,126,right_hand,1
BNCI2014001,BNCI2014001,829,BNCI2014001:829,2,1,session_T,run_5,127,left_hand,0
BNCI2014001,BNCI2014001,830,BNCI2014001:830,2,1,session_T,run_5,128,right_hand,1
BNCI2014001,BNCI2014001,833,BNCI2014001:833,2,1,session_T,run_5,129,right_hand,1
BNCI2014001,BNCI2014001,834,BNCI2014001:834,2,1,session_T,run_5,130,right_hand,1
BNCI2014001,BNCI2014001,835,BNCI2014001:835,2,1,session_T,run_5,131,right_hand,1
BNCI2014001,BNCI2014001,836,BNCI2014001:836,2,1,session_T,run_5,132,right_hand,1
BNCI2014001,BNCI2014001,841,BNCI2014001:841,2,1,session_T,run_5,133,left_hand,0
BNCI2014001,BNCI2014001,842,BNCI2014001:842,2,1,session_T,run_5,134,right_hand,1
BNCI2014001,BNCI2014001,844,BNCI2014001:844,2,1,session_T,run_5,135,right_hand,1
BNCI2014001,BNCI2014001,845,BNCI2014001:845,2,1,session_T,run_5,136,left_hand,0
BNCI2014001,BNCI2014001,847,BNCI2014001:847,2,1,session_T,run_5,137,left_hand,0
BNCI2014001,BNCI2014001,849,BNCI2014001:849,2,1,session_T,run_5,138,left_hand,0
BNCI2014001,BNCI2014001,850,BNCI2014001:850,2,1,session_T,run_5,139,left_hand,0
BNCI2014001,BNCI2014001,851,BNCI2014001:851,2,1,session_T,run_5,140,left_hand,0
BNCI2014001,BNCI2014001,852,BNCI2014001:852,2,1,session_T,run_5,141,left_hand,0
BNCI2014001,BNCI2014001,856,BNCI2014001:856,2,1,session_T,run_5,142,right_hand,1
BNCI2014001,BNCI2014001,862,BNCI2014001:862,2,1,session_T,run_5,143,left_hand,0
BNCI2014001,BNCI2014001,1152,BNCI2014001:1152,3,2,session_T,run_0,0,left_hand,0
BNCI2014001,BNCI2014001,1153,BNCI2014001:1153,3,2,session_T,run_0,1,right_hand,1
BNCI2014001,BNCI2014001,1154,BNCI2014001:1154,3,2,session_T,run_0,2,right_hand,1
BNCI2014001,BNCI2014001,1155,BNCI2014001:1155,3,2,session_T,run_0,3,left_hand,0
BNCI2014001,BNCI2014001,1156,BNCI2014001:1156,3,2,session_T,run_0,4,right_hand,1
BNCI2014001,BNCI2014001,1157,BNCI2014001:1157,3,2,session_T,run_0,5,left_hand,0
BNCI2014001,BNCI2014001,1158,BNCI2014001:1158,3,2,session_T,run_0,6,right_hand,1
BNCI2014001,BNCI2014001,1160,BNCI2014001:1160,3,2,session_T,run_0,7,right_hand,1
BNCI2014001,BNCI2014001,1162,BNCI2014001:1162,3,2,session_T,run_0,8,left_hand,0
BNCI2014001,BNCI2014001,1164,BNCI2014001:1164,3,2,session_T,run_0,9,right_hand,1
BNCI2014001,BNCI2014001,1165,BNCI2014001:1165,3,2,session_T,run_0,10,left_hand,0
BNCI2014001,BNCI2014001,1171,BNCI2014001:1171,3,2,session_T,run_0,11,left_hand,0
BNCI2014001,BNCI2014001,1173,BNCI2014001:1173,3,2,session_T,run_0,12,right_hand,1
BNCI2014001,BNCI2014001,1174,BNCI2014001:1174,3,2,session_T,run_0,13,left_hand,0
BNCI2014001,BNCI2014001,1175,BNCI2014001:1175,3,2,session_T,run_0,14,left_hand,0
BNCI2014001,BNCI2014001,1178,BNCI2014001:1178,3,2,session_T,run_0,15,left_hand,0
BNCI2014001,BNCI2014001,1182,BNCI2014001:1182,3,2,session_T,run_0,16,left_hand,0
BNCI2014001,BNCI2014001,1183,BNCI2014001:1183,3,2,session_T,run_0,17,right_hand,1
BNCI2014001,BNCI2014001,1184,BNCI2014001:1184,3,2,session_T,run_0,18,left_hand,0
BNCI2014001,BNCI2014001,1185,BNCI2014001:1185,3,2,session_T,run_0,19,right_hand,1
BNCI2014001,BNCI2014001,1186,BNCI2014001:1186,3,2,session_T,run_0,20,right_hand,1
BNCI2014001,BNCI2014001,1187,BNCI2014001:1187,3,2,session_T,run_0,21,left_hand,0
BNCI2014001,BNCI2014001,1188,BNCI2014001:1188,3,2,session_T,run_0,22,right_hand,1
BNCI2014001,BNCI2014001,1190,BNCI2014001:1190,3,2,session_T,run_0,23,right_hand,1
BNCI2014001,BNCI2014001,1202,BNCI2014001:1202,3,2,session_T,run_1,24,right_hand,1
BNCI2014001,BNCI2014001,1203,BNCI2014001:1203,3,2,session_T,run_1,25,left_hand,0
BNCI2014001,BNCI2014001,1204,BNCI2014001:1204,3,2,session_T,run_1,26,left_hand,0
BNCI2014001,BNCI2014001,1205,BNCI2014001:1205,3,2,session_T,run_1,27,right_hand,1
BNCI2014001,BNCI2014001,1208,BNCI2014001:1208,3,2,session_T,run_1,28,right_hand,1
BNCI2014001,BNCI2014001,1210,BNCI2014001:1210,3,2,session_T,run_1,29,left_hand,0
BNCI2014001,BNCI2014001,1211,BNCI2014001:1211,3,2,session_T,run_1,30,left_hand,0
BNCI2014001,BNCI2014001,1212,BNCI2014001:1212,3,2,session_T,run_1,31,left_hand,0
BNCI2014001,BNCI2014001,1214,BNCI2014001:1214,3,2,session_T,run_1,32,right_hand,1
BNCI2014001,BNCI2014001,1215,BNCI2014001:1215,3,2,session_T,run_1,33,right_hand,1
BNCI2014001,BNCI2014001,1216,BNCI2014001:1216,3,2,session_T,run_1,34,left_hand,0
BNCI2014001,BNCI2014001,1217,BNCI2014001:1217,3,2,session_T,run_1,35,left_hand,0
BNCI2014001,BNCI2014001,1219,BNCI2014001:1219,3,2,session_T,run_1,36,left_hand,0
BNCI2014001,BNCI2014001,1220,BNCI2014001:1220,3,2,session_T,run_1,37,right_hand,1
BNCI2014001,BNCI2014001,1224,BNCI2014001:1224,3,2,session_T,run_1,38,left_hand,0
BNCI2014001,BNCI2014001,1227,BNCI2014001:1227,3,2,session_T,run_1,39,right_hand,1
BNCI2014001,BNCI2014001,1230,BNCI2014001:1230,3,2,session_T,run_1,40,right_hand,1
BNCI2014001,BNCI2014001,1231,BNCI2014001:1231,3,2,session_T,run_1,41,left_hand,0
BNCI2014001,BNCI2014001,1232,BNCI2014001:1232,3,2,session_T,run_1,42,right_hand,1
BNCI2014001,BNCI2014001,1238,BNCI2014001:1238,3,2,session_T,run_1,43,left_hand,0
BNCI2014001,BNCI2014001,1240,BNCI2014001:1240,3,2,session_T,run_1,44,right_hand,1
BNCI2014001,BNCI2014001,1242,BNCI2014001:1242,3,2,session_T,run_1,45,right_hand,1
BNCI2014001,BNCI2014001,1245,BNCI2014001:1245,3,2,session_T,run_1,46,right_hand,1
BNCI2014001,BNCI2014001,1247,BNCI2014001:1247,3,2,session_T,run_1,47,left_hand,0
BNCI2014001,BNCI2014001,1248,BNCI2014001:1248,3,2,session_T,run_2,48,left_hand,0
BNCI2014001,BNCI2014001,1249,BNCI2014001:1249,3,2,session_T,run_2,49,left_hand,0
BNCI2014001,BNCI2014001,1251,BNCI2014001:1251,3,2,session_T,run_2,50,right_hand,1
BNCI2014001,BNCI2014001,1252,BNCI2014001:1252,3,2,session_T,run_2,51,left_hand,0
BNCI2014001,BNCI2014001,1254,BNCI2014001:1254,3,2,session_T,run_2,52,left_hand,0
BNCI2014001,BNCI2014001,1256,BNCI2014001:1256,3,2,session_T,run_2,53,right_hand,1
BNCI2014001,BNCI2014001,1258,BNCI2014001:1258,3,2,session_T,run_2,54,left_hand,0
BNCI2014001,BNCI2014001,1261,BNCI2014001:1261,3,2,session_T,run_2,55,left_hand,0
BNCI2014001,BNCI2014001,1263,BNCI2014001:1263,3,2,session_T,run_2,56,right_hand,1
BNCI2014001,BNCI2014001,1268,BNCI2014001:1268,3,2,session_T,run_2,57,left_hand,0
BNCI2014001,BNCI2014001,1270,BNCI2014001:1270,3,2,session_T,run_2,58,right_hand,1
BNCI2014001,BNCI2014001,1272,BNCI2014001:1272,3,2,session_T,run_2,59,right_hand,1
BNCI2014001,BNCI2014001,1273,BNCI2014001:1273,3,2,session_T,run_2,60,left_hand,0
BNCI2014001,BNCI2014001,1275,BNCI2014001:1275,3,2,session_T,run_2,61,right_hand,1
BNCI2014001,BNCI2014001,1276,BNCI2014001:1276,3,2,session_T,run_2,62,left_hand,0
BNCI2014001,BNCI2014001,1279,BNCI2014001:1279,3,2,session_T,run_2,63,left_hand,0
BNCI2014001,BNCI2014001,1283,BNCI2014001:1283,3,2,session_T,run_2,64,right_hand,1
BNCI2014001,BNCI2014001,1284,BNCI2014001:1284,3,2,session_T,run_2,65,left_hand,0
BNCI2014001,BNCI2014001,1285,BNCI2014001:1285,3,2,session_T,run_2,66,right_hand,1
BNCI2014001,BNCI2014001,1287,BNCI2014001:1287,3,2,session_T,run_2,67,right_hand,1
BNCI2014001,BNCI2014001,1290,BNCI2014001:1290,3,2,session_T,run_2,68,right_hand,1
BNCI2014001,BNCI2014001,1291,BNCI2014001:1291,3,2,session_T,run_2,69,right_hand,1
BNCI2014001,BNCI2014001,1292,BNCI2014001:1292,3,2,session_T,run_2,70,right_hand,1
BNCI2014001,BNCI2014001,1295,BNCI2014001:1295,3,2,session_T,run_2,71,left_hand,0
BNCI2014001,BNCI2014001,1296,BNCI2014001:1296,3,2,session_T,run_3,72,right_hand,1
BNCI2014001,BNCI2014001,1298,BNCI2014001:1298,3,2,session_T,run_3,73,left_hand,0
BNCI2014001,BNCI2014001,1302,BNCI2014001:1302,3,2,session_T,run_3,74,left_hand,0
BNCI2014001,BNCI2014001,1303,BNCI2014001:1303,3,2,session_T,run_3,75,left_hand,0
BNCI2014001,BNCI2014001,1305,BNCI2014001:1305,3,2,session_T,run_3,76,right_hand,1
BNCI2014001,BNCI2014001,1309,BNCI2014001:1309,3,2,session_T,run_3,77,right_hand,1
BNCI2014001,BNCI2014001,1310,BNCI2014001:1310,3,2,session_T,run_3,78,left_hand,0
BNCI2014001,BNCI2014001,1312,BNCI2014001:1312,3,2,session_T,run_3,79,right_hand,1
BNCI2014001,BNCI2014001,1314,BNCI2014001:1314,3,2,session_T,run_3,80,left_hand,0
BNCI2014001,BNCI2014001,1317,BNCI2014001:1317,3,2,session_T,run_3,81,right_hand,1
BNCI2014001,BNCI2014001,1320,BNCI2014001:1320,3,2,session_T,run_3,82,left_hand,0
BNCI2014001,BNCI2014001,1321,BNCI2014001:1321,3,2,session_T,run_3,83,right_hand,1
BNCI2014001,BNCI2014001,1322,BNCI2014001:1322,3,2,session_T,run_3,84,right_hand,1
BNCI2014001,BNCI2014001,1325,BNCI2014001:1325,3,2,session_T,run_3,85,right_hand,1
BNCI2014001,BNCI2014001,1326,BNCI2014001:1326,3,2,session_T,run_3,86,left_hand,0
BNCI2014001,BNCI2014001,1327,BNCI2014001:1327,3,2,session_T,run_3,87,left_hand,0
BNCI2014001,BNCI2014001,1329,BNCI2014001:1329,3,2,session_T,run_3,88,right_hand,1
BNCI2014001,BNCI2014001,1330,BNCI2014001:1330,3,2,session_T,run_3,89,left_hand,0
BNCI2014001,BNCI2014001,1332,BNCI2014001:1332,3,2,session_T,run_3,90,right_hand,1
BNCI2014001,BNCI2014001,1333,BNCI2014001:1333,3,2,session_T,run_3,91,right_hand,1
BNCI2014001,BNCI2014001,1335,BNCI2014001:1335,3,2,session_T,run_3,92,left_hand,0
BNCI2014001,BNCI2014001,1341,BNCI2014001:1341,3,2,session_T,run_3,93,left_hand,0
BNCI2014001,BNCI2014001,1342,BNCI2014001:1342,3,2,session_T,run_3,94,right_hand,1
BNCI2014001,BNCI2014001,1343,BNCI2014001:1343,3,2,session_T,run_3,95,left_hand,0
BNCI2014001,BNCI2014001,1344,BNCI2014001:1344,3,2,session_T,run_4,96,right_hand,1
BNCI2014001,BNCI2014001,1345,BNCI2014001:1345,3,2,session_T,run_4,97,left_hand,0
BNCI2014001,BNCI2014001,1346,BNCI2014001:1346,3,2,session_T,run_4,98,left_hand,0
BNCI2014001,BNCI2014001,1349,BNCI2014001:1349,3,2,session_T,run_4,99,right_hand,1
BNCI2014001,BNCI2014001,1352,BNCI2014001:1352,3,2,session_T,run_4,100,left_hand,0
BNCI2014001,BNCI2014001,1354,BNCI2014001:1354,3,2,session_T,run_4,101,left_hand,0
BNCI2014001,BNCI2014001,1355,BNCI2014001:1355,3,2,session_T,run_4,102,left_hand,0
BNCI2014001,BNCI2014001,1356,BNCI2014001:1356,3,2,session_T,run_4,103,right_hand,1
BNCI2014001,BNCI2014001,1359,BNCI2014001:1359,3,2,session_T,run_4,104,right_hand,1
BNCI2014001,BNCI2014001,1365,BNCI2014001:1365,3,2,session_T,run_4,105,right_hand,1
BNCI2014001,BNCI2014001,1366,BNCI2014001:1366,3,2,session_T,run_4,106,right_hand,1
BNCI2014001,BNCI2014001,1368,BNCI2014001:1368,3,2,session_T,run_4,107,left_hand,0
BNCI2014001,BNCI2014001,1369,BNCI2014001:1369,3,2,session_T,run_4,108,right_hand,1
BNCI2014001,BNCI2014001,1370,BNCI2014001:1370,3,2,session_T,run_4,109,right_hand,1
BNCI2014001,BNCI2014001,1371,BNCI2014001:1371,3,2,session_T,run_4,110,right_hand,1
BNCI2014001,BNCI2014001,1374,BNCI2014001:1374,3,2,session_T,run_4,111,left_hand,0
BNCI2014001,BNCI2014001,1376,BNCI2014001:1376,3,2,session_T,run_4,112,left_hand,0
BNCI2014001,BNCI2014001,1378,BNCI2014001:1378,3,2,session_T,run_4,113,left_hand,0
BNCI2014001,BNCI2014001,1380,BNCI2014001:1380,3,2,session_T,run_4,114,left_hand,0
BNCI2014001,BNCI2014001,1382,BNCI2014001:1382,3,2,session_T,run_4,115,left_hand,0
BNCI2014001,BNCI2014001,1383,BNCI2014001:1383,3,2,session_T,run_4,116,right_hand,1
BNCI2014001,BNCI2014001,1387,BNCI2014001:1387,3,2,session_T,run_4,117,left_hand,0
BNCI2014001,BNCI2014001,1388,BNCI2014001:1388,3,2,session_T,run_4,118,right_hand,1
BNCI2014001,BNCI2014001,1390,BNCI2014001:1390,3,2,session_T,run_4,119,right_hand,1
BNCI2014001,BNCI2014001,1393,BNCI2014001:1393,3,2,session_T,run_5,120,left_hand,0
BNCI2014001,BNCI2014001,1395,BNCI2014001:1395,3,2,session_T,run_5,121,right_hand,1
BNCI2014001,BNCI2014001,1397,BNCI2014001:1397,3,2,session_T,run_5,122,left_hand,0
BNCI2014001,BNCI2014001,1398,BNCI2014001:1398,3,2,session_T,run_5,123,left_hand,0
BNCI2014001,BNCI2014001,1401,BNCI2014001:1401,3,2,session_T,run_5,124,right_hand,1
BNCI2014001,BNCI2014001,1403,BNCI2014001:1403,3,2,session_T,run_5,125,right_hand,1
BNCI2014001,BNCI2014001,1404,BNCI2014001:1404,3,2,session_T,run_5,126,right_hand,1
BNCI2014001,BNCI2014001,1405,BNCI2014001:1405,3,2,session_T,run_5,127,left_hand,0
BNCI2014001,BNCI2014001,1406,BNCI2014001:1406,3,2,session_T,run_5,128,right_hand,1
BNCI2014001,BNCI2014001,1409,BNCI2014001:1409,3,2,session_T,run_5,129,right_hand,1
BNCI2014001,BNCI2014001,1410,BNCI2014001:1410,3,2,session_T,run_5,130,right_hand,1
BNCI2014001,BNCI2014001,1411,BNCI2014001:1411,3,2,session_T,run_5,131,right_hand,1
BNCI2014001,BNCI2014001,1412,BNCI2014001:1412,3,2,session_T,run_5,132,right_hand,1
BNCI2014001,BNCI2014001,1417,BNCI2014001:1417,3,2,session_T,run_5,133,left_hand,0
BNCI2014001,BNCI2014001,1418,BNCI2014001:1418,3,2,session_T,run_5,134,right_hand,1
BNCI2014001,BNCI2014001,1420,BNCI2014001:1420,3,2,session_T,run_5,135,right_hand,1
BNCI2014001,BNCI2014001,1421,BNCI2014001:1421,3,2,session_T,run_5,136,left_hand,0
BNCI2014001,BNCI2014001,1423,BNCI2014001:1423,3,2,session_T,run_5,137,left_hand,0
BNCI2014001,BNCI2014001,1425,BNCI2014001:1425,3,2,session_T,run_5,138,left_hand,0
BNCI2014001,BNCI2014001,1426,BNCI2014001:1426,3,2,session_T,run_5,139,left_hand,0
BNCI2014001,BNCI2014001,1427,BNCI2014001:1427,3,2,session_T,run_5,140,left_hand,0
BNCI2014001,BNCI2014001,1428,BNCI2014001:1428,3,2,session_T,run_5,141,left_hand,0
BNCI2014001,BNCI2014001,1432,BNCI2014001:1432,3,2,session_T,run_5,142,right_hand,1
BNCI2014001,BNCI2014001,1438,BNCI2014001:1438,3,2,session_T,run_5,143,left_hand,0
BNCI2014001,BNCI2014001,1730,BNCI2014001:1730,4,3,session_T,run_0,0,left_hand,0
BNCI2014001,BNCI2014001,1732,BNCI2014001:1732,4,3,session_T,run_0,1,left_hand,0
BNCI2014001,BNCI2014001,1733,BNCI2014001:1733,4,3,session_T,run_0,2,left_hand,0
BNCI2014001,BNCI2014001,1737,BNCI2014001:1737,4,3,session_T,run_0,3,right_hand,1
BNCI2014001,BNCI2014001,1739,BNCI2014001:1739,4,3,session_T,run_0,4,left_hand,0
BNCI2014001,BNCI2014001,1740,BNCI2014001:1740,4,3,session_T,run_0,5,left_hand,0
BNCI2014001,BNCI2014001,1741,BNCI2014001:1741,4,3,session_T,run_0,6,right_hand,1
BNCI2014001,BNCI2014001,1742,BNCI2014001:1742,4,3,session_T,run_0,7,right_hand,1
BNCI2014001,BNCI2014001,1743,BNCI2014001:1743,4,3,session_T,run_0,8,right_hand,1
BNCI2014001,BNCI2014001,1745,BNCI2014001:1745,4,3,session_T,run_0,9,left_hand,0
BNCI2014001,BNCI2014001,1747,BNCI2014001:1747,4,3,session_T,run_0,10,right_hand,1
BNCI2014001,BNCI2014001,1749,BNCI2014001:1749,4,3,session_T,run_0,11,right_hand,1
BNCI2014001,BNCI2014001,1750,BNCI2014001:1750,4,3,session_T,run_0,12,left_hand,0
BNCI2014001,BNCI2014001,1753,BNCI2014001:1753,4,3,session_T,run_0,13,left_hand,0
BNCI2014001,BNCI2014001,1755,BNCI2014001:1755,4,3,session_T,run_0,14,right_hand,1
BNCI2014001,BNCI2014001,1756,BNCI2014001:1756,4,3,session_T,run_0,15,right_hand,1
BNCI2014001,BNCI2014001,1758,BNCI2014001:1758,4,3,session_T,run_0,16,left_hand,0
BNCI2014001,BNCI2014001,1760,BNCI2014001:1760,4,3,session_T,run_0,17,left_hand,0
BNCI2014001,BNCI2014001,1762,BNCI2014001:1762,4,3,session_T,run_0,18,right_hand,1
BNCI2014001,BNCI2014001,1765,BNCI2014001:1765,4,3,session_T,run_0,19,right_hand,1
BNCI2014001,BNCI2014001,1766,BNCI2014001:1766,4,3,session_T,run_0,20,right_hand,1
BNCI2014001,BNCI2014001,1768,BNCI2014001:1768,4,3,session_T,run_0,21,left_hand,0
BNCI2014001,BNCI2014001,1769,BNCI2014001:1769,4,3,session_T,run_0,22,left_hand,0
BNCI2014001,BNCI2014001,1773,BNCI2014001:1773,4,3,session_T,run_0,23,right_hand,1
BNCI2014001,BNCI2014001,1777,BNCI2014001:1777,4,3,session_T,run_1,24,right_hand,1
BNCI2014001,BNCI2014001,1778,BNCI2014001:1778,4,3,session_T,run_1,25,right_hand,1
BNCI2014001,BNCI2014001,1779,BNCI2014001:1779,4,3,session_T,run_1,26,left_hand,0
BNCI2014001,BNCI2014001,1780,BNCI2014001:1780,4,3,session_T,run_1,27,right_hand,1
BNCI2014001,BNCI2014001,1783,BNCI2014001:1783,4,3,session_T,run_1,28,left_hand,0
BNCI2014001,BNCI2014001,1785,BNCI2014001:1785,4,3,session_T,run_1,29,left_hand,0
BNCI2014001,BNCI2014001,1788,BNCI2014001:1788,4,3,session_T,run_1,30,left_hand,0
BNCI2014001,BNCI2014001,1789,BNCI2014001:1789,4,3,session_T,run_1,31,right_hand,1
BNCI2014001,BNCI2014001,1792,BNCI2014001:1792,4,3,session_T,run_1,32,left_hand,0
BNCI2014001,BNCI2014001,1793,BNCI2014001:1793,4,3,session_T,run_1,33,left_hand,0
BNCI2014001,BNCI2014001,1796,BNCI2014001:1796,4,3,session_T,run_1,34,right_hand,1
BNCI2014001,BNCI2014001,1797,BNCI2014001:1797,4,3,session_T,run_1,35,left_hand,0
BNCI2014001,BNCI2014001,1799,BNCI2014001:1799,4,3,session_T,run_1,36,left_hand,0
BNCI2014001,BNCI2014001,1800,BNCI2014001:1800,4,3,session_T,run_1,37,right_hand,1
BNCI2014001,BNCI2014001,1801,BNCI2014001:1801,4,3,session_T,run_1,38,right_hand,1
BNCI2014001,BNCI2014001,1802,BNCI2014001:1802,4,3,session_T,run_1,39,left_hand,0
BNCI2014001,BNCI2014001,1803,BNCI2014001:1803,4,3,session_T,run_1,40,left_hand,0
BNCI2014001,BNCI2014001,1804,BNCI2014001:1804,4,3,session_T,run_1,41,right_hand,1
BNCI2014001,BNCI2014001,1806,BNCI2014001:1806,4,3,session_T,run_1,42,right_hand,1
BNCI2014001,BNCI2014001,1808,BNCI2014001:1808,4,3,session_T,run_1,43,right_hand,1
BNCI2014001,BNCI2014001,1812,BNCI2014001:1812,4,3,session_T,run_1,44,left_hand,0
BNCI2014001,BNCI2014001,1814,BNCI2014001:1814,4,3,session_T,run_1,45,right_hand,1
BNCI2014001,BNCI2014001,1816,BNCI2014001:1816,4,3,session_T,run_1,46,right_hand,1
BNCI2014001,BNCI2014001,1822,BNCI2014001:1822,4,3,session_T,run_1,47,left_hand,0
BNCI2014001,BNCI2014001,1824,BNCI2014001:1824,4,3,session_T,run_2,48,left_hand,0
BNCI2014001,BNCI2014001,1825,BNCI2014001:1825,4,3,session_T,run_2,49,right_hand,1
BNCI2014001,BNCI2014001,1826,BNCI2014001:1826,4,3,session_T,run_2,50,right_hand,1
BNCI2014001,BNCI2014001,1827,BNCI2014001:1827,4,3,session_T,run_2,51,left_hand,0
BNCI2014001,BNCI2014001,1828,BNCI2014001:1828,4,3,session_T,run_2,52,right_hand,1
BNCI2014001,BNCI2014001,1829,BNCI2014001:1829,4,3,session_T,run_2,53,left_hand,0
BNCI2014001,BNCI2014001,1830,BNCI2014001:1830,4,3,session_T,run_2,54,right_hand,1
BNCI2014001,BNCI2014001,1832,BNCI2014001:1832,4,3,session_T,run_2,55,right_hand,1
BNCI2014001,BNCI2014001,1834,BNCI2014001:1834,4,3,session_T,run_2,56,left_hand,0
BNCI2014001,BNCI2014001,1836,BNCI2014001:1836,4,3,session_T,run_2,57,right_hand,1
BNCI2014001,BNCI2014001,1837,BNCI2014001:1837,4,3,session_T,run_2,58,left_hand,0
BNCI2014001,BNCI2014001,1843,BNCI2014001:1843,4,3,session_T,run_2,59,left_hand,0
BNCI2014001,BNCI2014001,1845,BNCI2014001:1845,4,3,session_T,run_2,60,right_hand,1
BNCI2014001,BNCI2014001,1846,BNCI2014001:1846,4,3,session_T,run_2,61,left_hand,0
BNCI2014001,BNCI2014001,1847,BNCI2014001:1847,4,3,session_T,run_2,62,left_hand,0
BNCI2014001,BNCI2014001,1850,BNCI2014001:1850,4,3,session_T,run_2,63,left_hand,0
BNCI2014001,BNCI2014001,1854,BNCI2014001:1854,4,3,session_T,run_2,64,left_hand,0
BNCI2014001,BNCI2014001,1855,BNCI2014001:1855,4,3,session_T,run_2,65,right_hand,1
BNCI2014001,BNCI2014001,1856,BNCI2014001:1856,4,3,session_T,run_2,66,left_hand,0
BNCI2014001,BNCI2014001,1857,BNCI2014001:1857,4,3,session_T,run_2,67,right_hand,1
BNCI2014001,BNCI2014001,1858,BNCI2014001:1858,4,3,session_T,run_2,68,right_hand,1
BNCI2014001,BNCI2014001,1859,BNCI2014001:1859,4,3,session_T,run_2,69,left_hand,0
BNCI2014001,BNCI2014001,1860,BNCI2014001:1860,4,3,session_T,run_2,70,right_hand,1
BNCI2014001,BNCI2014001,1862,BNCI2014001:1862,4,3,session_T,run_2,71,right_hand,1
BNCI2014001,BNCI2014001,1874,BNCI2014001:1874,4,3,session_T,run_3,72,right_hand,1
BNCI2014001,BNCI2014001,1875,BNCI2014001:1875,4,3,session_T,run_3,73,left_hand,0
BNCI2014001,BNCI2014001,1876,BNCI2014001:1876,4,3,session_T,run_3,74,left_hand,0
BNCI2014001,BNCI2014001,1877,BNCI2014001:1877,4,3,session_T,run_3,75,right_hand,1
BNCI2014001,BNCI2014001,1880,BNCI2014001:1880,4,3,session_T,run_3,76,right_hand,1
BNCI2014001,BNCI2014001,1882,BNCI2014001:1882,4,3,session_T,run_3,77,left_hand,0
BNCI2014001,BNCI2014001,1883,BNCI2014001:1883,4,3,session_T,run_3,78,left_hand,0
BNCI2014001,BNCI2014001,1884,BNCI2014001:1884,4,3,session_T,run_3,79,left_hand,0
BNCI2014001,BNCI2014001,1886,BNCI2014001:1886,4,3,session_T,run_3,80,right_hand,1
BNCI2014001,BNCI2014001,1887,BNCI2014001:1887,4,3,session_T,run_3,81,right_hand,1
BNCI2014001,BNCI2014001,1888,BNCI2014001:1888,4,3,session_T,run_3,82,left_hand,0
BNCI2014001,BNCI2014001,1889,BNCI2014001:1889,4,3,session_T,run_3,83,left_hand,0
BNCI2014001,BNCI2014001,1891,BNCI2014001:1891,4,3,session_T,run_3,84,left_hand,0
BNCI2014001,BNCI2014001,1892,BNCI2014001:1892,4,3,session_T,run_3,85,right_hand,1
BNCI2014001,BNCI2014001,1896,BNCI2014001:1896,4,3,session_T,run_3,86,left_hand,0
BNCI2014001,BNCI2014001,1899,BNCI2014001:1899,4,3,session_T,run_3,87,right_hand,1
BNCI2014001,BNCI2014001,1902,BNCI2014001:1902,4,3,session_T,run_3,88,right_hand,1
BNCI2014001,BNCI2014001,1903,BNCI2014001:1903,4,3,session_T,run_3,89,left_hand,0
BNCI2014001,BNCI2014001,1904,BNCI2014001:1904,4,3,session_T,run_3,90,right_hand,1
BNCI2014001,BNCI2014001,1910,BNCI2014001:1910,4,3,session_T,run_3,91,left_hand,0
BNCI2014001,BNCI2014001,1912,BNCI2014001:1912,4,3,session_T,run_3,92,right_hand,1
BNCI2014001,BNCI2014001,1914,BNCI2014001:1914,4,3,session_T,run_3,93,right_hand,1
BNCI2014001,BNCI2014001,1917,BNCI2014001:1917,4,3,session_T,run_3,94,right_hand,1
BNCI2014001,BNCI2014001,1919,BNCI2014001:1919,4,3,session_T,run_3,95,left_hand,0
BNCI2014001,BNCI2014001,1920,BNCI2014001:1920,4,3,session_T,run_4,96,left_hand,0
BNCI2014001,BNCI2014001,1921,BNCI2014001:1921,4,3,session_T,run_4,97,left_hand,0
BNCI2014001,BNCI2014001,1923,BNCI2014001:1923,4,3,session_T,run_4,98,right_hand,1
BNCI2014001,BNCI2014001,1924,BNCI2014001:1924,4,3,session_T,run_4,99,left_hand,0
BNCI2014001,BNCI2014001,1926,BNCI2014001:1926,4,3,session_T,run_4,100,left_hand,0
BNCI2014001,BNCI2014001,1928,BNCI2014001:1928,4,3,session_T,run_4,101,right_hand,1
BNCI2014001,BNCI2014001,1930,BNCI2014001:1930,4,3,session_T,run_4,102,left_hand,0
BNCI2014001,BNCI2014001,1933,BNCI2014001:1933,4,3,session_T,run_4,103,left_hand,0
BNCI2014001,BNCI2014001,1935,BNCI2014001:1935,4,3,session_T,run_4,104,right_hand,1
BNCI2014001,BNCI2014001,1940,BNCI2014001:1940,4,3,session_T,run_4,105,left_hand,0
BNCI2014001,BNCI2014001,1942,BNCI2014001:1942,4,3,session_T,run_4,106,right_hand,1
BNCI2014001,BNCI2014001,1944,BNCI2014001:1944,4,3,session_T,run_4,107,right_hand,1
BNCI2014001,BNCI2014001,1945,BNCI2014001:1945,4,3,session_T,run_4,108,left_hand,0
BNCI2014001,BNCI2014001,1947,BNCI2014001:1947,4,3,session_T,run_4,109,right_hand,1
BNCI2014001,BNCI2014001,1948,BNCI2014001:1948,4,3,session_T,run_4,110,left_hand,0
BNCI2014001,BNCI2014001,1951,BNCI2014001:1951,4,3,session_T,run_4,111,left_hand,0
BNCI2014001,BNCI2014001,1955,BNCI2014001:1955,4,3,session_T,run_4,112,right_hand,1
BNCI2014001,BNCI2014001,1956,BNCI2014001:1956,4,3,session_T,run_4,113,left_hand,0
BNCI2014001,BNCI2014001,1957,BNCI2014001:1957,4,3,session_T,run_4,114,right_hand,1
BNCI2014001,BNCI2014001,1959,BNCI2014001:1959,4,3,session_T,run_4,115,right_hand,1
BNCI2014001,BNCI2014001,1962,BNCI2014001:1962,4,3,session_T,run_4,116,right_hand,1
BNCI2014001,BNCI2014001,1963,BNCI2014001:1963,4,3,session_T,run_4,117,right_hand,1
BNCI2014001,BNCI2014001,1964,BNCI2014001:1964,4,3,session_T,run_4,118,right_hand,1
BNCI2014001,BNCI2014001,1967,BNCI2014001:1967,4,3,session_T,run_4,119,left_hand,0
BNCI2014001,BNCI2014001,1968,BNCI2014001:1968,4,3,session_T,run_5,120,right_hand,1
BNCI2014001,BNCI2014001,1970,BNCI2014001:1970,4,3,session_T,run_5,121,left_hand,0
BNCI2014001,BNCI2014001,1974,BNCI2014001:1974,4,3,session_T,run_5,122,left_hand,0
BNCI2014001,BNCI2014001,1975,BNCI2014001:1975,4,3,session_T,run_5,123,left_hand,0
BNCI2014001,BNCI2014001,1977,BNCI2014001:1977,4,3,session_T,run_5,124,right_hand,1
BNCI2014001,BNCI2014001,1981,BNCI2014001:1981,4,3,session_T,run_5,125,right_hand,1
BNCI2014001,BNCI2014001,1982,BNCI2014001:1982,4,3,session_T,run_5,126,left_hand,0
BNCI2014001,BNCI2014001,1984,BNCI2014001:1984,4,3,session_T,run_5,127,right_hand,1
BNCI2014001,BNCI2014001,1986,BNCI2014001:1986,4,3,session_T,run_5,128,left_hand,0
BNCI2014001,BNCI2014001,1989,BNCI2014001:1989,4,3,session_T,run_5,129,right_hand,1
BNCI2014001,BNCI2014001,1992,BNCI2014001:1992,4,3,session_T,run_5,130,left_hand,0
BNCI2014001,BNCI2014001,1993,BNCI2014001:1993,4,3,session_T,run_5,131,right_hand,1
BNCI2014001,BNCI2014001,1994,BNCI2014001:1994,4,3,session_T,run_5,132,right_hand,1
BNCI2014001,BNCI2014001,1997,BNCI2014001:1997,4,3,session_T,run_5,133,right_hand,1
BNCI2014001,BNCI2014001,1998,BNCI2014001:1998,4,3,session_T,run_5,134,left_hand,0
BNCI2014001,BNCI2014001,1999,BNCI2014001:1999,4,3,session_T,run_5,135,left_hand,0
BNCI2014001,BNCI2014001,2001,BNCI2014001:2001,4,3,session_T,run_5,136,right_hand,1
BNCI2014001,BNCI2014001,2002,BNCI2014001:2002,4,3,session_T,run_5,137,left_hand,0
BNCI2014001,BNCI2014001,2004,BNCI2014001:2004,4,3,session_T,run_5,138,right_hand,1
BNCI2014001,BNCI2014001,2005,BNCI2014001:2005,4,3,session_T,run_5,139,right_hand,1
BNCI2014001,BNCI2014001,2007,BNCI2014001:2007,4,3,session_T,run_5,140,left_hand,0
BNCI2014001,BNCI2014001,2013,BNCI2014001:2013,4,3,session_T,run_5,141,left_hand,0
BNCI2014001,BNCI2014001,2014,BNCI2014001:2014,4,3,session_T,run_5,142,right_hand,1
BNCI2014001,BNCI2014001,2015,BNCI2014001:2015,4,3,session_T,run_5,143,left_hand,0
BNCI2014001,BNCI2014001,2304,BNCI2014001:2304,5,4,session_T,run_0,0,left_hand,0
BNCI2014001,BNCI2014001,2305,BNCI2014001:2305,5,4,session_T,run_0,1,right_hand,1
BNCI2014001,BNCI2014001,2306,BNCI2014001:2306,5,4,session_T,run_0,2,right_hand,1
BNCI2014001,BNCI2014001,2307,BNCI2014001:2307,5,4,session_T,run_0,3,left_hand,0
BNCI2014001,BNCI2014001,2308,BNCI2014001:2308,5,4,session_T,run_0,4,right_hand,1
BNCI2014001,BNCI2014001,2309,BNCI2014001:2309,5,4,session_T,run_0,5,left_hand,0
BNCI2014001,BNCI2014001,2310,BNCI2014001:2310,5,4,session_T,run_0,6,right_hand,1
BNCI2014001,BNCI2014001,2312,BNCI2014001:2312,5,4,session_T,run_0,7,right_hand,1
BNCI2014001,BNCI2014001,2314,BNCI2014001:2314,5,4,session_T,run_0,8,left_hand,0
BNCI2014001,BNCI2014001,2316,BNCI2014001:2316,5,4,session_T,run_0,9,right_hand,1
BNCI2014001,BNCI2014001,2317,BNCI2014001:2317,5,4,session_T,run_0,10,left_hand,0
BNCI2014001,BNCI2014001,2323,BNCI2014001:2323,5,4,session_T,run_0,11,left_hand,0
BNCI2014001,BNCI2014001,2325,BNCI2014001:2325,5,4,session_T,run_0,12,right_hand,1
BNCI2014001,BNCI2014001,2326,BNCI2014001:2326,5,4,session_T,run_0,13,left_hand,0
BNCI2014001,BNCI2014001,2327,BNCI2014001:2327,5,4,session_T,run_0,14,left_hand,0
BNCI2014001,BNCI2014001,2330,BNCI2014001:2330,5,4,session_T,run_0,15,left_hand,0
BNCI2014001,BNCI2014001,2334,BNCI2014001:2334,5,4,session_T,run_0,16,left_hand,0
BNCI2014001,BNCI2014001,2335,BNCI2014001:2335,5,4,session_T,run_0,17,right_hand,1
BNCI2014001,BNCI2014001,2336,BNCI2014001:2336,5,4,session_T,run_0,18,left_hand,0
BNCI2014001,BNCI2014001,2337,BNCI2014001:2337,5,4,session_T,run_0,19,right_hand,1
BNCI2014001,BNCI2014001,2338,BNCI2014001:2338,5,4,session_T,run_0,20,right_hand,1
BNCI2014001,BNCI2014001,2339,BNCI2014001:2339,5,4,session_T,run_0,21,left_hand,0
BNCI2014001,BNCI2014001,2340,BNCI2014001:2340,5,4,session_T,run_0,22,right_hand,1
BNCI2014001,BNCI2014001,2342,BNCI2014001:2342,5,4,session_T,run_0,23,right_hand,1
BNCI2014001,BNCI2014001,2354,BNCI2014001:2354,5,4,session_T,run_1,24,right_hand,1
BNCI2014001,BNCI2014001,2355,BNCI2014001:2355,5,4,session_T,run_1,25,left_hand,0
BNCI2014001,BNCI2014001,2356,BNCI2014001:2356,5,4,session_T,run_1,26,left_hand,0
BNCI2014001,BNCI2014001,2357,BNCI2014001:2357,5,4,session_T,run_1,27,right_hand,1
BNCI2014001,BNCI2014001,2360,BNCI2014001:2360,5,4,session_T,run_1,28,right_hand,1
BNCI2014001,BNCI2014001,2362,BNCI2014001:2362,5,4,session_T,run_1,29,left_hand,0
BNCI2014001,BNCI2014001,2363,BNCI2014001:2363,5,4,session_T,run_1,30,left_hand,0
BNCI2014001,BNCI2014001,2364,BNCI2014001:2364,5,4,session_T,run_1,31,left_hand,0
BNCI2014001,BNCI2014001,2366,BNCI2014001:2366,5,4,session_T,run_1,32,right_hand,1
BNCI2014001,BNCI2014001,2367,BNCI2014001:2367,5,4,session_T,run_1,33,right_hand,1
BNCI2014001,BNCI2014001,2368,BNCI2014001:2368,5,4,session_T,run_1,34,left_hand,0
BNCI2014001,BNCI2014001,2369,BNCI2014001:2369,5,4,session_T,run_1,35,left_hand,0
BNCI2014001,BNCI2014001,2371,BNCI2014001:2371,5,4,session_T,run_1,36,left_hand,0
BNCI2014001,BNCI2014001,2372,BNCI2014001:2372,5,4,session_T,run_1,37,right_hand,1
BNCI2014001,BNCI2014001,2376,BNCI2014001:2376,5,4,session_T,run_1,38,left_hand,0
BNCI2014001,BNCI2014001,2379,BNCI2014001:2379,5,4,session_T,run_1,39,right_hand,1
BNCI2014001,BNCI2014001,2382,BNCI2014001:2382,5,4,session_T,run_1,40,right_hand,1
BNCI2014001,BNCI2014001,2383,BNCI2014001:2383,5,4,session_T,run_1,41,left_hand,0
BNCI2014001,BNCI2014001,2384,BNCI2014001:2384,5,4,session_T,run_1,42,right_hand,1
BNCI2014001,BNCI2014001,2390,BNCI2014001:2390,5,4,session_T,run_1,43,left_hand,0
BNCI2014001,BNCI2014001,2392,BNCI2014001:2392,5,4,session_T,run_1,44,right_hand,1
BNCI2014001,BNCI2014001,2394,BNCI2014001:2394,5,4,session_T,run_1,45,right_hand,1
BNCI2014001,BNCI2014001,2397,BNCI2014001:2397,5,4,session_T,run_1,46,right_hand,1
BNCI2014001,BNCI2014001,2399,BNCI2014001:2399,5,4,session_T,run_1,47,left_hand,0
BNCI2014001,BNCI2014001,2400,BNCI2014001:2400,5,4,session_T,run_2,48,left_hand,0
BNCI2014001,BNCI2014001,2401,BNCI2014001:2401,5,4,session_T,run_2,49,left_hand,0
BNCI2014001,BNCI2014001,2403,BNCI2014001:2403,5,4,session_T,run_2,50,right_hand,1
BNCI2014001,BNCI2014001,2404,BNCI2014001:2404,5,4,session_T,run_2,51,left_hand,0
BNCI2014001,BNCI2014001,2406,BNCI2014001:2406,5,4,session_T,run_2,52,left_hand,0
BNCI2014001,BNCI2014001,2408,BNCI2014001:2408,5,4,session_T,run_2,53,right_hand,1
BNCI2014001,BNCI2014001,2410,BNCI2014001:2410,5,4,session_T,run_2,54,left_hand,0
BNCI2014001,BNCI2014001,2413,BNCI2014001:2413,5,4,session_T,run_2,55,left_hand,0
BNCI2014001,BNCI2014001,2415,BNCI2014001:2415,5,4,session_T,run_2,56,right_hand,1
BNCI2014001,BNCI2014001,2420,BNCI2014001:2420,5,4,session_T,run_2,57,left_hand,0
BNCI2014001,BNCI2014001,2422,BNCI2014001:2422,5,4,session_T,run_2,58,right_hand,1
BNCI2014001,BNCI2014001,2424,BNCI2014001:2424,5,4,session_T,run_2,59,right_hand,1
BNCI2014001,BNCI2014001,2425,BNCI2014001:2425,5,4,session_T,run_2,60,left_hand,0
BNCI2014001,BNCI2014001,2427,BNCI2014001:2427,5,4,session_T,run_2,61,right_hand,1
BNCI2014001,BNCI2014001,2428,BNCI2014001:2428,5,4,session_T,run_2,62,left_hand,0
BNCI2014001,BNCI2014001,2431,BNCI2014001:2431,5,4,session_T,run_2,63,left_hand,0
BNCI2014001,BNCI2014001,2435,BNCI2014001:2435,5,4,session_T,run_2,64,right_hand,1
BNCI2014001,BNCI2014001,2436,BNCI2014001:2436,5,4,session_T,run_2,65,left_hand,0
BNCI2014001,BNCI2014001,2437,BNCI2014001:2437,5,4,session_T,run_2,66,right_hand,1
BNCI2014001,BNCI2014001,2439,BNCI2014001:2439,5,4,session_T,run_2,67,right_hand,1
BNCI2014001,BNCI2014001,2442,BNCI2014001:2442,5,4,session_T,run_2,68,right_hand,1
BNCI2014001,BNCI2014001,2443,BNCI2014001:2443,5,4,session_T,run_2,69,right_hand,1
BNCI2014001,BNCI2014001,2444,BNCI2014001:2444,5,4,session_T,run_2,70,right_hand,1
BNCI2014001,BNCI2014001,2447,BNCI2014001:2447,5,4,session_T,run_2,71,left_hand,0
BNCI2014001,BNCI2014001,2448,BNCI2014001:2448,5,4,session_T,run_3,72,right_hand,1
BNCI2014001,BNCI2014001,2450,BNCI2014001:2450,5,4,session_T,run_3,73,left_hand,0
BNCI2014001,BNCI2014001,2454,BNCI2014001:2454,5,4,session_T,run_3,74,left_hand,0
BNCI2014001,BNCI2014001,2455,BNCI2014001:2455,5,4,session_T,run_3,75,left_hand,0
BNCI2014001,BNCI2014001,2457,BNCI2014001:2457,5,4,session_T,run_3,76,right_hand,1
BNCI2014001,BNCI2014001,2461,BNCI2014001:2461,5,4,session_T,run_3,77,right_hand,1
BNCI2014001,BNCI2014001,2462,BNCI2014001:2462,5,4,session_T,run_3,78,left_hand,0
BNCI2014001,BNCI2014001,2464,BNCI2014001:2464,5,4,session_T,run_3,79,right_hand,1
BNCI2014001,BNCI2014001,2466,BNCI2014001:2466,5,4,session_T,run_3,80,left_hand,0
BNCI2014001,BNCI2014001,2469,BNCI2014001:2469,5,4,session_T,run_3,81,right_hand,1
BNCI2014001,BNCI2014001,2472,BNCI2014001:2472,5,4,session_T,run_3,82,left_hand,0
BNCI2014001,BNCI2014001,2473,BNCI2014001:2473,5,4,session_T,run_3,83,right_hand,1
BNCI2014001,BNCI2014001,2474,BNCI2014001:2474,5,4,session_T,run_3,84,right_hand,1
BNCI2014001,BNCI2014001,2477,BNCI2014001:2477,5,4,session_T,run_3,85,right_hand,1
BNCI2014001,BNCI2014001,2478,BNCI2014001:2478,5,4,session_T,run_3,86,left_hand,0
BNCI2014001,BNCI2014001,2479,BNCI2014001:2479,5,4,session_T,run_3,87,left_hand,0
BNCI2014001,BNCI2014001,2481,BNCI2014001:2481,5,4,session_T,run_3,88,right_hand,1
BNCI2014001,BNCI2014001,2482,BNCI2014001:2482,5,4,session_T,run_3,89,left_hand,0
BNCI2014001,BNCI2014001,2484,BNCI2014001:2484,5,4,session_T,run_3,90,right_hand,1
BNCI2014001,BNCI2014001,2485,BNCI2014001:2485,5,4,session_T,run_3,91,right_hand,1
BNCI2014001,BNCI2014001,2487,BNCI2014001:2487,5,4,session_T,run_3,92,left_hand,0
BNCI2014001,BNCI2014001,2493,BNCI2014001:2493,5,4,session_T,run_3,93,left_hand,0
BNCI2014001,BNCI2014001,2494,BNCI2014001:2494,5,4,session_T,run_3,94,right_hand,1
BNCI2014001,BNCI2014001,2495,BNCI2014001:2495,5,4,session_T,run_3,95,left_hand,0
BNCI2014001,BNCI2014001,2496,BNCI2014001:2496,5,4,session_T,run_4,96,right_hand,1
BNCI2014001,BNCI2014001,2497,BNCI2014001:2497,5,4,session_T,run_4,97,left_hand,0
BNCI2014001,BNCI2014001,2498,BNCI2014001:2498,5,4,session_T,run_4,98,left_hand,0
BNCI2014001,BNCI2014001,2501,BNCI2014001:2501,5,4,session_T,run_4,99,right_hand,1
BNCI2014001,BNCI2014001,2504,BNCI2014001:2504,5,4,session_T,run_4,100,left_hand,0
BNCI2014001,BNCI2014001,2506,BNCI2014001:2506,5,4,session_T,run_4,101,left_hand,0
BNCI2014001,BNCI2014001,2507,BNCI2014001:2507,5,4,session_T,run_4,102,left_hand,0
BNCI2014001,BNCI2014001,2508,BNCI2014001:2508,5,4,session_T,run_4,103,right_hand,1
BNCI2014001,BNCI2014001,2511,BNCI2014001:2511,5,4,session_T,run_4,104,right_hand,1
BNCI2014001,BNCI2014001,2517,BNCI2014001:2517,5,4,session_T,run_4,105,right_hand,1
BNCI2014001,BNCI2014001,2518,BNCI2014001:2518,5,4,session_T,run_4,106,right_hand,1
BNCI2014001,BNCI2014001,2520,BNCI2014001:2520,5,4,session_T,run_4,107,left_hand,0
BNCI2014001,BNCI2014001,2521,BNCI2014001:2521,5,4,session_T,run_4,108,right_hand,1
BNCI2014001,BNCI2014001,2522,BNCI2014001:2522,5,4,session_T,run_4,109,right_hand,1
BNCI2014001,BNCI2014001,2523,BNCI2014001:2523,5,4,session_T,run_4,110,right_hand,1
BNCI2014001,BNCI2014001,2526,BNCI2014001:2526,5,4,session_T,run_4,111,left_hand,0
BNCI2014001,BNCI2014001,2528,BNCI2014001:2528,5,4,session_T,run_4,112,left_hand,0
BNCI2014001,BNCI2014001,2530,BNCI2014001:2530,5,4,session_T,run_4,113,left_hand,0
BNCI2014001,BNCI2014001,2532,BNCI2014001:2532,5,4,session_T,run_4,114,left_hand,0
BNCI2014001,BNCI2014001,2534,BNCI2014001:2534,5,4,session_T,run_4,115,left_hand,0
BNCI2014001,BNCI2014001,2535,BNCI2014001:2535,5,4,session_T,run_4,116,right_hand,1
BNCI2014001,BNCI2014001,2539,BNCI2014001:2539,5,4,session_T,run_4,117,left_hand,0
BNCI2014001,BNCI2014001,2540,BNCI2014001:2540,5,4,session_T,run_4,118,right_hand,1
BNCI2014001,BNCI2014001,2542,BNCI2014001:2542,5,4,session_T,run_4,119,right_hand,1
BNCI2014001,BNCI2014001,2545,BNCI2014001:2545,5,4,session_T,run_5,120,left_hand,0
BNCI2014001,BNCI2014001,2547,BNCI2014001:2547,5,4,session_T,run_5,121,right_hand,1
BNCI2014001,BNCI2014001,2549,BNCI2014001:2549,5,4,session_T,run_5,122,left_hand,0
BNCI2014001,BNCI2014001,2550,BNCI2014001:2550,5,4,session_T,run_5,123,left_hand,0
BNCI2014001,BNCI2014001,2553,BNCI2014001:2553,5,4,session_T,run_5,124,right_hand,1
BNCI2014001,BNCI2014001,2555,BNCI2014001:2555,5,4,session_T,run_5,125,right_hand,1
BNCI2014001,BNCI2014001,2556,BNCI2014001:2556,5,4,session_T,run_5,126,right_hand,1
BNCI2014001,BNCI2014001,2557,BNCI2014001:2557,5,4,session_T,run_5,127,left_hand,0
BNCI2014001,BNCI2014001,2558,BNCI2014001:2558,5,4,session_T,run_5,128,right_hand,1
BNCI2014001,BNCI2014001,2561,BNCI2014001:2561,5,4,session_T,run_5,129,right_hand,1
BNCI2014001,BNCI2014001,2562,BNCI2014001:2562,5,4,session_T,run_5,130,right_hand,1
BNCI2014001,BNCI2014001,2563,BNCI2014001:2563,5,4,session_T,run_5,131,right_hand,1
BNCI2014001,BNCI2014001,2564,BNCI2014001:2564,5,4,session_T,run_5,132,right_hand,1
BNCI2014001,BNCI2014001,2569,BNCI2014001:2569,5,4,session_T,run_5,133,left_hand,0
BNCI2014001,BNCI2014001,2570,BNCI2014001:2570,5,4,session_T,run_5,134,right_hand,1
BNCI2014001,BNCI2014001,2572,BNCI2014001:2572,5,4,session_T,run_5,135,right_hand,1
BNCI2014001,BNCI2014001,2573,BNCI2014001:2573,5,4,session_T,run_5,136,left_hand,0
BNCI2014001,BNCI2014001,2575,BNCI2014001:2575,5,4,session_T,run_5,137,left_hand,0
BNCI2014001,BNCI2014001,2577,BNCI2014001:2577,5,4,session_T,run_5,138,left_hand,0
BNCI2014001,BNCI2014001,2578,BNCI2014001:2578,5,4,session_T,run_5,139,left_hand,0
BNCI2014001,BNCI2014001,2579,BNCI2014001:2579,5,4,session_T,run_5,140,left_hand,0
BNCI2014001,BNCI2014001,2580,BNCI2014001:2580,5,4,session_T,run_5,141,left_hand,0
BNCI2014001,BNCI2014001,2584,BNCI2014001:2584,5,4,session_T,run_5,142,right_hand,1
BNCI2014001,BNCI2014001,2590,BNCI2014001:2590,5,4,session_T,run_5,143,left_hand,0
BNCI2014001,BNCI2014001,2881,BNCI2014001:2881,6,5,session_T,run_0,0,right_hand,1
BNCI2014001,BNCI2014001,2882,BNCI2014001:2882,6,5,session_T,run_0,1,right_hand,1
BNCI2014001,BNCI2014001,2883,BNCI2014001:2883,6,5,session_T,run_0,2,left_hand,0
BNCI2014001,BNCI2014001,2887,BNCI2014001:2887,6,5,session_T,run_0,3,right_hand,1
BNCI2014001,BNCI2014001,2889,BNCI2014001:2889,6,5,session_T,run_0,4,left_hand,0
BNCI2014001,BNCI2014001,2890,BNCI2014001:2890,6,5,session_T,run_0,5,left_hand,0
BNCI2014001,BNCI2014001,2891,BNCI2014001:2891,6,5,session_T,run_0,6,right_hand,1
BNCI2014001,BNCI2014001,2894,BNCI2014001:2894,6,5,session_T,run_0,7,right_hand,1
BNCI2014001,BNCI2014001,2899,BNCI2014001:2899,6,5,session_T,run_0,8,left_hand,0
BNCI2014001,BNCI2014001,2901,BNCI2014001:2901,6,5,session_T,run_0,9,left_hand,0
BNCI2014001,BNCI2014001,2904,BNCI2014001:2904,6,5,session_T,run_0,10,left_hand,0
BNCI2014001,BNCI2014001,2905,BNCI2014001:2905,6,5,session_T,run_0,11,left_hand,0
BNCI2014001,BNCI2014001,2906,BNCI2014001:2906,6,5,session_T,run_0,12,right_hand,1
BNCI2014001,BNCI2014001,2907,BNCI2014001:2907,6,5,session_T,run_0,13,right_hand,1
BNCI2014001,BNCI2014001,2908,BNCI2014001:2908,6,5,session_T,run_0,14,left_hand,0
BNCI2014001,BNCI2014001,2910,BNCI2014001:2910,6,5,session_T,run_0,15,right_hand,1
BNCI2014001,BNCI2014001,2913,BNCI2014001:2913,6,5,session_T,run_0,16,left_hand,0
BNCI2014001,BNCI2014001,2915,BNCI2014001:2915,6,5,session_T,run_0,17,left_hand,0
BNCI2014001,BNCI2014001,2917,BNCI2014001:2917,6,5,session_T,run_0,18,right_hand,1
BNCI2014001,BNCI2014001,2920,BNCI2014001:2920,6,5,session_T,run_0,19,right_hand,1
BNCI2014001,BNCI2014001,2922,BNCI2014001:2922,6,5,session_T,run_0,20,right_hand,1
BNCI2014001,BNCI2014001,2924,BNCI2014001:2924,6,5,session_T,run_0,21,left_hand,0
BNCI2014001,BNCI2014001,2925,BNCI2014001:2925,6,5,session_T,run_0,22,right_hand,1
BNCI2014001,BNCI2014001,2927,BNCI2014001:2927,6,5,session_T,run_0,23,left_hand,0
BNCI2014001,BNCI2014001,2929,BNCI2014001:2929,6,5,session_T,run_1,24,left_hand,0
BNCI2014001,BNCI2014001,2930,BNCI2014001:2930,6,5,session_T,run_1,25,left_hand,0
BNCI2014001,BNCI2014001,2932,BNCI2014001:2932,6,5,session_T,run_1,26,left_hand,0
BNCI2014001,BNCI2014001,2935,BNCI2014001:2935,6,5,session_T,run_1,27,right_hand,1
BNCI2014001,BNCI2014001,2937,BNCI2014001:2937,6,5,session_T,run_1,28,right_hand,1
BNCI2014001,BNCI2014001,2940,BNCI2014001:2940,6,5,session_T,run_1,29,left_hand,0
BNCI2014001,BNCI2014001,2941,BNCI2014001:2941,6,5,session_T,run_1,30,right_hand,1
BNCI2014001,BNCI2014001,2943,BNCI2014001:2943,6,5,session_T,run_1,31,left_hand,0
BNCI2014001,BNCI2014001,2944,BNCI2014001:2944,6,5,session_T,run_1,32,left_hand,0
BNCI2014001,BNCI2014001,2947,BNCI2014001:2947,6,5,session_T,run_1,33,right_hand,1
BNCI2014001,BNCI2014001,2948,BNCI2014001:2948,6,5,session_T,run_1,34,left_hand,0
BNCI2014001,BNCI2014001,2956,BNCI2014001:2956,6,5,session_T,run_1,35,left_hand,0
BNCI2014001,BNCI2014001,2957,BNCI2014001:2957,6,5,session_T,run_1,36,right_hand,1
BNCI2014001,BNCI2014001,2958,BNCI2014001:2958,6,5,session_T,run_1,37,right_hand,1
BNCI2014001,BNCI2014001,2959,BNCI2014001:2959,6,5,session_T,run_1,38,right_hand,1
BNCI2014001,BNCI2014001,2962,BNCI2014001:2962,6,5,session_T,run_1,39,right_hand,1
BNCI2014001,BNCI2014001,2964,BNCI2014001:2964,6,5,session_T,run_1,40,left_hand,0
BNCI2014001,BNCI2014001,2967,BNCI2014001:2967,6,5,session_T,run_1,41,right_hand,1
BNCI2014001,BNCI2014001,2968,BNCI2014001:2968,6,5,session_T,run_1,42,right_hand,1
BNCI2014001,BNCI2014001,2969,BNCI2014001:2969,6,5,session_T,run_1,43,left_hand,0
BNCI2014001,BNCI2014001,2970,BNCI2014001:2970,6,5,session_T,run_1,44,right_hand,1
BNCI2014001,BNCI2014001,2971,BNCI2014001:2971,6,5,session_T,run_1,45,left_hand,0
BNCI2014001,BNCI2014001,2972,BNCI2014001:2972,6,5,session_T,run_1,46,left_hand,0
BNCI2014001,BNCI2014001,2975,BNCI2014001:2975,6,5,session_T,run_1,47,right_hand,1
BNCI2014001,BNCI2014001,2976,BNCI2014001:2976,6,5,session_T,run_2,48,right_hand,1
BNCI2014001,BNCI2014001,2978,BNCI2014001:2978,6,5,session_T,run_2,49,left_hand,0
BNCI2014001,BNCI2014001,2980,BNCI2014001:2980,6,5,session_T,run_2,50,right_hand,1
BNCI2014001,BNCI2014001,2982,BNCI2014001:2982,6,5,session_T,run_2,51,left_hand,0
BNCI2014001,BNCI2014001,2983,BNCI2014001:2983,6,5,session_T,run_2,52,right_hand,1
BNCI2014001,BNCI2014001,2986,BNCI2014001:2986,6,5,session_T,run_2,53,right_hand,1
BNCI2014001,BNCI2014001,2988,BNCI2014001:2988,6,5,session_T,run_2,54,right_hand,1
BNCI2014001,BNCI2014001,2989,BNCI2014001:2989,6,5,session_T,run_2,55,left_hand,0
BNCI2014001,BNCI2014001,2990,BNCI2014001:2990,6,5,session_T,run_2,56,left_hand,0
BNCI2014001,BNCI2014001,2991,BNCI2014001:2991,6,5,session_T,run_2,57,right_hand,1
BNCI2014001,BNCI2014001,2993,BNCI2014001:2993,6,5,session_T,run_2,58,left_hand,0
BNCI2014001,BNCI2014001,2995,BNCI2014001:2995,6,5,session_T,run_2,59,right_hand,1
BNCI2014001,BNCI2014001,2996,BNCI2014001:2996,6,5,session_T,run_2,60,left_hand,0
BNCI2014001,BNCI2014001,2999,BNCI2014001:2999,6,5,session_T,run_2,61,left_hand,0
BNCI2014001,BNCI2014001,3000,BNCI2014001:3000,6,5,session_T,run_2,62,right_hand,1
BNCI2014001,BNCI2014001,3006,BNCI2014001:3006,6,5,session_T,run_2,63,left_hand,0
BNCI2014001,BNCI2014001,3010,BNCI2014001:3010,6,5,session_T,run_2,64,left_hand,0
BNCI2014001,BNCI2014001,3012,BNCI2014001:3012,6,5,session_T,run_2,65,left_hand,0
BNCI2014001,BNCI2014001,3014,BNCI2014001:3014,6,5,session_T,run_2,66,left_hand,0
BNCI2014001,BNCI2014001,3015,BNCI2014001:3015,6,5,session_T,run_2,67,right_hand,1
BNCI2014001,BNCI2014001,3017,BNCI2014001:3017,6,5,session_T,run_2,68,right_hand,1
BNCI2014001,BNCI2014001,3018,BNCI2014001:3018,6,5,session_T,run_2,69,left_hand,0
BNCI2014001,BNCI2014001,3019,BNCI2014001:3019,6,5,session_T,run_2,70,right_hand,1
BNCI2014001,BNCI2014001,3020,BNCI2014001:3020,6,5,session_T,run_2,71,right_hand,1
BNCI2014001,BNCI2014001,3024,BNCI2014001:3024,6,5,session_T,run_3,72,left_hand,0
BNCI2014001,BNCI2014001,3025,BNCI2014001:3025,6,5,session_T,run_3,73,left_hand,0
BNCI2014001,BNCI2014001,3026,BNCI2014001:3026,6,5,session_T,run_3,74,right_hand,1
BNCI2014001,BNCI2014001,3028,BNCI2014001:3028,6,5,session_T,run_3,75,left_hand,0
BNCI2014001,BNCI2014001,3032,BNCI2014001:3032,6,5,session_T,run_3,76,left_hand,0
BNCI2014001,BNCI2014001,3036,BNCI2014001:3036,6,5,session_T,run_3,77,right_hand,1
BNCI2014001,BNCI2014001,3037,BNCI2014001:3037,6,5,session_T,run_3,78,right_hand,1
BNCI2014001,BNCI2014001,3039,BNCI2014001:3039,6,5,session_T,run_3,79,left_hand,0
BNCI2014001,BNCI2014001,3042,BNCI2014001:3042,6,5,session_T,run_3,80,right_hand,1
BNCI2014001,BNCI2014001,3044,BNCI2014001:3044,6,5,session_T,run_3,81,right_hand,1
BNCI2014001,BNCI2014001,3046,BNCI2014001:3046,6,5,session_T,run_3,82,left_hand,0
BNCI2014001,BNCI2014001,3047,BNCI2014001:3047,6,5,session_T,run_3,83,left_hand,0
BNCI2014001,BNCI2014001,3048,BNCI2014001:3048,6,5,session_T,run_3,84,right_hand,1
BNCI2014001,BNCI2014001,3050,BNCI2014001:3050,6,5,session_T,run_3,85,left_hand,0
BNCI2014001,BNCI2014001,3052,BNCI2014001:3052,6,5,session_T,run_3,86,left_hand,0
BNCI2014001,BNCI2014001,3056,BNCI2014001:3056,6,5,session_T,run_3,87,right_hand,1
BNCI2014001,BNCI2014001,3057,BNCI2014001:3057,6,5,session_T,run_3,88,right_hand,1
BNCI2014001,BNCI2014001,3058,BNCI2014001:3058,6,5,session_T,run_3,89,right_hand,1
BNCI2014001,BNCI2014001,3060,BNCI2014001:3060,6,5,session_T,run_3,90,left_hand,0
BNCI2014001,BNCI2014001,3061,BNCI2014001:3061,6,5,session_T,run_3,91,right_hand,1
BNCI2014001,BNCI2014001,3062,BNCI2014001:3062,6,5,session_T,run_3,92,left_hand,0
BNCI2014001,BNCI2014001,3067,BNCI2014001:3067,6,5,session_T,run_3,93,right_hand,1
BNCI2014001,BNCI2014001,3068,BNCI2014001:3068,6,5,session_T,run_3,94,right_hand,1
BNCI2014001,BNCI2014001,3069,BNCI2014001:3069,6,5,session_T,run_3,95,left_hand,0
BNCI2014001,BNCI2014001,3073,BNCI2014001:3073,6,5,session_T,run_4,96,left_hand,0
BNCI2014001,BNCI2014001,3076,BNCI2014001:3076,6,5,session_T,run_4,97,right_hand,1
BNCI2014001,BNCI2014001,3077,BNCI2014001:3077,6,5,session_T,run_4,98,right_hand,1
BNCI2014001,BNCI2014001,3080,BNCI2014001:3080,6,5,session_T,run_4,99,left_hand,0
BNCI2014001,BNCI2014001,3081,BNCI2014001:3081,6,5,session_T,run_4,100,left_hand,0
BNCI2014001,BNCI2014001,3082,BNCI2014001:3082,6,5,session_T,run_4,101,right_hand,1
BNCI2014001,BNCI2014001,3083,BNCI2014001:3083,6,5,session_T,run_4,102,right_hand,1
BNCI2014001,BNCI2014001,3084,BNCI2014001:3084,6,5,session_T,run_4,103,left_hand,0
BNCI2014001,BNCI2014001,3086,BNCI2014001:3086,6,5,session_T,run_4,104,left_hand,0
BNCI2014001,BNCI2014001,3087,BNCI2014001:3087,6,5,session_T,run_4,105,right_hand,1
BNCI2014001,BNCI2014001,3089,BNCI2014001:3089,6,5,session_T,run_4,106,left_hand,0
BNCI2014001,BNCI2014001,3091,BNCI2014001:3091,6,5,session_T,run_4,107,right_hand,1
BNCI2014001,BNCI2014001,3092,BNCI2014001:3092,6,5,session_T,run_4,108,right_hand,1
BNCI2014001,BNCI2014001,3093,BNCI2014001:3093,6,5,session_T,run_4,109,right_hand,1
BNCI2014001,BNCI2014001,3094,BNCI2014001:3094,6,5,session_T,run_4,110,left_hand,0
BNCI2014001,BNCI2014001,3095,BNCI2014001:3095,6,5,session_T,run_4,111,right_hand,1
BNCI2014001,BNCI2014001,3096,BNCI2014001:3096,6,5,session_T,run_4,112,right_hand,1
BNCI2014001,BNCI2014001,3097,BNCI2014001:3097,6,5,session_T,run_4,113,left_hand,0
BNCI2014001,BNCI2014001,3101,BNCI2014001:3101,6,5,session_T,run_4,114,left_hand,0
BNCI2014001,BNCI2014001,3102,BNCI2014001:3102,6,5,session_T,run_4,115,left_hand,0
BNCI2014001,BNCI2014001,3107,BNCI2014001:3107,6,5,session_T,run_4,116,right_hand,1
BNCI2014001,BNCI2014001,3111,BNCI2014001:3111,6,5,session_T,run_4,117,left_hand,0
BNCI2014001,BNCI2014001,3116,BNCI2014001:3116,6,5,session_T,run_4,118,left_hand,0
BNCI2014001,BNCI2014001,3118,BNCI2014001:3118,6,5,session_T,run_4,119,right_hand,1
BNCI2014001,BNCI2014001,3120,BNCI2014001:3120,6,5,session_T,run_5,120,left_hand,0
BNCI2014001,BNCI2014001,3121,BNCI2014001:3121,6,5,session_T,run_5,121,left_hand,0
BNCI2014001,BNCI2014001,3124,BNCI2014001:3124,6,5,session_T,run_5,122,left_hand,0
BNCI2014001,BNCI2014001,3128,BNCI2014001:3128,6,5,session_T,run_5,123,right_hand,1
BNCI2014001,BNCI2014001,3129,BNCI2014001:3129,6,5,session_T,run_5,124,right_hand,1
BNCI2014001,BNCI2014001,3131,BNCI2014001:3131,6,5,session_T,run_5,125,right_hand,1
BNCI2014001,BNCI2014001,3135,BNCI2014001:3135,6,5,session_T,run_5,126,right_hand,1
BNCI2014001,BNCI2014001,3136,BNCI2014001:3136,6,5,session_T,run_5,127,left_hand,0
BNCI2014001,BNCI2014001,3137,BNCI2014001:3137,6,5,session_T,run_5,128,right_hand,1
BNCI2014001,BNCI2014001,3139,BNCI2014001:3139,6,5,session_T,run_5,129,left_hand,0
BNCI2014001,BNCI2014001,3141,BNCI2014001:3141,6,5,session_T,run_5,130,right_hand,1
BNCI2014001,BNCI2014001,3144,BNCI2014001:3144,6,5,session_T,run_5,131,left_hand,0
BNCI2014001,BNCI2014001,3145,BNCI2014001:3145,6,5,session_T,run_5,132,left_hand,0
BNCI2014001,BNCI2014001,3146,BNCI2014001:3146,6,5,session_T,run_5,133,right_hand,1
BNCI2014001,BNCI2014001,3148,BNCI2014001:3148,6,5,session_T,run_5,134,left_hand,0
BNCI2014001,BNCI2014001,3150,BNCI2014001:3150,6,5,session_T,run_5,135,right_hand,1
BNCI2014001,BNCI2014001,3151,BNCI2014001:3151,6,5,session_T,run_5,136,right_hand,1
BNCI2014001,BNCI2014001,3157,BNCI2014001:3157,6,5,session_T,run_5,137,left_hand,0
BNCI2014001,BNCI2014001,3158,BNCI2014001:3158,6,5,session_T,run_5,138,left_hand,0
BNCI2014001,BNCI2014001,3159,BNCI2014001:3159,6,5,session_T,run_5,139,right_hand,1
BNCI2014001,BNCI2014001,3160,BNCI2014001:3160,6,5,session_T,run_5,140,left_hand,0
BNCI2014001,BNCI2014001,3162,BNCI2014001:3162,6,5,session_T,run_5,141,right_hand,1
BNCI2014001,BNCI2014001,3165,BNCI2014001:3165,6,5,session_T,run_5,142,left_hand,0
BNCI2014001,BNCI2014001,3166,BNCI2014001:3166,6,5,session_T,run_5,143,right_hand,1
BNCI2014001,BNCI2014001,3456,BNCI2014001:3456,7,6,session_T,run_0,0,left_hand,0
BNCI2014001,BNCI2014001,3457,BNCI2014001:3457,7,6,session_T,run_0,1,right_hand,1
BNCI2014001,BNCI2014001,3458,BNCI2014001:3458,7,6,session_T,run_0,2,right_hand,1
BNCI2014001,BNCI2014001,3459,BNCI2014001:3459,7,6,session_T,run_0,3,left_hand,0
BNCI2014001,BNCI2014001,3460,BNCI2014001:3460,7,6,session_T,run_0,4,right_hand,1
BNCI2014001,BNCI2014001,3461,BNCI2014001:3461,7,6,session_T,run_0,5,left_hand,0
BNCI2014001,BNCI2014001,3462,BNCI2014001:3462,7,6,session_T,run_0,6,right_hand,1
BNCI2014001,BNCI2014001,3464,BNCI2014001:3464,7,6,session_T,run_0,7,right_hand,1
BNCI2014001,BNCI2014001,3466,BNCI2014001:3466,7,6,session_T,run_0,8,left_hand,0
BNCI2014001,BNCI2014001,3468,BNCI2014001:3468,7,6,session_T,run_0,9,right_hand,1
BNCI2014001,BNCI2014001,3469,BNCI2014001:3469,7,6,session_T,run_0,10,left_hand,0
BNCI2014001,BNCI2014001,3475,BNCI2014001:3475,7,6,session_T,run_0,11,left_hand,0
BNCI2014001,BNCI2014001,3477,BNCI2014001:3477,7,6,session_T,run_0,12,right_hand,1
BNCI2014001,BNCI2014001,3478,BNCI2014001:3478,7,6,session_T,run_0,13,left_hand,0
BNCI2014001,BNCI2014001,3479,BNCI2014001:3479,7,6,session_T,run_0,14,left_hand,0
BNCI2014001,BNCI2014001,3482,BNCI2014001:3482,7,6,session_T,run_0,15,left_hand,0
BNCI2014001,BNCI2014001,3486,BNCI2014001:3486,7,6,session_T,run_0,16,left_hand,0
BNCI2014001,BNCI2014001,3487,BNCI2014001:3487,7,6,session_T,run_0,17,right_hand,1
BNCI2014001,BNCI2014001,3488,BNCI2014001:3488,7,6,session_T,run_0,18,left_hand,0
BNCI2014001,BNCI2014001,3489,BNCI2014001:3489,7,6,session_T,run_0,19,right_hand,1
BNCI2014001,BNCI2014001,3490,BNCI2014001:3490,7,6,session_T,run_0,20,right_hand,1
BNCI2014001,BNCI2014001,3491,BNCI2014001:3491,7,6,session_T,run_0,21,left_hand,0
BNCI2014001,BNCI2014001,3492,BNCI2014001:3492,7,6,session_T,run_0,22,right_hand,1
BNCI2014001,BNCI2014001,3494,BNCI2014001:3494,7,6,session_T,run_0,23,right_hand,1
BNCI2014001,BNCI2014001,3506,BNCI2014001:3506,7,6,session_T,run_1,24,right_hand,1
BNCI2014001,BNCI2014001,3507,BNCI2014001:3507,7,6,session_T,run_1,25,left_hand,0
BNCI2014001,BNCI2014001,3508,BNCI2014001:3508,7,6,session_T,run_1,26,left_hand,0
BNCI2014001,BNCI2014001,3509,BNCI2014001:3509,7,6,session_T,run_1,27,right_hand,1
BNCI2014001,BNCI2014001,3512,BNCI2014001:3512,7,6,session_T,run_1,28,right_hand,1
BNCI2014001,BNCI2014001,3514,BNCI2014001:3514,7,6,session_T,run_1,29,left_hand,0
BNCI2014001,BNCI2014001,3515,BNCI2014001:3515,7,6,session_T,run_1,30,left_hand,0
BNCI2014001,BNCI2014001,3516,BNCI2014001:3516,7,6,session_T,run_1,31,left_hand,0
BNCI2014001,BNCI2014001,3518,BNCI2014001:3518,7,6,session_T,run_1,32,right_hand,1
BNCI2014001,BNCI2014001,3519,BNCI2014001:3519,7,6,session_T,run_1,33,right_hand,1
BNCI2014001,BNCI2014001,3520,BNCI2014001:3520,7,6,session_T,run_1,34,left_hand,0
BNCI2014001,BNCI2014001,3521,BNCI2014001:3521,7,6,session_T,run_1,35,left_hand,0
BNCI2014001,BNCI2014001,3523,BNCI2014001:3523,7,6,session_T,run_1,36,left_hand,0
BNCI2014001,BNCI2014001,3524,BNCI2014001:3524,7,6,session_T,run_1,37,right_hand,1
BNCI2014001,BNCI2014001,3528,BNCI2014001:3528,7,6,session_T,run_1,38,left_hand,0
BNCI2014001,BNCI2014001,3531,BNCI2014001:3531,7,6,session_T,run_1,39,right_hand,1
BNCI2014001,BNCI2014001,3534,BNCI2014001:3534,7,6,session_T,run_1,40,right_hand,1
BNCI2014001,BNCI2014001,3535,BNCI2014001:3535,7,6,session_T,run_1,41,left_hand,0
BNCI2014001,BNCI2014001,3536,BNCI2014001:3536,7,6,session_T,run_1,42,right_hand,1
BNCI2014001,BNCI2014001,3542,BNCI2014001:3542,7,6,session_T,run_1,43,left_hand,0
BNCI2014001,BNCI2014001,3544,BNCI2014001:3544,7,6,session_T,run_1,44,right_hand,1
BNCI2014001,BNCI2014001,3546,BNCI2014001:3546,7,6,session_T,run_1,45,right_hand,1
BNCI2014001,BNCI2014001,3549,BNCI2014001:3549,7,6,session_T,run_1,46,right_hand,1
BNCI2014001,BNCI2014001,3551,BNCI2014001:3551,7,6,session_T,run_1,47,left_hand,0
BNCI2014001,BNCI2014001,3552,BNCI2014001:3552,7,6,session_T,run_2,48,left_hand,0
BNCI2014001,BNCI2014001,3553,BNCI2014001:3553,7,6,session_T,run_2,49,left_hand,0
BNCI2014001,BNCI2014001,3555,BNCI2014001:3555,7,6,session_T,run_2,50,right_hand,1
BNCI2014001,BNCI2014001,3556,BNCI2014001:3556,7,6,session_T,run_2,51,left_hand,0
BNCI2014001,BNCI2014001,3558,BNCI2014001:3558,7,6,session_T,run_2,52,left_hand,0
BNCI2014001,BNCI2014001,3560,BNCI2014001:3560,7,6,session_T,run_2,53,right_hand,1
BNCI2014001,BNCI2014001,3562,BNCI2014001:3562,7,6,session_T,run_2,54,left_hand,0
BNCI2014001,BNCI2014001,3565,BNCI2014001:3565,7,6,session_T,run_2,55,left_hand,0
BNCI2014001,BNCI2014001,3567,BNCI2014001:3567,7,6,session_T,run_2,56,right_hand,1
BNCI2014001,BNCI2014001,3572,BNCI2014001:3572,7,6,session_T,run_2,57,left_hand,0
BNCI2014001,BNCI2014001,3574,BNCI2014001:3574,7,6,session_T,run_2,58,right_hand,1
BNCI2014001,BNCI2014001,3576,BNCI2014001:3576,7,6,session_T,run_2,59,right_hand,1
BNCI2014001,BNCI2014001,3577,BNCI2014001:3577,7,6,session_T,run_2,60,left_hand,0
BNCI2014001,BNCI2014001,3579,BNCI2014001:3579,7,6,session_T,run_2,61,right_hand,1
BNCI2014001,BNCI2014001,3580,BNCI2014001:3580,7,6,session_T,run_2,62,left_hand,0
BNCI2014001,BNCI2014001,3583,BNCI2014001:3583,7,6,session_T,run_2,63,left_hand,0
BNCI2014001,BNCI2014001,3587,BNCI2014001:3587,7,6,session_T,run_2,64,right_hand,1
BNCI2014001,BNCI2014001,3588,BNCI2014001:3588,7,6,session_T,run_2,65,left_hand,0
BNCI2014001,BNCI2014001,3589,BNCI2014001:3589,7,6,session_T,run_2,66,right_hand,1
BNCI2014001,BNCI2014001,3591,BNCI2014001:3591,7,6,session_T,run_2,67,right_hand,1
BNCI2014001,BNCI2014001,3594,BNCI2014001:3594,7,6,session_T,run_2,68,right_hand,1
BNCI2014001,BNCI2014001,3595,BNCI2014001:3595,7,6,session_T,run_2,69,right_hand,1
BNCI2014001,BNCI2014001,3596,BNCI2014001:3596,7,6,session_T,run_2,70,right_hand,1
BNCI2014001,BNCI2014001,3599,BNCI2014001:3599,7,6,session_T,run_2,71,left_hand,0
BNCI2014001,BNCI2014001,3600,BNCI2014001:3600,7,6,session_T,run_3,72,right_hand,1
BNCI2014001,BNCI2014001,3602,BNCI2014001:3602,7,6,session_T,run_3,73,left_hand,0
BNCI2014001,BNCI2014001,3606,BNCI2014001:3606,7,6,session_T,run_3,74,left_hand,0
BNCI2014001,BNCI2014001,3607,BNCI2014001:3607,7,6,session_T,run_3,75,left_hand,0
BNCI2014001,BNCI2014001,3609,BNCI2014001:3609,7,6,session_T,run_3,76,right_hand,1
BNCI2014001,BNCI2014001,3613,BNCI2014001:3613,7,6,session_T,run_3,77,right_hand,1
BNCI2014001,BNCI2014001,3614,BNCI2014001:3614,7,6,session_T,run_3,78,left_hand,0
BNCI2014001,BNCI2014001,3616,BNCI2014001:3616,7,6,session_T,run_3,79,right_hand,1
BNCI2014001,BNCI2014001,3618,BNCI2014001:3618,7,6,session_T,run_3,80,left_hand,0
BNCI2014001,BNCI2014001,3621,BNCI2014001:3621,7,6,session_T,run_3,81,right_hand,1
BNCI2014001,BNCI2014001,3624,BNCI2014001:3624,7,6,session_T,run_3,82,left_hand,0
BNCI2014001,BNCI2014001,3625,BNCI2014001:3625,7,6,session_T,run_3,83,right_hand,1
BNCI2014001,BNCI2014001,3626,BNCI2014001:3626,7,6,session_T,run_3,84,right_hand,1
BNCI2014001,BNCI2014001,3629,BNCI2014001:3629,7,6,session_T,run_3,85,right_hand,1
BNCI2014001,BNCI2014001,3630,BNCI2014001:3630,7,6,session_T,run_3,86,left_hand,0
BNCI2014001,BNCI2014001,3631,BNCI2014001:3631,7,6,session_T,run_3,87,left_hand,0
BNCI2014001,BNCI2014001,3633,BNCI2014001:3633,7,6,session_T,run_3,88,right_hand,1
BNCI2014001,BNCI2014001,3634,BNCI2014001:3634,7,6,session_T,run_3,89,left_hand,0
BNCI2014001,BNCI2014001,3636,BNCI2014001:3636,7,6,session_T,run_3,90,right_hand,1
BNCI2014001,BNCI2014001,3637,BNCI2014001:3637,7,6,session_T,run_3,91,right_hand,1
BNCI2014001,BNCI2014001,3639,BNCI2014001:3639,7,6,session_T,run_3,92,left_hand,0
BNCI2014001,BNCI2014001,3645,BNCI2014001:3645,7,6,session_T,run_3,93,left_hand,0
BNCI2014001,BNCI2014001,3646,BNCI2014001:3646,7,6,session_T,run_3,94,right_hand,1
BNCI2014001,BNCI2014001,3647,BNCI2014001:3647,7,6,session_T,run_3,95,left_hand,0
BNCI2014001,BNCI2014001,3648,BNCI2014001:3648,7,6,session_T,run_4,96,right_hand,1
BNCI2014001,BNCI2014001,3649,BNCI2014001:3649,7,6,session_T,run_4,97,left_hand,0
BNCI2014001,BNCI2014001,3650,BNCI2014001:3650,7,6,session_T,run_4,98,left_hand,0
BNCI2014001,BNCI2014001,3653,BNCI2014001:3653,7,6,session_T,run_4,99,right_hand,1
BNCI2014001,BNCI2014001,3656,BNCI2014001:3656,7,6,session_T,run_4,100,left_hand,0
BNCI2014001,BNCI2014001,3658,BNCI2014001:3658,7,6,session_T,run_4,101,left_hand,0
BNCI2014001,BNCI2014001,3659,BNCI2014001:3659,7,6,session_T,run_4,102,left_hand,0
BNCI2014001,BNCI2014001,3660,BNCI2014001:3660,7,6,session_T,run_4,103,right_hand,1
BNCI2014001,BNCI2014001,3663,BNCI2014001:3663,7,6,session_T,run_4,104,right_hand,1
BNCI2014001,BNCI2014001,3669,BNCI2014001:3669,7,6,session_T,run_4,105,right_hand,1
BNCI2014001,BNCI2014001,3670,BNCI2014001:3670,7,6,session_T,run_4,106,right_hand,1
BNCI2014001,BNCI2014001,3672,BNCI2014001:3672,7,6,session_T,run_4,107,left_hand,0
BNCI2014001,BNCI2014001,3673,BNCI2014001:3673,7,6,session_T,run_4,108,right_hand,1
BNCI2014001,BNCI2014001,3674,BNCI2014001:3674,7,6,session_T,run_4,109,right_hand,1
BNCI2014001,BNCI2014001,3675,BNCI2014001:3675,7,6,session_T,run_4,110,right_hand,1
BNCI2014001,BNCI2014001,3678,BNCI2014001:3678,7,6,session_T,run_4,111,left_hand,0
BNCI2014001,BNCI2014001,3680,BNCI2014001:3680,7,6,session_T,run_4,112,left_hand,0
BNCI2014001,BNCI2014001,3682,BNCI2014001:3682,7,6,session_T,run_4,113,left_hand,0
BNCI2014001,BNCI2014001,3684,BNCI2014001:3684,7,6,session_T,run_4,114,left_hand,0
BNCI2014001,BNCI2014001,3686,BNCI2014001:3686,7,6,session_T,run_4,115,left_hand,0
BNCI2014001,BNCI2014001,3687,BNCI2014001:3687,7,6,session_T,run_4,116,right_hand,1
BNCI2014001,BNCI2014001,3691,BNCI2014001:3691,7,6,session_T,run_4,117,left_hand,0
BNCI2014001,BNCI2014001,3692,BNCI2014001:3692,7,6,session_T,run_4,118,right_hand,1
BNCI2014001,BNCI2014001,3694,BNCI2014001:3694,7,6,session_T,run_4,119,right_hand,1
BNCI2014001,BNCI2014001,3697,BNCI2014001:3697,7,6,session_T,run_5,120,left_hand,0
BNCI2014001,BNCI2014001,3699,BNCI2014001:3699,7,6,session_T,run_5,121,right_hand,1
BNCI2014001,BNCI2014001,3701,BNCI2014001:3701,7,6,session_T,run_5,122,left_hand,0
BNCI2014001,BNCI2014001,3702,BNCI2014001:3702,7,6,session_T,run_5,123,left_hand,0
BNCI2014001,BNCI2014001,3705,BNCI2014001:3705,7,6,session_T,run_5,124,right_hand,1
BNCI2014001,BNCI2014001,3707,BNCI2014001:3707,7,6,session_T,run_5,125,right_hand,1
BNCI2014001,BNCI2014001,3708,BNCI2014001:3708,7,6,session_T,run_5,126,right_hand,1
BNCI2014001,BNCI2014001,3709,BNCI2014001:3709,7,6,session_T,run_5,127,left_hand,0
BNCI2014001,BNCI2014001,3710,BNCI2014001:3710,7,6,session_T,run_5,128,right_hand,1
BNCI2014001,BNCI2014001,3713,BNCI2014001:3713,7,6,session_T,run_5,129,right_hand,1
BNCI2014001,BNCI2014001,3714,BNCI2014001:3714,7,6,session_T,run_5,130,right_hand,1
BNCI2014001,BNCI2014001,3715,BNCI2014001:3715,7,6,session_T,run_5,131,right_hand,1
BNCI2014001,BNCI2014001,3716,BNCI2014001:3716,7,6,session_T,run_5,132,right_hand,1
BNCI2014001,BNCI2014001,3721,BNCI2014001:3721,7,6,session_T,run_5,133,left_hand,0
BNCI2014001,BNCI2014001,3722,BNCI2014001:3722,7,6,session_T,run_5,134,right_hand,1
BNCI2014001,BNCI2014001,3724,BNCI2014001:3724,7,6,session_T,run_5,135,right_hand,1
BNCI2014001,BNCI2014001,3725,BNCI2014001:3725,7,6,session_T,run_5,136,left_hand,0
BNCI2014001,BNCI2014001,3727,BNCI2014001:3727,7,6,session_T,run_5,137,left_hand,0
BNCI2014001,BNCI2014001,3729,BNCI2014001:3729,7,6,session_T,run_5,138,left_hand,0
BNCI2014001,BNCI2014001,3730,BNCI2014001:3730,7,6,session_T,run_5,139,left_hand,0
BNCI2014001,BNCI2014001,3731,BNCI2014001:3731,7,6,session_T,run_5,140,left_hand,0
BNCI2014001,BNCI2014001,3732,BNCI2014001:3732,7,6,session_T,run_5,141,left_hand,0
BNCI2014001,BNCI2014001,3736,BNCI2014001:3736,7,6,session_T,run_5,142,right_hand,1
BNCI2014001,BNCI2014001,3742,BNCI2014001:3742,7,6,session_T,run_5,143,left_hand,0
BNCI2014001,BNCI2014001,4032,BNCI2014001:4032,8,7,session_T,run_0,0,left_hand,0
BNCI2014001,BNCI2014001,4033,BNCI2014001:4033,8,7,session_T,run_0,1,right_hand,1
BNCI2014001,BNCI2014001,4034,BNCI2014001:4034,8,7,session_T,run_0,2,right_hand,1
BNCI2014001,BNCI2014001,4035,BNCI2014001:4035,8,7,session_T,run_0,3,left_hand,0
BNCI2014001,BNCI2014001,4036,BNCI2014001:4036,8,7,session_T,run_0,4,right_hand,1
BNCI2014001,BNCI2014001,4037,BNCI2014001:4037,8,7,session_T,run_0,5,left_hand,0
BNCI2014001,BNCI2014001,4038,BNCI2014001:4038,8,7,session_T,run_0,6,right_hand,1
BNCI2014001,BNCI2014001,4040,BNCI2014001:4040,8,7,session_T,run_0,7,right_hand,1
BNCI2014001,BNCI2014001,4042,BNCI2014001:4042,8,7,session_T,run_0,8,left_hand,0
BNCI2014001,BNCI2014001,4044,BNCI2014001:4044,8,7,session_T,run_0,9,right_hand,1
BNCI2014001,BNCI2014001,4045,BNCI2014001:4045,8,7,session_T,run_0,10,left_hand,0
BNCI2014001,BNCI2014001,4051,BNCI2014001:4051,8,7,session_T,run_0,11,left_hand,0
BNCI2014001,BNCI2014001,4053,BNCI2014001:4053,8,7,session_T,run_0,12,right_hand,1
BNCI2014001,BNCI2014001,4054,BNCI2014001:4054,8,7,session_T,run_0,13,left_hand,0
BNCI2014001,BNCI2014001,4055,BNCI2014001:4055,8,7,session_T,run_0,14,left_hand,0
BNCI2014001,BNCI2014001,4058,BNCI2014001:4058,8,7,session_T,run_0,15,left_hand,0
BNCI2014001,BNCI2014001,4062,BNCI2014001:4062,8,7,session_T,run_0,16,left_hand,0
BNCI2014001,BNCI2014001,4063,BNCI2014001:4063,8,7,session_T,run_0,17,right_hand,1
BNCI2014001,BNCI2014001,4064,BNCI2014001:4064,8,7,session_T,run_0,18,left_hand,0
BNCI2014001,BNCI2014001,4065,BNCI2014001:4065,8,7,session_T,run_0,19,right_hand,1
BNCI2014001,BNCI2014001,4066,BNCI2014001:4066,8,7,session_T,run_0,20,right_hand,1
BNCI2014001,BNCI2014001,4067,BNCI2014001:4067,8,7,session_T,run_0,21,left_hand,0
BNCI2014001,BNCI2014001,4068,BNCI2014001:4068,8,7,session_T,run_0,22,right_hand,1
BNCI2014001,BNCI2014001,4070,BNCI2014001:4070,8,7,session_T,run_0,23,right_hand,1
BNCI2014001,BNCI2014001,4082,BNCI2014001:4082,8,7,session_T,run_1,24,right_hand,1
BNCI2014001,BNCI2014001,4083,BNCI2014001:4083,8,7,session_T,run_1,25,left_hand,0
BNCI2014001,BNCI2014001,4084,BNCI2014001:4084,8,7,session_T,run_1,26,left_hand,0
BNCI2014001,BNCI2014001,4085,BNCI2014001:4085,8,7,session_T,run_1,27,right_hand,1
BNCI2014001,BNCI2014001,4088,BNCI2014001:4088,8,7,session_T,run_1,28,right_hand,1
BNCI2014001,BNCI2014001,4090,BNCI2014001:4090,8,7,session_T,run_1,29,left_hand,0
BNCI2014001,BNCI2014001,4091,BNCI2014001:4091,8,7,session_T,run_1,30,left_hand,0
BNCI2014001,BNCI2014001,4092,BNCI2014001:4092,8,7,session_T,run_1,31,left_hand,0
BNCI2014001,BNCI2014001,4094,BNCI2014001:4094,8,7,session_T,run_1,32,right_hand,1
BNCI2014001,BNCI2014001,4095,BNCI2014001:4095,8,7,session_T,run_1,33,right_hand,1
BNCI2014001,BNCI2014001,4096,BNCI2014001:4096,8,7,session_T,run_1,34,left_hand,0
BNCI2014001,BNCI2014001,4097,BNCI2014001:4097,8,7,session_T,run_1,35,left_hand,0
BNCI2014001,BNCI2014001,4099,BNCI2014001:4099,8,7,session_T,run_1,36,left_hand,0
BNCI2014001,BNCI2014001,4100,BNCI2014001:4100,8,7,session_T,run_1,37,right_hand,1
BNCI2014001,BNCI2014001,4104,BNCI2014001:4104,8,7,session_T,run_1,38,left_hand,0
BNCI2014001,BNCI2014001,4107,BNCI2014001:4107,8,7,session_T,run_1,39,right_hand,1
BNCI2014001,BNCI2014001,4110,BNCI2014001:4110,8,7,session_T,run_1,40,right_hand,1
BNCI2014001,BNCI2014001,4111,BNCI2014001:4111,8,7,session_T,run_1,41,left_hand,0
BNCI2014001,BNCI2014001,4112,BNCI2014001:4112,8,7,session_T,run_1,42,right_hand,1
BNCI2014001,BNCI2014001,4118,BNCI2014001:4118,8,7,session_T,run_1,43,left_hand,0
BNCI2014001,BNCI2014001,4120,BNCI2014001:4120,8,7,session_T,run_1,44,right_hand,1
BNCI2014001,BNCI2014001,4122,BNCI2014001:4122,8,7,session_T,run_1,45,right_hand,1
BNCI2014001,BNCI2014001,4125,BNCI2014001:4125,8,7,session_T,run_1,46,right_hand,1
BNCI2014001,BNCI2014001,4127,BNCI2014001:4127,8,7,session_T,run_1,47,left_hand,0
BNCI2014001,BNCI2014001,4128,BNCI2014001:4128,8,7,session_T,run_2,48,left_hand,0
BNCI2014001,BNCI2014001,4129,BNCI2014001:4129,8,7,session_T,run_2,49,left_hand,0
BNCI2014001,BNCI2014001,4131,BNCI2014001:4131,8,7,session_T,run_2,50,right_hand,1
BNCI2014001,BNCI2014001,4132,BNCI2014001:4132,8,7,session_T,run_2,51,left_hand,0
BNCI2014001,BNCI2014001,4134,BNCI2014001:4134,8,7,session_T,run_2,52,left_hand,0
BNCI2014001,BNCI2014001,4136,BNCI2014001:4136,8,7,session_T,run_2,53,right_hand,1
BNCI2014001,BNCI2014001,4138,BNCI2014001:4138,8,7,session_T,run_2,54,left_hand,0
BNCI2014001,BNCI2014001,4141,BNCI2014001:4141,8,7,session_T,run_2,55,left_hand,0
BNCI2014001,BNCI2014001,4143,BNCI2014001:4143,8,7,session_T,run_2,56,right_hand,1
BNCI2014001,BNCI2014001,4148,BNCI2014001:4148,8,7,session_T,run_2,57,left_hand,0
BNCI2014001,BNCI2014001,4150,BNCI2014001:4150,8,7,session_T,run_2,58,right_hand,1
BNCI2014001,BNCI2014001,4152,BNCI2014001:4152,8,7,session_T,run_2,59,right_hand,1
BNCI2014001,BNCI2014001,4153,BNCI2014001:4153,8,7,session_T,run_2,60,left_hand,0
BNCI2014001,BNCI2014001,4155,BNCI2014001:4155,8,7,session_T,run_2,61,right_hand,1
BNCI2014001,BNCI2014001,4156,BNCI2014001:4156,8,7,session_T,run_2,62,left_hand,0
BNCI2014001,BNCI2014001,4159,BNCI2014001:4159,8,7,session_T,run_2,63,left_hand,0
BNCI2014001,BNCI2014001,4163,BNCI2014001:4163,8,7,session_T,run_2,64,right_hand,1
BNCI2014001,BNCI2014001,4164,BNCI2014001:4164,8,7,session_T,run_2,65,left_hand,0
BNCI2014001,BNCI2014001,4165,BNCI2014001:4165,8,7,session_T,run_2,66,right_hand,1
BNCI2014001,BNCI2014001,4167,BNCI2014001:4167,8,7,session_T,run_2,67,right_hand,1
BNCI2014001,BNCI2014001,4170,BNCI2014001:4170,8,7,session_T,run_2,68,right_hand,1
BNCI2014001,BNCI2014001,4171,BNCI2014001:4171,8,7,session_T,run_2,69,right_hand,1
BNCI2014001,BNCI2014001,4172,BNCI2014001:4172,8,7,session_T,run_2,70,right_hand,1
BNCI2014001,BNCI2014001,4175,BNCI2014001:4175,8,7,session_T,run_2,71,left_hand,0
BNCI2014001,BNCI2014001,4176,BNCI2014001:4176,8,7,session_T,run_3,72,right_hand,1
BNCI2014001,BNCI2014001,4178,BNCI2014001:4178,8,7,session_T,run_3,73,left_hand,0
BNCI2014001,BNCI2014001,4182,BNCI2014001:4182,8,7,session_T,run_3,74,left_hand,0
BNCI2014001,BNCI2014001,4183,BNCI2014001:4183,8,7,session_T,run_3,75,left_hand,0
BNCI2014001,BNCI2014001,4185,BNCI2014001:4185,8,7,session_T,run_3,76,right_hand,1
BNCI2014001,BNCI2014001,4189,BNCI2014001:4189,8,7,session_T,run_3,77,right_hand,1
BNCI2014001,BNCI2014001,4190,BNCI2014001:4190,8,7,session_T,run_3,78,left_hand,0
BNCI2014001,BNCI2014001,4192,BNCI2014001:4192,8,7,session_T,run_3,79,right_hand,1
BNCI2014001,BNCI2014001,4194,BNCI2014001:4194,8,7,session_T,run_3,80,left_hand,0
BNCI2014001,BNCI2014001,4197,BNCI2014001:4197,8,7,session_T,run_3,81,right_hand,1
BNCI2014001,BNCI2014001,4200,BNCI2014001:4200,8,7,session_T,run_3,82,left_hand,0
BNCI2014001,BNCI2014001,4201,BNCI2014001:4201,8,7,session_T,run_3,83,right_hand,1
BNCI2014001,BNCI2014001,4202,BNCI2014001:4202,8,7,session_T,run_3,84,right_hand,1
BNCI2014001,BNCI2014001,4205,BNCI2014001:4205,8,7,session_T,run_3,85,right_hand,1
BNCI2014001,BNCI2014001,4206,BNCI2014001:4206,8,7,session_T,run_3,86,left_hand,0
BNCI2014001,BNCI2014001,4207,BNCI2014001:4207,8,7,session_T,run_3,87,left_hand,0
BNCI2014001,BNCI2014001,4209,BNCI2014001:4209,8,7,session_T,run_3,88,right_hand,1
BNCI2014001,BNCI2014001,4210,BNCI2014001:4210,8,7,session_T,run_3,89,left_hand,0
BNCI2014001,BNCI2014001,4212,BNCI2014001:4212,8,7,session_T,run_3,90,right_hand,1
BNCI2014001,BNCI2014001,4213,BNCI2014001:4213,8,7,session_T,run_3,91,right_hand,1
BNCI2014001,BNCI2014001,4215,BNCI2014001:4215,8,7,session_T,run_3,92,left_hand,0
BNCI2014001,BNCI2014001,4221,BNCI2014001:4221,8,7,session_T,run_3,93,left_hand,0
BNCI2014001,BNCI2014001,4222,BNCI2014001:4222,8,7,session_T,run_3,94,right_hand,1
BNCI2014001,BNCI2014001,4223,BNCI2014001:4223,8,7,session_T,run_3,95,left_hand,0
BNCI2014001,BNCI2014001,4224,BNCI2014001:4224,8,7,session_T,run_4,96,right_hand,1
BNCI2014001,BNCI2014001,4225,BNCI2014001:4225,8,7,session_T,run_4,97,left_hand,0
BNCI2014001,BNCI2014001,4226,BNCI2014001:4226,8,7,session_T,run_4,98,left_hand,0
BNCI2014001,BNCI2014001,4229,BNCI2014001:4229,8,7,session_T,run_4,99,right_hand,1
BNCI2014001,BNCI2014001,4232,BNCI2014001:4232,8,7,session_T,run_4,100,left_hand,0
BNCI2014001,BNCI2014001,4234,BNCI2014001:4234,8,7,session_T,run_4,101,left_hand,0
BNCI2014001,BNCI2014001,4235,BNCI2014001:4235,8,7,session_T,run_4,102,left_hand,0
BNCI2014001,BNCI2014001,4236,BNCI2014001:4236,8,7,session_T,run_4,103,right_hand,1
BNCI2014001,BNCI2014001,4239,BNCI2014001:4239,8,7,session_T,run_4,104,right_hand,1
BNCI2014001,BNCI2014001,4245,BNCI2014001:4245,8,7,session_T,run_4,105,right_hand,1
BNCI2014001,BNCI2014001,4246,BNCI2014001:4246,8,7,session_T,run_4,106,right_hand,1
BNCI2014001,BNCI2014001,4248,BNCI2014001:4248,8,7,session_T,run_4,107,left_hand,0
BNCI2014001,BNCI2014001,4249,BNCI2014001:4249,8,7,session_T,run_4,108,right_hand,1
BNCI2014001,BNCI2014001,4250,BNCI2014001:4250,8,7,session_T,run_4,109,right_hand,1
BNCI2014001,BNCI2014001,4251,BNCI2014001:4251,8,7,session_T,run_4,110,right_hand,1
BNCI2014001,BNCI2014001,4254,BNCI2014001:4254,8,7,session_T,run_4,111,left_hand,0
BNCI2014001,BNCI2014001,4256,BNCI2014001:4256,8,7,session_T,run_4,112,left_hand,0
BNCI2014001,BNCI2014001,4258,BNCI2014001:4258,8,7,session_T,run_4,113,left_hand,0
BNCI2014001,BNCI2014001,4260,BNCI2014001:4260,8,7,session_T,run_4,114,left_hand,0
BNCI2014001,BNCI2014001,4262,BNCI2014001:4262,8,7,session_T,run_4,115,left_hand,0
BNCI2014001,BNCI2014001,4263,BNCI2014001:4263,8,7,session_T,run_4,116,right_hand,1
BNCI2014001,BNCI2014001,4267,BNCI2014001:4267,8,7,session_T,run_4,117,left_hand,0
BNCI2014001,BNCI2014001,4268,BNCI2014001:4268,8,7,session_T,run_4,118,right_hand,1
BNCI2014001,BNCI2014001,4270,BNCI2014001:4270,8,7,session_T,run_4,119,right_hand,1
BNCI2014001,BNCI2014001,4273,BNCI2014001:4273,8,7,session_T,run_5,120,left_hand,0
BNCI2014001,BNCI2014001,4275,BNCI2014001:4275,8,7,session_T,run_5,121,right_hand,1
BNCI2014001,BNCI2014001,4277,BNCI2014001:4277,8,7,session_T,run_5,122,left_hand,0
BNCI2014001,BNCI2014001,4278,BNCI2014001:4278,8,7,session_T,run_5,123,left_hand,0
BNCI2014001,BNCI2014001,4281,BNCI2014001:4281,8,7,session_T,run_5,124,right_hand,1
BNCI2014001,BNCI2014001,4283,BNCI2014001:4283,8,7,session_T,run_5,125,right_hand,1
BNCI2014001,BNCI2014001,4284,BNCI2014001:4284,8,7,session_T,run_5,126,right_hand,1
BNCI2014001,BNCI2014001,4285,BNCI2014001:4285,8,7,session_T,run_5,127,left_hand,0
BNCI2014001,BNCI2014001,4286,BNCI2014001:4286,8,7,session_T,run_5,128,right_hand,1
BNCI2014001,BNCI2014001,4289,BNCI2014001:4289,8,7,session_T,run_5,129,right_hand,1
BNCI2014001,BNCI2014001,4290,BNCI2014001:4290,8,7,session_T,run_5,130,right_hand,1
BNCI2014001,BNCI2014001,4291,BNCI2014001:4291,8,7,session_T,run_5,131,right_hand,1
BNCI2014001,BNCI2014001,4292,BNCI2014001:4292,8,7,session_T,run_5,132,right_hand,1
BNCI2014001,BNCI2014001,4297,BNCI2014001:4297,8,7,session_T,run_5,133,left_hand,0
BNCI2014001,BNCI2014001,4298,BNCI2014001:4298,8,7,session_T,run_5,134,right_hand,1
BNCI2014001,BNCI2014001,4300,BNCI2014001:4300,8,7,session_T,run_5,135,right_hand,1
BNCI2014001,BNCI2014001,4301,BNCI2014001:4301,8,7,session_T,run_5,136,left_hand,0
BNCI2014001,BNCI2014001,4303,BNCI2014001:4303,8,7,session_T,run_5,137,left_hand,0
BNCI2014001,BNCI2014001,4305,BNCI2014001:4305,8,7,session_T,run_5,138,left_hand,0
BNCI2014001,BNCI2014001,4306,BNCI2014001:4306,8,7,session_T,run_5,139,left_hand,0
BNCI2014001,BNCI2014001,4307,BNCI2014001:4307,8,7,session_T,run_5,140,left_hand,0
BNCI2014001,BNCI2014001,4308,BNCI2014001:4308,8,7,session_T,run_5,141,left_hand,0
BNCI2014001,BNCI2014001,4312,BNCI2014001:4312,8,7,session_T,run_5,142,right_hand,1
BNCI2014001,BNCI2014001,4318,BNCI2014001:4318,8,7,session_T,run_5,143,left_hand,0
BNCI2014001,BNCI2014001,4609,BNCI2014001:4609,9,8,session_T,run_0,0,right_hand,1
BNCI2014001,BNCI2014001,4610,BNCI2014001:4610,9,8,session_T,run_0,1,right_hand,1
BNCI2014001,BNCI2014001,4611,BNCI2014001:4611,9,8,session_T,run_0,2,left_hand,0
BNCI2014001,BNCI2014001,4615,BNCI2014001:4615,9,8,session_T,run_0,3,right_hand,1
BNCI2014001,BNCI2014001,4617,BNCI2014001:4617,9,8,session_T,run_0,4,left_hand,0
BNCI2014001,BNCI2014001,4618,BNCI2014001:4618,9,8,session_T,run_0,5,left_hand,0
BNCI2014001,BNCI2014001,4619,BNCI2014001:4619,9,8,session_T,run_0,6,right_hand,1
BNCI2014001,BNCI2014001,4622,BNCI2014001:4622,9,8,session_T,run_0,7,right_hand,1
BNCI2014001,BNCI2014001,4627,BNCI2014001:4627,9,8,session_T,run_0,8,left_hand,0
BNCI2014001,BNCI2014001,4629,BNCI2014001:4629,9,8,session_T,run_0,9,left_hand,0
BNCI2014001,BNCI2014001,4632,BNCI2014001:4632,9,8,session_T,run_0,10,left_hand,0
BNCI2014001,BNCI2014001,4633,BNCI2014001:4633,9,8,session_T,run_0,11,left_hand,0
BNCI2014001,BNCI2014001,4634,BNCI2014001:4634,9,8,session_T,run_0,12,right_hand,1
BNCI2014001,BNCI2014001,4635,BNCI2014001:4635,9,8,session_T,run_0,13,right_hand,1
BNCI2014001,BNCI2014001,4636,BNCI2014001:4636,9,8,session_T,run_0,14,left_hand,0
BNCI2014001,BNCI2014001,4638,BNCI2014001:4638,9,8,session_T,run_0,15,right_hand,1
BNCI2014001,BNCI2014001,4641,BNCI2014001:4641,9,8,session_T,run_0,16,left_hand,0
BNCI2014001,BNCI2014001,4643,BNCI2014001:4643,9,8,session_T,run_0,17,left_hand,0
BNCI2014001,BNCI2014001,4645,BNCI2014001:4645,9,8,session_T,run_0,18,right_hand,1
BNCI2014001,BNCI2014001,4648,BNCI2014001:4648,9,8,session_T,run_0,19,right_hand,1
BNCI2014001,BNCI2014001,4650,BNCI2014001:4650,9,8,session_T,run_0,20,right_hand,1
BNCI2014001,BNCI2014001,4652,BNCI2014001:4652,9,8,session_T,run_0,21,left_hand,0
BNCI2014001,BNCI2014001,4653,BNCI2014001:4653,9,8,session_T,run_0,22,right_hand,1
BNCI2014001,BNCI2014001,4655,BNCI2014001:4655,9,8,session_T,run_0,23,left_hand,0
BNCI2014001,BNCI2014001,4657,BNCI2014001:4657,9,8,session_T,run_1,24,left_hand,0
BNCI2014001,BNCI2014001,4658,BNCI2014001:4658,9,8,session_T,run_1,25,left_hand,0
BNCI2014001,BNCI2014001,4660,BNCI2014001:4660,9,8,session_T,run_1,26,left_hand,0
BNCI2014001,BNCI2014001,4663,BNCI2014001:4663,9,8,session_T,run_1,27,right_hand,1
BNCI2014001,BNCI2014001,4665,BNCI2014001:4665,9,8,session_T,run_1,28,right_hand,1
BNCI2014001,BNCI2014001,4668,BNCI2014001:4668,9,8,session_T,run_1,29,left_hand,0
BNCI2014001,BNCI2014001,4669,BNCI2014001:4669,9,8,session_T,run_1,30,right_hand,1
BNCI2014001,BNCI2014001,4671,BNCI2014001:4671,9,8,session_T,run_1,31,left_hand,0
BNCI2014001,BNCI2014001,4672,BNCI2014001:4672,9,8,session_T,run_1,32,left_hand,0
BNCI2014001,BNCI2014001,4675,BNCI2014001:4675,9,8,session_T,run_1,33,right_hand,1
BNCI2014001,BNCI2014001,4676,BNCI2014001:4676,9,8,session_T,run_1,34,left_hand,0
BNCI2014001,BNCI2014001,4684,BNCI2014001:4684,9,8,session_T,run_1,35,left_hand,0
BNCI2014001,BNCI2014001,4685,BNCI2014001:4685,9,8,session_T,run_1,36,right_hand,1
BNCI2014001,BNCI2014001,4686,BNCI2014001:4686,9,8,session_T,run_1,37,right_hand,1
BNCI2014001,BNCI2014001,4687,BNCI2014001:4687,9,8,session_T,run_1,38,right_hand,1
BNCI2014001,BNCI2014001,4690,BNCI2014001:4690,9,8,session_T,run_1,39,right_hand,1
BNCI2014001,BNCI2014001,4692,BNCI2014001:4692,9,8,session_T,run_1,40,left_hand,0
BNCI2014001,BNCI2014001,4695,BNCI2014001:4695,9,8,session_T,run_1,41,right_hand,1
BNCI2014001,BNCI2014001,4696,BNCI2014001:4696,9,8,session_T,run_1,42,right_hand,1
BNCI2014001,BNCI2014001,4697,BNCI2014001:4697,9,8,session_T,run_1,43,left_hand,0
BNCI2014001,BNCI2014001,4698,BNCI2014001:4698,9,8,session_T,run_1,44,right_hand,1
BNCI2014001,BNCI2014001,4699,BNCI2014001:4699,9,8,session_T,run_1,45,left_hand,0
BNCI2014001,BNCI2014001,4700,BNCI2014001:4700,9,8,session_T,run_1,46,left_hand,0
BNCI2014001,BNCI2014001,4703,BNCI2014001:4703,9,8,session_T,run_1,47,right_hand,1
BNCI2014001,BNCI2014001,4704,BNCI2014001:4704,9,8,session_T,run_2,48,right_hand,1
BNCI2014001,BNCI2014001,4706,BNCI2014001:4706,9,8,session_T,run_2,49,left_hand,0
BNCI2014001,BNCI2014001,4708,BNCI2014001:4708,9,8,session_T,run_2,50,right_hand,1
BNCI2014001,BNCI2014001,4710,BNCI2014001:4710,9,8,session_T,run_2,51,left_hand,0
BNCI2014001,BNCI2014001,4711,BNCI2014001:4711,9,8,session_T,run_2,52,right_hand,1
BNCI2014001,BNCI2014001,4714,BNCI2014001:4714,9,8,session_T,run_2,53,right_hand,1
BNCI2014001,BNCI2014001,4716,BNCI2014001:4716,9,8,session_T,run_2,54,right_hand,1
BNCI2014001,BNCI2014001,4717,BNCI2014001:4717,9,8,session_T,run_2,55,left_hand,0
BNCI2014001,BNCI2014001,4718,BNCI2014001:4718,9,8,session_T,run_2,56,left_hand,0
BNCI2014001,BNCI2014001,4719,BNCI2014001:4719,9,8,session_T,run_2,57,right_hand,1
BNCI2014001,BNCI2014001,4721,BNCI2014001:4721,9,8,session_T,run_2,58,left_hand,0
BNCI2014001,BNCI2014001,4723,BNCI2014001:4723,9,8,session_T,run_2,59,right_hand,1
BNCI2014001,BNCI2014001,4724,BNCI2014001:4724,9,8,session_T,run_2,60,left_hand,0
BNCI2014001,BNCI2014001,4727,BNCI2014001:4727,9,8,session_T,run_2,61,left_hand,0
BNCI2014001,BNCI2014001,4728,BNCI2014001:4728,9,8,session_T,run_2,62,right_hand,1
BNCI2014001,BNCI2014001,4734,BNCI2014001:4734,9,8,session_T,run_2,63,left_hand,0
BNCI2014001,BNCI2014001,4738,BNCI2014001:4738,9,8,session_T,run_2,64,left_hand,0
BNCI2014001,BNCI2014001,4740,BNCI2014001:4740,9,8,session_T,run_2,65,left_hand,0
BNCI2014001,BNCI2014001,4742,BNCI2014001:4742,9,8,session_T,run_2,66,left_hand,0
BNCI2014001,BNCI2014001,4743,BNCI2014001:4743,9,8,session_T,run_2,67,right_hand,1
BNCI2014001,BNCI2014001,4745,BNCI2014001:4745,9,8,session_T,run_2,68,right_hand,1
BNCI2014001,BNCI2014001,4746,BNCI2014001:4746,9,8,session_T,run_2,69,left_hand,0
BNCI2014001,BNCI2014001,4747,BNCI2014001:4747,9,8,session_T,run_2,70,right_hand,1
BNCI2014001,BNCI2014001,4748,BNCI2014001:4748,9,8,session_T,run_2,71,right_hand,1
BNCI2014001,BNCI2014001,4752,BNCI2014001:4752,9,8,session_T,run_3,72,left_hand,0
BNCI2014001,BNCI2014001,4753,BNCI2014001:4753,9,8,session_T,run_3,73,left_hand,0
BNCI2014001,BNCI2014001,4754,BNCI2014001:4754,9,8,session_T,run_3,74,right_hand,1
BNCI2014001,BNCI2014001,4756,BNCI2014001:4756,9,8,session_T,run_3,75,left_hand,0
BNCI2014001,BNCI2014001,4760,BNCI2014001:4760,9,8,session_T,run_3,76,left_hand,0
BNCI2014001,BNCI2014001,4764,BNCI2014001:4764,9,8,session_T,run_3,77,right_hand,1
BNCI2014001,BNCI2014001,4765,BNCI2014001:4765,9,8,session_T,run_3,78,right_hand,1
BNCI2014001,BNCI2014001,4767,BNCI2014001:4767,9,8,session_T,run_3,79,left_hand,0
BNCI2014001,BNCI2014001,4770,BNCI2014001:4770,9,8,session_T,run_3,80,right_hand,1
BNCI2014001,BNCI2014001,4772,BNCI2014001:4772,9,8,session_T,run_3,81,right_hand,1
BNCI2014001,BNCI2014001,4774,BNCI2014001:4774,9,8,session_T,run_3,82,left_hand,0
BNCI2014001,BNCI2014001,4775,BNCI2014001:4775,9,8,session_T,run_3,83,left_hand,0
BNCI2014001,BNCI2014001,4776,BNCI2014001:4776,9,8,session_T,run_3,84,right_hand,1
BNCI2014001,BNCI2014001,4778,BNCI2014001:4778,9,8,session_T,run_3,85,left_hand,0
BNCI2014001,BNCI2014001,4780,BNCI2014001:4780,9,8,session_T,run_3,86,left_hand,0
BNCI2014001,BNCI2014001,4784,BNCI2014001:4784,9,8,session_T,run_3,87,right_hand,1
BNCI2014001,BNCI2014001,4785,BNCI2014001:4785,9,8,session_T,run_3,88,right_hand,1
BNCI2014001,BNCI2014001,4786,BNCI2014001:4786,9,8,session_T,run_3,89,right_hand,1
BNCI2014001,BNCI2014001,4788,BNCI2014001:4788,9,8,session_T,run_3,90,left_hand,0
BNCI2014001,BNCI2014001,4789,BNCI2014001:4789,9,8,session_T,run_3,91,right_hand,1
BNCI2014001,BNCI2014001,4790,BNCI2014001:4790,9,8,session_T,run_3,92,left_hand,0
BNCI2014001,BNCI2014001,4795,BNCI2014001:4795,9,8,session_T,run_3,93,right_hand,1
BNCI2014001,BNCI2014001,4796,BNCI2014001:4796,9,8,session_T,run_3,94,right_hand,1
BNCI2014001,BNCI2014001,4797,BNCI2014001:4797,9,8,session_T,run_3,95,left_hand,0
BNCI2014001,BNCI2014001,4801,BNCI2014001:4801,9,8,session_T,run_4,96,left_hand,0
BNCI2014001,BNCI2014001,4804,BNCI2014001:4804,9,8,session_T,run_4,97,right_hand,1
BNCI2014001,BNCI2014001,4805,BNCI2014001:4805,9,8,session_T,run_4,98,right_hand,1
BNCI2014001,BNCI2014001,4808,BNCI2014001:4808,9,8,session_T,run_4,99,left_hand,0
BNCI2014001,BNCI2014001,4809,BNCI2014001:4809,9,8,session_T,run_4,100,left_hand,0
BNCI2014001,BNCI2014001,4810,BNCI2014001:4810,9,8,session_T,run_4,101,right_hand,1
BNCI2014001,BNCI2014001,4811,BNCI2014001:4811,9,8,session_T,run_4,102,right_hand,1
BNCI2014001,BNCI2014001,4812,BNCI2014001:4812,9,8,session_T,run_4,103,left_hand,0
BNCI2014001,BNCI2014001,4814,BNCI2014001:4814,9,8,session_T,run_4,104,left_hand,0
BNCI2014001,BNCI2014001,4815,BNCI2014001:4815,9,8,session_T,run_4,105,right_hand,1
BNCI2014001,BNCI2014001,4817,BNCI2014001:4817,9,8,session_T,run_4,106,left_hand,0
BNCI2014001,BNCI2014001,4819,BNCI2014001:4819,9,8,session_T,run_4,107,right_hand,1
BNCI2014001,BNCI2014001,4820,BNCI2014001:4820,9,8,session_T,run_4,108,right_hand,1
BNCI2014001,BNCI2014001,4821,BNCI2014001:4821,9,8,session_T,run_4,109,right_hand,1
BNCI2014001,BNCI2014001,4822,BNCI2014001:4822,9,8,session_T,run_4,110,left_hand,0
BNCI2014001,BNCI2014001,4823,BNCI2014001:4823,9,8,session_T,run_4,111,right_hand,1
BNCI2014001,BNCI2014001,4824,BNCI2014001:4824,9,8,session_T,run_4,112,right_hand,1
BNCI2014001,BNCI2014001,4825,BNCI2014001:4825,9,8,session_T,run_4,113,left_hand,0
BNCI2014001,BNCI2014001,4829,BNCI2014001:4829,9,8,session_T,run_4,114,left_hand,0
BNCI2014001,BNCI2014001,4830,BNCI2014001:4830,9,8,session_T,run_4,115,left_hand,0
BNCI2014001,BNCI2014001,4835,BNCI2014001:4835,9,8,session_T,run_4,116,right_hand,1
BNCI2014001,BNCI2014001,4839,BNCI2014001:4839,9,8,session_T,run_4,117,left_hand,0
BNCI2014001,BNCI2014001,4844,BNCI2014001:4844,9,8,session_T,run_4,118,left_hand,0
BNCI2014001,BNCI2014001,4846,BNCI2014001:4846,9,8,session_T,run_4,119,right_hand,1
BNCI2014001,BNCI2014001,4848,BNCI2014001:4848,9,8,session_T,run_5,120,left_hand,0
BNCI2014001,BNCI2014001,4849,BNCI2014001:4849,9,8,session_T,run_5,121,left_hand,0
BNCI2014001,BNCI2014001,4852,BNCI2014001:4852,9,8,session_T,run_5,122,left_hand,0
BNCI2014001,BNCI2014001,4856,BNCI2014001:4856,9,8,session_T,run_5,123,right_hand,1
BNCI2014001,BNCI2014001,4857,BNCI2014001:4857,9,8,session_T,run_5,124,right_hand,1
BNCI2014001,BNCI2014001,4859,BNCI2014001:4859,9,8,session_T,run_5,125,right_hand,1
BNCI2014001,BNCI2014001,4863,BNCI2014001:4863,9,8,session_T,run_5,126,right_hand,1
BNCI2014001,BNCI2014001,4864,BNCI2014001:4864,9,8,session_T,run_5,127,left_hand,0
BNCI2014001,BNCI2014001,4865,BNCI2014001:4865,9,8,session_T,run_5,128,right_hand,1
BNCI2014001,BNCI2014001,4867,BNCI2014001:4867,9,8,session_T,run_5,129,left_hand,0
BNCI2014001,BNCI2014001,4869,BNCI2014001:4869,9,8,session_T,run_5,130,right_hand,1
BNCI2014001,BNCI2014001,4872,BNCI2014001:4872,9,8,session_T,run_5,131,left_hand,0
BNCI2014001,BNCI2014001,4873,BNCI2014001:4873,9,8,session_T,run_5,132,left_hand,0
BNCI2014001,BNCI2014001,4874,BNCI2014001:4874,9,8,session_T,run_5,133,right_hand,1
BNCI2014001,BNCI2014001,4876,BNCI2014001:4876,9,8,session_T,run_5,134,left_hand,0
BNCI2014001,BNCI2014001,4878,BNCI2014001:4878,9,8,session_T,run_5,135,right_hand,1
BNCI2014001,BNCI2014001,4879,BNCI2014001:4879,9,8,session_T,run_5,136,right_hand,1
BNCI2014001,BNCI2014001,4885,BNCI2014001:4885,9,8,session_T,run_5,137,left_hand,0
BNCI2014001,BNCI2014001,4886,BNCI2014001:4886,9,8,session_T,run_5,138,left_hand,0
BNCI2014001,BNCI2014001,4887,BNCI2014001:4887,9,8,session_T,run_5,139,right_hand,1
BNCI2014001,BNCI2014001,4888,BNCI2014001:4888,9,8,session_T,run_5,140,left_hand,0
BNCI2014001,BNCI2014001,4890,BNCI2014001:4890,9,8,session_T,run_5,141,right_hand,1
BNCI2014001,BNCI2014001,4893,BNCI2014001:4893,9,8,session_T,run_5,142,left_hand,0
BNCI2014001,BNCI2014001,4894,BNCI2014001:4894,9,8,session_T,run_5,143,right_hand,1
BNCI2014001-4,BNCI2014001,0,BNCI2014001:0,1,0,session_T,run_0,0,tongue,3
BNCI2014001-4,BNCI2014001,1,BNCI2014001:1,1,0,session_T,run_0,1,feet,0
BNCI2014001-4,BNCI2014001,2,BNCI2014001:2,1,0,session_T,run_0,2,right_hand,2
BNCI2014001-4,BNCI2014001,3,BNCI2014001:3,1,0,session_T,run_0,3,left_hand,1
BNCI2014001-4,BNCI2014001,4,BNCI2014001:4,1,0,session_T,run_0,4,left_hand,1
BNCI2014001-4,BNCI2014001,5,BNCI2014001:5,1,0,session_T,run_0,5,right_hand,2
BNCI2014001-4,BNCI2014001,6,BNCI2014001:6,1,0,session_T,run_0,6,feet,0
BNCI2014001-4,BNCI2014001,7,BNCI2014001:7,1,0,session_T,run_0,7,tongue,3
BNCI2014001-4,BNCI2014001,8,BNCI2014001:8,1,0,session_T,run_0,8,right_hand,2
BNCI2014001-4,BNCI2014001,9,BNCI2014001:9,1,0,session_T,run_0,9,feet,0
BNCI2014001-4,BNCI2014001,10,BNCI2014001:10,1,0,session_T,run_0,10,left_hand,1
BNCI2014001-4,BNCI2014001,11,BNCI2014001:11,1,0,session_T,run_0,11,left_hand,1
BNCI2014001-4,BNCI2014001,12,BNCI2014001:12,1,0,session_T,run_0,12,left_hand,1
BNCI2014001-4,BNCI2014001,13,BNCI2014001:13,1,0,session_T,run_0,13,tongue,3
BNCI2014001-4,BNCI2014001,14,BNCI2014001:14,1,0,session_T,run_0,14,right_hand,2
BNCI2014001-4,BNCI2014001,15,BNCI2014001:15,1,0,session_T,run_0,15,right_hand,2
BNCI2014001-4,BNCI2014001,16,BNCI2014001:16,1,0,session_T,run_0,16,left_hand,1
BNCI2014001-4,BNCI2014001,17,BNCI2014001:17,1,0,session_T,run_0,17,left_hand,1
BNCI2014001-4,BNCI2014001,18,BNCI2014001:18,1,0,session_T,run_0,18,feet,0
BNCI2014001-4,BNCI2014001,19,BNCI2014001:19,1,0,session_T,run_0,19,left_hand,1
BNCI2014001-4,BNCI2014001,20,BNCI2014001:20,1,0,session_T,run_0,20,right_hand,2
BNCI2014001-4,BNCI2014001,21,BNCI2014001:21,1,0,session_T,run_0,21,tongue,3
BNCI2014001-4,BNCI2014001,22,BNCI2014001:22,1,0,session_T,run_0,22,tongue,3
BNCI2014001-4,BNCI2014001,23,BNCI2014001:23,1,0,session_T,run_0,23,feet,0
BNCI2014001-4,BNCI2014001,24,BNCI2014001:24,1,0,session_T,run_0,24,left_hand,1
BNCI2014001-4,BNCI2014001,25,BNCI2014001:25,1,0,session_T,run_0,25,tongue,3
BNCI2014001-4,BNCI2014001,26,BNCI2014001:26,1,0,session_T,run_0,26,tongue,3
BNCI2014001-4,BNCI2014001,27,BNCI2014001:27,1,0,session_T,run_0,27,right_hand,2
BNCI2014001-4,BNCI2014001,28,BNCI2014001:28,1,0,session_T,run_0,28,tongue,3
BNCI2014001-4,BNCI2014001,29,BNCI2014001:29,1,0,session_T,run_0,29,tongue,3
BNCI2014001-4,BNCI2014001,30,BNCI2014001:30,1,0,session_T,run_0,30,right_hand,2
BNCI2014001-4,BNCI2014001,31,BNCI2014001:31,1,0,session_T,run_0,31,left_hand,1
BNCI2014001-4,BNCI2014001,32,BNCI2014001:32,1,0,session_T,run_0,32,right_hand,2
BNCI2014001-4,BNCI2014001,33,BNCI2014001:33,1,0,session_T,run_0,33,feet,0
BNCI2014001-4,BNCI2014001,34,BNCI2014001:34,1,0,session_T,run_0,34,feet,0
BNCI2014001-4,BNCI2014001,35,BNCI2014001:35,1,0,session_T,run_0,35,feet,0
BNCI2014001-4,BNCI2014001,36,BNCI2014001:36,1,0,session_T,run_0,36,tongue,3
BNCI2014001-4,BNCI2014001,37,BNCI2014001:37,1,0,session_T,run_0,37,feet,0
BNCI2014001-4,BNCI2014001,38,BNCI2014001:38,1,0,session_T,run_0,38,left_hand,1
BNCI2014001-4,BNCI2014001,39,BNCI2014001:39,1,0,session_T,run_0,39,tongue,3
BNCI2014001-4,BNCI2014001,40,BNCI2014001:40,1,0,session_T,run_0,40,right_hand,2
BNCI2014001-4,BNCI2014001,41,BNCI2014001:41,1,0,session_T,run_0,41,feet,0
BNCI2014001-4,BNCI2014001,42,BNCI2014001:42,1,0,session_T,run_0,42,right_hand,2
BNCI2014001-4,BNCI2014001,43,BNCI2014001:43,1,0,session_T,run_0,43,feet,0
BNCI2014001-4,BNCI2014001,44,BNCI2014001:44,1,0,session_T,run_0,44,tongue,3
BNCI2014001-4,BNCI2014001,45,BNCI2014001:45,1,0,session_T,run_0,45,right_hand,2
BNCI2014001-4,BNCI2014001,46,BNCI2014001:46,1,0,session_T,run_0,46,feet,0
BNCI2014001-4,BNCI2014001,47,BNCI2014001:47,1,0,session_T,run_0,47,left_hand,1
BNCI2014001-4,BNCI2014001,48,BNCI2014001:48,1,0,session_T,run_1,48,left_hand,1
BNCI2014001-4,BNCI2014001,49,BNCI2014001:49,1,0,session_T,run_1,49,left_hand,1
BNCI2014001-4,BNCI2014001,50,BNCI2014001:50,1,0,session_T,run_1,50,tongue,3
BNCI2014001-4,BNCI2014001,51,BNCI2014001:51,1,0,session_T,run_1,51,right_hand,2
BNCI2014001-4,BNCI2014001,52,BNCI2014001:52,1,0,session_T,run_1,52,left_hand,1
BNCI2014001-4,BNCI2014001,53,BNCI2014001:53,1,0,session_T,run_1,53,feet,0
BNCI2014001-4,BNCI2014001,54,BNCI2014001:54,1,0,session_T,run_1,54,left_hand,1
BNCI2014001-4,BNCI2014001,55,BNCI2014001:55,1,0,session_T,run_1,55,feet,0
BNCI2014001-4,BNCI2014001,56,BNCI2014001:56,1,0,session_T,run_1,56,right_hand,2
BNCI2014001-4,BNCI2014001,57,BNCI2014001:57,1,0,session_T,run_1,57,tongue,3
BNCI2014001-4,BNCI2014001,58,BNCI2014001:58,1,0,session_T,run_1,58,left_hand,1
BNCI2014001-4,BNCI2014001,59,BNCI2014001:59,1,0,session_T,run_1,59,feet,0
BNCI2014001-4,BNCI2014001,60,BNCI2014001:60,1,0,session_T,run_1,60,feet,0
BNCI2014001-4,BNCI2014001,61,BNCI2014001:61,1,0,session_T,run_1,61,left_hand,1
BNCI2014001-4,BNCI2014001,62,BNCI2014001:62,1,0,session_T,run_1,62,feet,0
BNCI2014001-4,BNCI2014001,63,BNCI2014001:63,1,0,session_T,run_1,63,right_hand,2
BNCI2014001-4,BNCI2014001,64,BNCI2014001:64,1,0,session_T,run_1,64,tongue,3
BNCI2014001-4,BNCI2014001,65,BNCI2014001:65,1,0,session_T,run_1,65,tongue,3
BNCI2014001-4,BNCI2014001,66,BNCI2014001:66,1,0,session_T,run_1,66,tongue,3
BNCI2014001-4,BNCI2014001,67,BNCI2014001:67,1,0,session_T,run_1,67,feet,0
BNCI2014001-4,BNCI2014001,68,BNCI2014001:68,1,0,session_T,run_1,68,left_hand,1
BNCI2014001-4,BNCI2014001,69,BNCI2014001:69,1,0,session_T,run_1,69,tongue,3
BNCI2014001-4,BNCI2014001,70,BNCI2014001:70,1,0,session_T,run_1,70,right_hand,2
BNCI2014001-4,BNCI2014001,71,BNCI2014001:71,1,0,session_T,run_1,71,tongue,3
BNCI2014001-4,BNCI2014001,72,BNCI2014001:72,1,0,session_T,run_1,72,right_hand,2
BNCI2014001-4,BNCI2014001,73,BNCI2014001:73,1,0,session_T,run_1,73,left_hand,1
BNCI2014001-4,BNCI2014001,74,BNCI2014001:74,1,0,session_T,run_1,74,feet,0
BNCI2014001-4,BNCI2014001,75,BNCI2014001:75,1,0,session_T,run_1,75,right_hand,2
BNCI2014001-4,BNCI2014001,76,BNCI2014001:76,1,0,session_T,run_1,76,left_hand,1
BNCI2014001-4,BNCI2014001,77,BNCI2014001:77,1,0,session_T,run_1,77,feet,0
BNCI2014001-4,BNCI2014001,78,BNCI2014001:78,1,0,session_T,run_1,78,feet,0
BNCI2014001-4,BNCI2014001,79,BNCI2014001:79,1,0,session_T,run_1,79,left_hand,1
BNCI2014001-4,BNCI2014001,80,BNCI2014001:80,1,0,session_T,run_1,80,feet,0
BNCI2014001-4,BNCI2014001,81,BNCI2014001:81,1,0,session_T,run_1,81,tongue,3
BNCI2014001-4,BNCI2014001,82,BNCI2014001:82,1,0,session_T,run_1,82,tongue,3
BNCI2014001-4,BNCI2014001,83,BNCI2014001:83,1,0,session_T,run_1,83,right_hand,2
BNCI2014001-4,BNCI2014001,84,BNCI2014001:84,1,0,session_T,run_1,84,left_hand,1
BNCI2014001-4,BNCI2014001,85,BNCI2014001:85,1,0,session_T,run_1,85,right_hand,2
BNCI2014001-4,BNCI2014001,86,BNCI2014001:86,1,0,session_T,run_1,86,tongue,3
BNCI2014001-4,BNCI2014001,87,BNCI2014001:87,1,0,session_T,run_1,87,right_hand,2
BNCI2014001-4,BNCI2014001,88,BNCI2014001:88,1,0,session_T,run_1,88,tongue,3
BNCI2014001-4,BNCI2014001,89,BNCI2014001:89,1,0,session_T,run_1,89,feet,0
BNCI2014001-4,BNCI2014001,90,BNCI2014001:90,1,0,session_T,run_1,90,right_hand,2
BNCI2014001-4,BNCI2014001,91,BNCI2014001:91,1,0,session_T,run_1,91,right_hand,2
BNCI2014001-4,BNCI2014001,92,BNCI2014001:92,1,0,session_T,run_1,92,right_hand,2
BNCI2014001-4,BNCI2014001,93,BNCI2014001:93,1,0,session_T,run_1,93,feet,0
BNCI2014001-4,BNCI2014001,94,BNCI2014001:94,1,0,session_T,run_1,94,tongue,3
BNCI2014001-4,BNCI2014001,95,BNCI2014001:95,1,0,session_T,run_1,95,left_hand,1
BNCI2014001-4,BNCI2014001,96,BNCI2014001:96,1,0,session_T,run_2,96,right_hand,2
BNCI2014001-4,BNCI2014001,97,BNCI2014001:97,1,0,session_T,run_2,97,tongue,3
BNCI2014001-4,BNCI2014001,98,BNCI2014001:98,1,0,session_T,run_2,98,left_hand,1
BNCI2014001-4,BNCI2014001,99,BNCI2014001:99,1,0,session_T,run_2,99,feet,0
BNCI2014001-4,BNCI2014001,100,BNCI2014001:100,1,0,session_T,run_2,100,feet,0
BNCI2014001-4,BNCI2014001,101,BNCI2014001:101,1,0,session_T,run_2,101,tongue,3
BNCI2014001-4,BNCI2014001,102,BNCI2014001:102,1,0,session_T,run_2,102,left_hand,1
BNCI2014001-4,BNCI2014001,103,BNCI2014001:103,1,0,session_T,run_2,103,left_hand,1
BNCI2014001-4,BNCI2014001,104,BNCI2014001:104,1,0,session_T,run_2,104,feet,0
BNCI2014001-4,BNCI2014001,105,BNCI2014001:105,1,0,session_T,run_2,105,right_hand,2
BNCI2014001-4,BNCI2014001,106,BNCI2014001:106,1,0,session_T,run_2,106,tongue,3
BNCI2014001-4,BNCI2014001,107,BNCI2014001:107,1,0,session_T,run_2,107,tongue,3
BNCI2014001-4,BNCI2014001,108,BNCI2014001:108,1,0,session_T,run_2,108,tongue,3
BNCI2014001-4,BNCI2014001,109,BNCI2014001:109,1,0,session_T,run_2,109,right_hand,2
BNCI2014001-4,BNCI2014001,110,BNCI2014001:110,1,0,session_T,run_2,110,left_hand,1
BNCI2014001-4,BNCI2014001,111,BNCI2014001:111,1,0,session_T,run_2,111,feet,0
BNCI2014001-4,BNCI2014001,112,BNCI2014001:112,1,0,session_T,run_2,112,right_hand,2
BNCI2014001-4,BNCI2014001,113,BNCI2014001:113,1,0,session_T,run_2,113,tongue,3
BNCI2014001-4,BNCI2014001,114,BNCI2014001:114,1,0,session_T,run_2,114,left_hand,1
BNCI2014001-4,BNCI2014001,115,BNCI2014001:115,1,0,session_T,run_2,115,tongue,3
BNCI2014001-4,BNCI2014001,116,BNCI2014001:116,1,0,session_T,run_2,116,feet,0
BNCI2014001-4,BNCI2014001,117,BNCI2014001:117,1,0,session_T,run_2,117,right_hand,2
BNCI2014001-4,BNCI2014001,118,BNCI2014001:118,1,0,session_T,run_2,118,tongue,3
BNCI2014001-4,BNCI2014001,119,BNCI2014001:119,1,0,session_T,run_2,119,tongue,3
BNCI2014001-4,BNCI2014001,120,BNCI2014001:120,1,0,session_T,run_2,120,left_hand,1
BNCI2014001-4,BNCI2014001,121,BNCI2014001:121,1,0,session_T,run_2,121,right_hand,2
BNCI2014001-4,BNCI2014001,122,BNCI2014001:122,1,0,session_T,run_2,122,right_hand,2
BNCI2014001-4,BNCI2014001,123,BNCI2014001:123,1,0,session_T,run_2,123,feet,0
BNCI2014001-4,BNCI2014001,124,BNCI2014001:124,1,0,session_T,run_2,124,tongue,3
BNCI2014001-4,BNCI2014001,125,BNCI2014001:125,1,0,session_T,run_2,125,right_hand,2
BNCI2014001-4,BNCI2014001,126,BNCI2014001:126,1,0,session_T,run_2,126,left_hand,1
BNCI2014001-4,BNCI2014001,127,BNCI2014001:127,1,0,session_T,run_2,127,left_hand,1
BNCI2014001-4,BNCI2014001,128,BNCI2014001:128,1,0,session_T,run_2,128,tongue,3
BNCI2014001-4,BNCI2014001,129,BNCI2014001:129,1,0,session_T,run_2,129,right_hand,2
BNCI2014001-4,BNCI2014001,130,BNCI2014001:130,1,0,session_T,run_2,130,left_hand,1
BNCI2014001-4,BNCI2014001,131,BNCI2014001:131,1,0,session_T,run_2,131,feet,0
BNCI2014001-4,BNCI2014001,132,BNCI2014001:132,1,0,session_T,run_2,132,right_hand,2
BNCI2014001-4,BNCI2014001,133,BNCI2014001:133,1,0,session_T,run_2,133,right_hand,2
BNCI2014001-4,BNCI2014001,134,BNCI2014001:134,1,0,session_T,run_2,134,feet,0
BNCI2014001-4,BNCI2014001,135,BNCI2014001:135,1,0,session_T,run_2,135,left_hand,1
BNCI2014001-4,BNCI2014001,136,BNCI2014001:136,1,0,session_T,run_2,136,tongue,3
BNCI2014001-4,BNCI2014001,137,BNCI2014001:137,1,0,session_T,run_2,137,feet,0
BNCI2014001-4,BNCI2014001,138,BNCI2014001:138,1,0,session_T,run_2,138,feet,0
BNCI2014001-4,BNCI2014001,139,BNCI2014001:139,1,0,session_T,run_2,139,feet,0
BNCI2014001-4,BNCI2014001,140,BNCI2014001:140,1,0,session_T,run_2,140,feet,0
BNCI2014001-4,BNCI2014001,141,BNCI2014001:141,1,0,session_T,run_2,141,left_hand,1
BNCI2014001-4,BNCI2014001,142,BNCI2014001:142,1,0,session_T,run_2,142,right_hand,2
BNCI2014001-4,BNCI2014001,143,BNCI2014001:143,1,0,session_T,run_2,143,left_hand,1
BNCI2014001-4,BNCI2014001,144,BNCI2014001:144,1,0,session_T,run_3,144,right_hand,2
BNCI2014001-4,BNCI2014001,145,BNCI2014001:145,1,0,session_T,run_3,145,left_hand,1
BNCI2014001-4,BNCI2014001,146,BNCI2014001:146,1,0,session_T,run_3,146,left_hand,1
BNCI2014001-4,BNCI2014001,147,BNCI2014001:147,1,0,session_T,run_3,147,feet,0
BNCI2014001-4,BNCI2014001,148,BNCI2014001:148,1,0,session_T,run_3,148,feet,0
BNCI2014001-4,BNCI2014001,149,BNCI2014001:149,1,0,session_T,run_3,149,right_hand,2
BNCI2014001-4,BNCI2014001,150,BNCI2014001:150,1,0,session_T,run_3,150,feet,0
BNCI2014001-4,BNCI2014001,151,BNCI2014001:151,1,0,session_T,run_3,151,tongue,3
BNCI2014001-4,BNCI2014001,152,BNCI2014001:152,1,0,session_T,run_3,152,left_hand,1
BNCI2014001-4,BNCI2014001,153,BNCI2014001:153,1,0,session_T,run_3,153,tongue,3
BNCI2014001-4,BNCI2014001,154,BNCI2014001:154,1,0,session_T,run_3,154,left_hand,1
BNCI2014001-4,BNCI2014001,155,BNCI2014001:155,1,0,session_T,run_3,155,left_hand,1
BNCI2014001-4,BNCI2014001,156,BNCI2014001:156,1,0,session_T,run_3,156,right_hand,2
BNCI2014001-4,BNCI2014001,157,BNCI2014001:157,1,0,session_T,run_3,157,tongue,3
BNCI2014001-4,BNCI2014001,158,BNCI2014001:158,1,0,session_T,run_3,158,feet,0
BNCI2014001-4,BNCI2014001,159,BNCI2014001:159,1,0,session_T,run_3,159,right_hand,2
BNCI2014001-4,BNCI2014001,160,BNCI2014001:160,1,0,session_T,run_3,160,tongue,3
BNCI2014001-4,BNCI2014001,161,BNCI2014001:161,1,0,session_T,run_3,161,feet,0
BNCI2014001-4,BNCI2014001,162,BNCI2014001:162,1,0,session_T,run_3,162,tongue,3
BNCI2014001-4,BNCI2014001,163,BNCI2014001:163,1,0,session_T,run_3,163,feet,0
BNCI2014001-4,BNCI2014001,164,BNCI2014001:164,1,0,session_T,run_3,164,tongue,3
BNCI2014001-4,BNCI2014001,165,BNCI2014001:165,1,0,session_T,run_3,165,right_hand,2
BNCI2014001-4,BNCI2014001,166,BNCI2014001:166,1,0,session_T,run_3,166,right_hand,2
BNCI2014001-4,BNCI2014001,167,BNCI2014001:167,1,0,session_T,run_3,167,tongue,3
BNCI2014001-4,BNCI2014001,168,BNCI2014001:168,1,0,session_T,run_3,168,left_hand,1
BNCI2014001-4,BNCI2014001,169,BNCI2014001:169,1,0,session_T,run_3,169,right_hand,2
BNCI2014001-4,BNCI2014001,170,BNCI2014001:170,1,0,session_T,run_3,170,right_hand,2
BNCI2014001-4,BNCI2014001,171,BNCI2014001:171,1,0,session_T,run_3,171,right_hand,2
BNCI2014001-4,BNCI2014001,172,BNCI2014001:172,1,0,session_T,run_3,172,feet,0
BNCI2014001-4,BNCI2014001,173,BNCI2014001:173,1,0,session_T,run_3,173,tongue,3
BNCI2014001-4,BNCI2014001,174,BNCI2014001:174,1,0,session_T,run_3,174,left_hand,1
BNCI2014001-4,BNCI2014001,175,BNCI2014001:175,1,0,session_T,run_3,175,tongue,3
BNCI2014001-4,BNCI2014001,176,BNCI2014001:176,1,0,session_T,run_3,176,left_hand,1
BNCI2014001-4,BNCI2014001,177,BNCI2014001:177,1,0,session_T,run_3,177,feet,0
BNCI2014001-4,BNCI2014001,178,BNCI2014001:178,1,0,session_T,run_3,178,left_hand,1
BNCI2014001-4,BNCI2014001,179,BNCI2014001:179,1,0,session_T,run_3,179,tongue,3
BNCI2014001-4,BNCI2014001,180,BNCI2014001:180,1,0,session_T,run_3,180,left_hand,1
BNCI2014001-4,BNCI2014001,181,BNCI2014001:181,1,0,session_T,run_3,181,feet,0
BNCI2014001-4,BNCI2014001,182,BNCI2014001:182,1,0,session_T,run_3,182,left_hand,1
BNCI2014001-4,BNCI2014001,183,BNCI2014001:183,1,0,session_T,run_3,183,right_hand,2
BNCI2014001-4,BNCI2014001,184,BNCI2014001:184,1,0,session_T,run_3,184,feet,0
BNCI2014001-4,BNCI2014001,185,BNCI2014001:185,1,0,session_T,run_3,185,feet,0
BNCI2014001-4,BNCI2014001,186,BNCI2014001:186,1,0,session_T,run_3,186,tongue,3
BNCI2014001-4,BNCI2014001,187,BNCI2014001:187,1,0,session_T,run_3,187,left_hand,1
BNCI2014001-4,BNCI2014001,188,BNCI2014001:188,1,0,session_T,run_3,188,right_hand,2
BNCI2014001-4,BNCI2014001,189,BNCI2014001:189,1,0,session_T,run_3,189,tongue,3
BNCI2014001-4,BNCI2014001,190,BNCI2014001:190,1,0,session_T,run_3,190,right_hand,2
BNCI2014001-4,BNCI2014001,191,BNCI2014001:191,1,0,session_T,run_3,191,feet,0
BNCI2014001-4,BNCI2014001,192,BNCI2014001:192,1,0,session_T,run_4,192,feet,0
BNCI2014001-4,BNCI2014001,193,BNCI2014001:193,1,0,session_T,run_4,193,left_hand,1
BNCI2014001-4,BNCI2014001,194,BNCI2014001:194,1,0,session_T,run_4,194,tongue,3
BNCI2014001-4,BNCI2014001,195,BNCI2014001:195,1,0,session_T,run_4,195,right_hand,2
BNCI2014001-4,BNCI2014001,196,BNCI2014001:196,1,0,session_T,run_4,196,tongue,3
BNCI2014001-4,BNCI2014001,197,BNCI2014001:197,1,0,session_T,run_4,197,left_hand,1
BNCI2014001-4,BNCI2014001,198,BNCI2014001:198,1,0,session_T,run_4,198,left_hand,1
BNCI2014001-4,BNCI2014001,199,BNCI2014001:199,1,0,session_T,run_4,199,feet,0
BNCI2014001-4,BNCI2014001,200,BNCI2014001:200,1,0,session_T,run_4,200,feet,0
BNCI2014001-4,BNCI2014001,201,BNCI2014001:201,1,0,session_T,run_4,201,right_hand,2
BNCI2014001-4,BNCI2014001,202,BNCI2014001:202,1,0,session_T,run_4,202,tongue,3
BNCI2014001-4,BNCI2014001,203,BNCI2014001:203,1,0,session_T,run_4,203,right_hand,2
BNCI2014001-4,BNCI2014001,204,BNCI2014001:204,1,0,session_T,run_4,204,right_hand,2
BNCI2014001-4,BNCI2014001,205,BNCI2014001:205,1,0,session_T,run_4,205,left_hand,1
BNCI2014001-4,BNCI2014001,206,BNCI2014001:206,1,0,session_T,run_4,206,right_hand,2
BNCI2014001-4,BNCI2014001,207,BNCI2014001:207,1,0,session_T,run_4,207,tongue,3
BNCI2014001-4,BNCI2014001,208,BNCI2014001:208,1,0,session_T,run_4,208,tongue,3
BNCI2014001-4,BNCI2014001,209,BNCI2014001:209,1,0,session_T,run_4,209,right_hand,2
BNCI2014001-4,BNCI2014001,210,BNCI2014001:210,1,0,session_T,run_4,210,right_hand,2
BNCI2014001-4,BNCI2014001,211,BNCI2014001:211,1,0,session_T,run_4,211,right_hand,2
BNCI2014001-4,BNCI2014001,212,BNCI2014001:212,1,0,session_T,run_4,212,right_hand,2
BNCI2014001-4,BNCI2014001,213,BNCI2014001:213,1,0,session_T,run_4,213,tongue,3
BNCI2014001-4,BNCI2014001,214,BNCI2014001:214,1,0,session_T,run_4,214,tongue,3
BNCI2014001-4,BNCI2014001,215,BNCI2014001:215,1,0,session_T,run_4,215,feet,0
BNCI2014001-4,BNCI2014001,216,BNCI2014001:216,1,0,session_T,run_4,216,tongue,3
BNCI2014001-4,BNCI2014001,217,BNCI2014001:217,1,0,session_T,run_4,217,left_hand,1
BNCI2014001-4,BNCI2014001,218,BNCI2014001:218,1,0,session_T,run_4,218,right_hand,2
BNCI2014001-4,BNCI2014001,219,BNCI2014001:219,1,0,session_T,run_4,219,feet,0
BNCI2014001-4,BNCI2014001,220,BNCI2014001:220,1,0,session_T,run_4,220,right_hand,2
BNCI2014001-4,BNCI2014001,221,BNCI2014001:221,1,0,session_T,run_4,221,left_hand,1
BNCI2014001-4,BNCI2014001,222,BNCI2014001:222,1,0,session_T,run_4,222,tongue,3
BNCI2014001-4,BNCI2014001,223,BNCI2014001:223,1,0,session_T,run_4,223,left_hand,1
BNCI2014001-4,BNCI2014001,224,BNCI2014001:224,1,0,session_T,run_4,224,tongue,3
BNCI2014001-4,BNCI2014001,225,BNCI2014001:225,1,0,session_T,run_4,225,left_hand,1
BNCI2014001-4,BNCI2014001,226,BNCI2014001:226,1,0,session_T,run_4,226,left_hand,1
BNCI2014001-4,BNCI2014001,227,BNCI2014001:227,1,0,session_T,run_4,227,left_hand,1
BNCI2014001-4,BNCI2014001,228,BNCI2014001:228,1,0,session_T,run_4,228,left_hand,1
BNCI2014001-4,BNCI2014001,229,BNCI2014001:229,1,0,session_T,run_4,229,feet,0
BNCI2014001-4,BNCI2014001,230,BNCI2014001:230,1,0,session_T,run_4,230,feet,0
BNCI2014001-4,BNCI2014001,231,BNCI2014001:231,1,0,session_T,run_4,231,tongue,3
BNCI2014001-4,BNCI2014001,232,BNCI2014001:232,1,0,session_T,run_4,232,right_hand,2
BNCI2014001-4,BNCI2014001,233,BNCI2014001:233,1,0,session_T,run_4,233,feet,0
BNCI2014001-4,BNCI2014001,234,BNCI2014001:234,1,0,session_T,run_4,234,feet,0
BNCI2014001-4,BNCI2014001,235,BNCI2014001:235,1,0,session_T,run_4,235,feet,0
BNCI2014001-4,BNCI2014001,236,BNCI2014001:236,1,0,session_T,run_4,236,tongue,3
BNCI2014001-4,BNCI2014001,237,BNCI2014001:237,1,0,session_T,run_4,237,feet,0
BNCI2014001-4,BNCI2014001,238,BNCI2014001:238,1,0,session_T,run_4,238,left_hand,1
BNCI2014001-4,BNCI2014001,239,BNCI2014001:239,1,0,session_T,run_4,239,feet,0
BNCI2014001-4,BNCI2014001,240,BNCI2014001:240,1,0,session_T,run_5,240,left_hand,1
BNCI2014001-4,BNCI2014001,241,BNCI2014001:241,1,0,session_T,run_5,241,tongue,3
BNCI2014001-4,BNCI2014001,242,BNCI2014001:242,1,0,session_T,run_5,242,right_hand,2
BNCI2014001-4,BNCI2014001,243,BNCI2014001:243,1,0,session_T,run_5,243,tongue,3
BNCI2014001-4,BNCI2014001,244,BNCI2014001:244,1,0,session_T,run_5,244,tongue,3
BNCI2014001-4,BNCI2014001,245,BNCI2014001:245,1,0,session_T,run_5,245,feet,0
BNCI2014001-4,BNCI2014001,246,BNCI2014001:246,1,0,session_T,run_5,246,tongue,3
BNCI2014001-4,BNCI2014001,247,BNCI2014001:247,1,0,session_T,run_5,247,tongue,3
BNCI2014001-4,BNCI2014001,248,BNCI2014001:248,1,0,session_T,run_5,248,feet,0
BNCI2014001-4,BNCI2014001,249,BNCI2014001:249,1,0,session_T,run_5,249,right_hand,2
BNCI2014001-4,BNCI2014001,250,BNCI2014001:250,1,0,session_T,run_5,250,tongue,3
BNCI2014001-4,BNCI2014001,251,BNCI2014001:251,1,0,session_T,run_5,251,feet,0
BNCI2014001-4,BNCI2014001,252,BNCI2014001:252,1,0,session_T,run_5,252,left_hand,1
BNCI2014001-4,BNCI2014001,253,BNCI2014001:253,1,0,session_T,run_5,253,right_hand,2
BNCI2014001-4,BNCI2014001,254,BNCI2014001:254,1,0,session_T,run_5,254,right_hand,2
BNCI2014001-4,BNCI2014001,255,BNCI2014001:255,1,0,session_T,run_5,255,right_hand,2
BNCI2014001-4,BNCI2014001,256,BNCI2014001:256,1,0,session_T,run_5,256,feet,0
BNCI2014001-4,BNCI2014001,257,BNCI2014001:257,1,0,session_T,run_5,257,right_hand,2
BNCI2014001-4,BNCI2014001,258,BNCI2014001:258,1,0,session_T,run_5,258,tongue,3
BNCI2014001-4,BNCI2014001,259,BNCI2014001:259,1,0,session_T,run_5,259,feet,0
BNCI2014001-4,BNCI2014001,260,BNCI2014001:260,1,0,session_T,run_5,260,tongue,3
BNCI2014001-4,BNCI2014001,261,BNCI2014001:261,1,0,session_T,run_5,261,right_hand,2
BNCI2014001-4,BNCI2014001,262,BNCI2014001:262,1,0,session_T,run_5,262,feet,0
BNCI2014001-4,BNCI2014001,263,BNCI2014001:263,1,0,session_T,run_5,263,left_hand,1
BNCI2014001-4,BNCI2014001,264,BNCI2014001:264,1,0,session_T,run_5,264,tongue,3
BNCI2014001-4,BNCI2014001,265,BNCI2014001:265,1,0,session_T,run_5,265,left_hand,1
BNCI2014001-4,BNCI2014001,266,BNCI2014001:266,1,0,session_T,run_5,266,feet,0
BNCI2014001-4,BNCI2014001,267,BNCI2014001:267,1,0,session_T,run_5,267,tongue,3
BNCI2014001-4,BNCI2014001,268,BNCI2014001:268,1,0,session_T,run_5,268,left_hand,1
BNCI2014001-4,BNCI2014001,269,BNCI2014001:269,1,0,session_T,run_5,269,feet,0
BNCI2014001-4,BNCI2014001,270,BNCI2014001:270,1,0,session_T,run_5,270,left_hand,1
BNCI2014001-4,BNCI2014001,271,BNCI2014001:271,1,0,session_T,run_5,271,right_hand,2
BNCI2014001-4,BNCI2014001,272,BNCI2014001:272,1,0,session_T,run_5,272,right_hand,2
BNCI2014001-4,BNCI2014001,273,BNCI2014001:273,1,0,session_T,run_5,273,left_hand,1
BNCI2014001-4,BNCI2014001,274,BNCI2014001:274,1,0,session_T,run_5,274,tongue,3
BNCI2014001-4,BNCI2014001,275,BNCI2014001:275,1,0,session_T,run_5,275,left_hand,1
BNCI2014001-4,BNCI2014001,276,BNCI2014001:276,1,0,session_T,run_5,276,tongue,3
BNCI2014001-4,BNCI2014001,277,BNCI2014001:277,1,0,session_T,run_5,277,feet,0
BNCI2014001-4,BNCI2014001,278,BNCI2014001:278,1,0,session_T,run_5,278,feet,0
BNCI2014001-4,BNCI2014001,279,BNCI2014001:279,1,0,session_T,run_5,279,left_hand,1
BNCI2014001-4,BNCI2014001,280,BNCI2014001:280,1,0,session_T,run_5,280,feet,0
BNCI2014001-4,BNCI2014001,281,BNCI2014001:281,1,0,session_T,run_5,281,right_hand,2
BNCI2014001-4,BNCI2014001,282,BNCI2014001:282,1,0,session_T,run_5,282,right_hand,2
BNCI2014001-4,BNCI2014001,283,BNCI2014001:283,1,0,session_T,run_5,283,left_hand,1
BNCI2014001-4,BNCI2014001,284,BNCI2014001:284,1,0,session_T,run_5,284,feet,0
BNCI2014001-4,BNCI2014001,285,BNCI2014001:285,1,0,session_T,run_5,285,left_hand,1
BNCI2014001-4,BNCI2014001,286,BNCI2014001:286,1,0,session_T,run_5,286,right_hand,2
BNCI2014001-4,BNCI2014001,287,BNCI2014001:287,1,0,session_T,run_5,287,left_hand,1
BNCI2014001-4,BNCI2014001,576,BNCI2014001:576,2,1,session_T,run_0,0,left_hand,1
BNCI2014001-4,BNCI2014001,577,BNCI2014001:577,2,1,session_T,run_0,1,right_hand,2
BNCI2014001-4,BNCI2014001,578,BNCI2014001:578,2,1,session_T,run_0,2,right_hand,2
BNCI2014001-4,BNCI2014001,579,BNCI2014001:579,2,1,session_T,run_0,3,left_hand,1
BNCI2014001-4,BNCI2014001,580,BNCI2014001:580,2,1,session_T,run_0,4,right_hand,2
BNCI2014001-4,BNCI2014001,581,BNCI2014001:581,2,1,session_T,run_0,5,left_hand,1
BNCI2014001-4,BNCI2014001,582,BNCI2014001:582,2,1,session_T,run_0,6,right_hand,2
BNCI2014001-4,BNCI2014001,583,BNCI2014001:583,2,1,session_T,run_0,7,feet,0
BNCI2014001-4,BNCI2014001,584,BNCI2014001:584,2,1,session_T,run_0,8,right_hand,2
BNCI2014001-4,BNCI2014001,585,BNCI2014001:585,2,1,session_T,run_0,9,tongue,3
BNCI2014001-4,BNCI2014001,586,BNCI2014001:586,2,1,session_T,run_0,10,left_hand,1
BNCI2014001-4,BNCI2014001,587,BNCI2014001:587,2,1,session_T,run_0,11,feet,0
BNCI2014001-4,BNCI2014001,588,BNCI2014001:588,2,1,session_T,run_0,12,right_hand,2
BNCI2014001-4,BNCI2014001,589,BNCI2014001:589,2,1,session_T,run_0,13,left_hand,1
BNCI2014001-4,BNCI2014001,590,BNCI2014001:590,2,1,session_T,run_0,14,tongue,3
BNCI2014001-4,BNCI2014001,591,BNCI2014001:591,2,1,session_T,run_0,15,tongue,3
BNCI2014001-4,BNCI2014001,592,BNCI2014001:592,2,1,session_T,run_0,16,tongue,3
BNCI2014001-4,BNCI2014001,593,BNCI2014001:593,2,1,session_T,run_0,17,tongue,3
BNCI2014001-4,BNCI2014001,594,BNCI2014001:594,2,1,session_T,run_0,18,tongue,3
BNCI2014001-4,BNCI2014001,595,BNCI2014001:595,2,1,session_T,run_0,19,left_hand,1
BNCI2014001-4,BNCI2014001,596,BNCI2014001:596,2,1,session_T,run_0,20,feet,0
BNCI2014001-4,BNCI2014001,597,BNCI2014001:597,2,1,session_T,run_0,21,right_hand,2
BNCI2014001-4,BNCI2014001,598,BNCI2014001:598,2,1,session_T,run_0,22,left_hand,1
BNCI2014001-4,BNCI2014001,599,BNCI2014001:599,2,1,session_T,run_0,23,left_hand,1
BNCI2014001-4,BNCI2014001,600,BNCI2014001:600,2,1,session_T,run_0,24,feet,0
BNCI2014001-4,BNCI2014001,601,BNCI2014001:601,2,1,session_T,run_0,25,tongue,3
BNCI2014001-4,BNCI2014001,602,BNCI2014001:602,2,1,session_T,run_0,26,left_hand,1
BNCI2014001-4,BNCI2014001,603,BNCI2014001:603,2,1,session_T,run_0,27,feet,0
BNCI2014001-4,BNCI2014001,604,BNCI2014001:604,2,1,session_T,run_0,28,feet,0
BNCI2014001-4,BNCI2014001,605,BNCI2014001:605,2,1,session_T,run_0,29,feet,0
BNCI2014001-4,BNCI2014001,606,BNCI2014001:606,2,1,session_T,run_0,30,left_hand,1
BNCI2014001-4,BNCI2014001,607,BNCI2014001:607,2,1,session_T,run_0,31,right_hand,2
BNCI2014001-4,BNCI2014001,608,BNCI2014001:608,2,1,session_T,run_0,32,left_hand,1
BNCI2014001-4,BNCI2014001,609,BNCI2014001:609,2,1,session_T,run_0,33,right_hand,2
BNCI2014001-4,BNCI2014001,610,BNCI2014001:610,2,1,session_T,run_0,34,right_hand,2
BNCI2014001-4,BNCI2014001,611,BNCI2014001:611,2,1,session_T,run_0,35,left_hand,1
BNCI2014001-4,BNCI2014001,612,BNCI2014001:612,2,1,session_T,run_0,36,right_hand,2
BNCI2014001-4,BNCI2014001,613,BNCI2014001:613,2,1,session_T,run_0,37,feet,0
BNCI2014001-4,BNCI2014001,614,BNCI2014001:614,2,1,session_T,run_0,38,right_hand,2
BNCI2014001-4,BNCI2014001,615,BNCI2014001:615,2,1,session_T,run_0,39,feet,0
BNCI2014001-4,BNCI2014001,616,BNCI2014001:616,2,1,session_T,run_0,40,feet,0
BNCI2014001-4,BNCI2014001,617,BNCI2014001:617,2,1,session_T,run_0,41,tongue,3
BNCI2014001-4,BNCI2014001,618,BNCI2014001:618,2,1,session_T,run_0,42,feet,0
BNCI2014001-4,BNCI2014001,619,BNCI2014001:619,2,1,session_T,run_0,43,feet,0
BNCI2014001-4,BNCI2014001,620,BNCI2014001:620,2,1,session_T,run_0,44,tongue,3
BNCI2014001-4,BNCI2014001,621,BNCI2014001:621,2,1,session_T,run_0,45,tongue,3
BNCI2014001-4,BNCI2014001,622,BNCI2014001:622,2,1,session_T,run_0,46,tongue,3
BNCI2014001-4,BNCI2014001,623,BNCI2014001:623,2,1,session_T,run_0,47,tongue,3
BNCI2014001-4,BNCI2014001,624,BNCI2014001:624,2,1,session_T,run_1,48,tongue,3
BNCI2014001-4,BNCI2014001,625,BNCI2014001:625,2,1,session_T,run_1,49,feet,0
BNCI2014001-4,BNCI2014001,626,BNCI2014001:626,2,1,session_T,run_1,50,right_hand,2
BNCI2014001-4,BNCI2014001,627,BNCI2014001:627,2,1,session_T,run_1,51,left_hand,1
BNCI2014001-4,BNCI2014001,628,BNCI2014001:628,2,1,session_T,run_1,52,left_hand,1
BNCI2014001-4,BNCI2014001,629,BNCI2014001:629,2,1,session_T,run_1,53,right_hand,2
BNCI2014001-4,BNCI2014001,630,BNCI2014001:630,2,1,session_T,run_1,54,feet,0
BNCI2014001-4,BNCI2014001,631,BNCI2014001:631,2,1,session_T,run_1,55,tongue,3
BNCI2014001-4,BNCI2014001,632,BNCI2014001:632,2,1,session_T,run_1,56,right_hand,2
BNCI2014001-4,BNCI2014001,633,BNCI2014001:633,2,1,session_T,run_1,57,feet,0
BNCI2014001-4,BNCI2014001,634,BNCI2014001:634,2,1,session_T,run_1,58,left_hand,1
BNCI2014001-4,BNCI2014001,635,BNCI2014001:635,2,1,session_T,run_1,59,left_hand,1
BNCI2014001-4,BNCI2014001,636,BNCI2014001:636,2,1,session_T,run_1,60,left_hand,1
BNCI2014001-4,BNCI2014001,637,BNCI2014001:637,2,1,session_T,run_1,61,tongue,3
BNCI2014001-4,BNCI2014001,638,BNCI2014001:638,2,1,session_T,run_1,62,right_hand,2
BNCI2014001-4,BNCI2014001,639,BNCI2014001:639,2,1,session_T,run_1,63,right_hand,2
BNCI2014001-4,BNCI2014001,640,BNCI2014001:640,2,1,session_T,run_1,64,left_hand,1
BNCI2014001-4,BNCI2014001,641,BNCI2014001:641,2,1,session_T,run_1,65,left_hand,1
BNCI2014001-4,BNCI2014001,642,BNCI2014001:642,2,1,session_T,run_1,66,feet,0
BNCI2014001-4,BNCI2014001,643,BNCI2014001:643,2,1,session_T,run_1,67,left_hand,1
BNCI2014001-4,BNCI2014001,644,BNCI2014001:644,2,1,session_T,run_1,68,right_hand,2
BNCI2014001-4,BNCI2014001,645,BNCI2014001:645,2,1,session_T,run_1,69,tongue,3
BNCI2014001-4,BNCI2014001,646,BNCI2014001:646,2,1,session_T,run_1,70,tongue,3
BNCI2014001-4,BNCI2014001,647,BNCI2014001:647,2,1,session_T,run_1,71,feet,0
BNCI2014001-4,BNCI2014001,648,BNCI2014001:648,2,1,session_T,run_1,72,left_hand,1
BNCI2014001-4,BNCI2014001,649,BNCI2014001:649,2,1,session_T,run_1,73,tongue,3
BNCI2014001-4,BNCI2014001,650,BNCI2014001:650,2,1,session_T,run_1,74,tongue,3
BNCI2014001-4,BNCI2014001,651,BNCI2014001:651,2,1,session_T,run_1,75,right_hand,2
BNCI2014001-4,BNCI2014001,652,BNCI2014001:652,2,1,session_T,run_1,76,tongue,3
BNCI2014001-4,BNCI2014001,653,BNCI2014001:653,2,1,session_T,run_1,77,tongue,3
BNCI2014001-4,BNCI2014001,654,BNCI2014001:654,2,1,session_T,run_1,78,right_hand,2
BNCI2014001-4,BNCI2014001,655,BNCI2014001:655,2,1,session_T,run_1,79,left_hand,1
BNCI2014001-4,BNCI2014001,656,BNCI2014001:656,2,1,session_T,run_1,80,right_hand,2
BNCI2014001-4,BNCI2014001,657,BNCI2014001:657,2,1,session_T,run_1,81,feet,0
BNCI2014001-4,BNCI2014001,658,BNCI2014001:658,2,1,session_T,run_1,82,feet,0
BNCI2014001-4,BNCI2014001,659,BNCI2014001:659,2,1,session_T,run_1,83,feet,0
BNCI2014001-4,BNCI2014001,660,BNCI2014001:660,2,1,session_T,run_1,84,tongue,3
BNCI2014001-4,BNCI2014001,661,BNCI2014001:661,2,1,session_T,run_1,85,feet,0
BNCI2014001-4,BNCI2014001,662,BNCI2014001:662,2,1,session_T,run_1,86,left_hand,1
BNCI2014001-4,BNCI2014001,663,BNCI2014001:663,2,1,session_T,run_1,87,tongue,3
BNCI2014001-4,BNCI2014001,664,BNCI2014001:664,2,1,session_T,run_1,88,right_hand,2
BNCI2014001-4,BNCI2014001,665,BNCI2014001:665,2,1,session_T,run_1,89,feet,0
BNCI2014001-4,BNCI2014001,666,BNCI2014001:666,2,1,session_T,run_1,90,right_hand,2
BNCI2014001-4,BNCI2014001,667,BNCI2014001:667,2,1,session_T,run_1,91,feet,0
BNCI2014001-4,BNCI2014001,668,BNCI2014001:668,2,1,session_T,run_1,92,tongue,3
BNCI2014001-4,BNCI2014001,669,BNCI2014001:669,2,1,session_T,run_1,93,right_hand,2
BNCI2014001-4,BNCI2014001,670,BNCI2014001:670,2,1,session_T,run_1,94,feet,0
BNCI2014001-4,BNCI2014001,671,BNCI2014001:671,2,1,session_T,run_1,95,left_hand,1
BNCI2014001-4,BNCI2014001,672,BNCI2014001:672,2,1,session_T,run_2,96,left_hand,1
BNCI2014001-4,BNCI2014001,673,BNCI2014001:673,2,1,session_T,run_2,97,left_hand,1
BNCI2014001-4,BNCI2014001,674,BNCI2014001:674,2,1,session_T,run_2,98,tongue,3
BNCI2014001-4,BNCI2014001,675,BNCI2014001:675,2,1,session_T,run_2,99,right_hand,2
BNCI2014001-4,BNCI2014001,676,BNCI2014001:676,2,1,session_T,run_2,100,left_hand,1
BNCI2014001-4,BNCI2014001,677,BNCI2014001:677,2,1,session_T,run_2,101,feet,0
BNCI2014001-4,BNCI2014001,678,BNCI2014001:678,2,1,session_T,run_2,102,left_hand,1
BNCI2014001-4,BNCI2014001,679,BNCI2014001:679,2,1,session_T,run_2,103,feet,0
BNCI2014001-4,BNCI2014001,680,BNCI2014001:680,2,1,session_T,run_2,104,right_hand,2
BNCI2014001-4,BNCI2014001,681,BNCI2014001:681,2,1,session_T,run_2,105,tongue,3
BNCI2014001-4,BNCI2014001,682,BNCI2014001:682,2,1,session_T,run_2,106,left_hand,1
BNCI2014001-4,BNCI2014001,683,BNCI2014001:683,2,1,session_T,run_2,107,feet,0
BNCI2014001-4,BNCI2014001,684,BNCI2014001:684,2,1,session_T,run_2,108,feet,0
BNCI2014001-4,BNCI2014001,685,BNCI2014001:685,2,1,session_T,run_2,109,left_hand,1
BNCI2014001-4,BNCI2014001,686,BNCI2014001:686,2,1,session_T,run_2,110,feet,0
BNCI2014001-4,BNCI2014001,687,BNCI2014001:687,2,1,session_T,run_2,111,right_hand,2
BNCI2014001-4,BNCI2014001,688,BNCI2014001:688,2,1,session_T,run_2,112,tongue,3
BNCI2014001-4,BNCI2014001,689,BNCI2014001:689,2,1,session_T,run_2,113,tongue,3
BNCI2014001-4,BNCI2014001,690,BNCI2014001:690,2,1,session_T,run_2,114,tongue,3
BNCI2014001-4,BNCI2014001,691,BNCI2014001:691,2,1,session_T,run_2,115,feet,0
BNCI2014001-4,BNCI2014001,692,BNCI2014001:692,2,1,session_T,run_2,116,left_hand,1
BNCI2014001-4,BNCI2014001,693,BNCI2014001:693,2,1,session_T,run_2,117,tongue,3
BNCI2014001-4,BNCI2014001,694,BNCI2014001:694,2,1,session_T,run_2,118,right_hand,2
BNCI2014001-4,BNCI2014001,695,BNCI2014001:695,2,1,session_T,run_2,119,tongue,3
BNCI2014001-4,BNCI2014001,696,BNCI2014001:696,2,1,session_T,run_2,120,right_hand,2
BNCI2014001-4,BNCI2014001,697,BNCI2014001:697,2,1,session_T,run_2,121,left_hand,1
BNCI2014001-4,BNCI2014001,698,BNCI2014001:698,2,1,session_T,run_2,122,feet,0
BNCI2014001-4,BNCI2014001,699,BNCI2014001:699,2,1,session_T,run_2,123,right_hand,2
BNCI2014001-4,BNCI2014001,700,BNCI2014001:700,2,1,session_T,run_2,124,left_hand,1
BNCI2014001-4,BNCI2014001,701,BNCI2014001:701,2,1,session_T,run_2,125,feet,0
BNCI2014001-4,BNCI2014001,702,BNCI2014001:702,2,1,session_T,run_2,126,feet,0
BNCI2014001-4,BNCI2014001,703,BNCI2014001:703,2,1,session_T,run_2,127,left_hand,1
BNCI2014001-4,BNCI2014001,704,BNCI2014001:704,2,1,session_T,run_2,128,feet,0
BNCI2014001-4,BNCI2014001,705,BNCI2014001:705,2,1,session_T,run_2,129,tongue,3
BNCI2014001-4,BNCI2014001,706,BNCI2014001:706,2,1,session_T,run_2,130,tongue,3
BNCI2014001-4,BNCI2014001,707,BNCI2014001:707,2,1,session_T,run_2,131,right_hand,2
BNCI2014001-4,BNCI2014001,708,BNCI2014001:708,2,1,session_T,run_2,132,left_hand,1
BNCI2014001-4,BNCI2014001,709,BNCI2014001:709,2,1,session_T,run_2,133,right_hand,2
BNCI2014001-4,BNCI2014001,710,BNCI2014001:710,2,1,session_T,run_2,134,tongue,3
BNCI2014001-4,BNCI2014001,711,BNCI2014001:711,2,1,session_T,run_2,135,right_hand,2
BNCI2014001-4,BNCI2014001,712,BNCI2014001:712,2,1,session_T,run_2,136,tongue,3
BNCI2014001-4,BNCI2014001,713,BNCI2014001:713,2,1,session_T,run_2,137,feet,0
BNCI2014001-4,BNCI2014001,714,BNCI2014001:714,2,1,session_T,run_2,138,right_hand,2
BNCI2014001-4,BNCI2014001,715,BNCI2014001:715,2,1,session_T,run_2,139,right_hand,2
BNCI2014001-4,BNCI2014001,716,BNCI2014001:716,2,1,session_T,run_2,140,right_hand,2
BNCI2014001-4,BNCI2014001,717,BNCI2014001:717,2,1,session_T,run_2,141,feet,0
BNCI2014001-4,BNCI2014001,718,BNCI2014001:718,2,1,session_T,run_2,142,tongue,3
BNCI2014001-4,BNCI2014001,719,BNCI2014001:719,2,1,session_T,run_2,143,left_hand,1
BNCI2014001-4,BNCI2014001,720,BNCI2014001:720,2,1,session_T,run_3,144,right_hand,2
BNCI2014001-4,BNCI2014001,721,BNCI2014001:721,2,1,session_T,run_3,145,tongue,3
BNCI2014001-4,BNCI2014001,722,BNCI2014001:722,2,1,session_T,run_3,146,left_hand,1
BNCI2014001-4,BNCI2014001,723,BNCI2014001:723,2,1,session_T,run_3,147,feet,0
BNCI2014001-4,BNCI2014001,724,BNCI2014001:724,2,1,session_T,run_3,148,feet,0
BNCI2014001-4,BNCI2014001,725,BNCI2014001:725,2,1,session_T,run_3,149,tongue,3
BNCI2014001-4,BNCI2014001,726,BNCI2014001:726,2,1,session_T,run_3,150,left_hand,1
BNCI2014001-4,BNCI2014001,727,BNCI2014001:727,2,1,session_T,run_3,151,left_hand,1
BNCI2014001-4,BNCI2014001,728,BNCI2014001:728,2,1,session_T,run_3,152,feet,0
BNCI2014001-4,BNCI2014001,729,BNCI2014001:729,2,1,session_T,run_3,153,right_hand,2
BNCI2014001-4,BNCI2014001,730,BNCI2014001:730,2,1,session_T,run_3,154,tongue,3
BNCI2014001-4,BNCI2014001,731,BNCI2014001:731,2,1,session_T,run_3,155,tongue,3
BNCI2014001-4,BNCI2014001,732,BNCI2014001:732,2,1,session_T,run_3,156,tongue,3
BNCI2014001-4,BNCI2014001,733,BNCI2014001:733,2,1,session_T,run_3,157,right_hand,2
BNCI2014001-4,BNCI2014001,734,BNCI2014001:734,2,1,session_T,run_3,158,left_hand,1
BNCI2014001-4,BNCI2014001,735,BNCI2014001:735,2,1,session_T,run_3,159,feet,0
BNCI2014001-4,BNCI2014001,736,BNCI2014001:736,2,1,session_T,run_3,160,right_hand,2
BNCI2014001-4,BNCI2014001,737,BNCI2014001:737,2,1,session_T,run_3,161,tongue,3
BNCI2014001-4,BNCI2014001,738,BNCI2014001:738,2,1,session_T,run_3,162,left_hand,1
BNCI2014001-4,BNCI2014001,739,BNCI2014001:739,2,1,session_T,run_3,163,tongue,3
BNCI2014001-4,BNCI2014001,740,BNCI2014001:740,2,1,session_T,run_3,164,feet,0
BNCI2014001-4,BNCI2014001,741,BNCI2014001:741,2,1,session_T,run_3,165,right_hand,2
BNCI2014001-4,BNCI2014001,742,BNCI2014001:742,2,1,session_T,run_3,166,tongue,3
BNCI2014001-4,BNCI2014001,743,BNCI2014001:743,2,1,session_T,run_3,167,tongue,3
BNCI2014001-4,BNCI2014001,744,BNCI2014001:744,2,1,session_T,run_3,168,left_hand,1
BNCI2014001-4,BNCI2014001,745,BNCI2014001:745,2,1,session_T,run_3,169,right_hand,2
BNCI2014001-4,BNCI2014001,746,BNCI2014001:746,2,1,session_T,run_3,170,right_hand,2
BNCI2014001-4,BNCI2014001,747,BNCI2014001:747,2,1,session_T,run_3,171,feet,0
BNCI2014001-4,BNCI2014001,748,BNCI2014001:748,2,1,session_T,run_3,172,tongue,3
BNCI2014001-4,BNCI2014001,749,BNCI2014001:749,2,1,session_T,run_3,173,right_hand,2
BNCI2014001-4,BNCI2014001,750,BNCI2014001:750,2,1,session_T,run_3,174,left_hand,1
BNCI2014001-4,BNCI2014001,751,BNCI2014001:751,2,1,session_T,run_3,175,left_hand,1
BNCI2014001-4,BNCI2014001,752,BNCI2014001:752,2,1,session_T,run_3,176,tongue,3
BNCI2014001-4,BNCI2014001,753,BNCI2014001:753,2,1,session_T,run_3,177,right_hand,2
BNCI2014001-4,BNCI2014001,754,BNCI2014001:754,2,1,session_T,run_3,178,left_hand,1
BNCI2014001-4,BNCI2014001,755,BNCI2014001:755,2,1,session_T,run_3,179,feet,0
BNCI2014001-4,BNCI2014001,756,BNCI2014001:756,2,1,session_T,run_3,180,right_hand,2
BNCI2014001-4,BNCI2014001,757,BNCI2014001:757,2,1,session_T,run_3,181,right_hand,2
BNCI2014001-4,BNCI2014001,758,BNCI2014001:758,2,1,session_T,run_3,182,feet,0
BNCI2014001-4,BNCI2014001,759,BNCI2014001:759,2,1,session_T,run_3,183,left_hand,1
BNCI2014001-4,BNCI2014001,760,BNCI2014001:760,2,1,session_T,run_3,184,tongue,3
BNCI2014001-4,BNCI2014001,761,BNCI2014001:761,2,1,session_T,run_3,185,feet,0
BNCI2014001-4,BNCI2014001,762,BNCI2014001:762,2,1,session_T,run_3,186,feet,0
BNCI2014001-4,BNCI2014001,763,BNCI2014001:763,2,1,session_T,run_3,187,feet,0
BNCI2014001-4,BNCI2014001,764,BNCI2014001:764,2,1,session_T,run_3,188,feet,0
BNCI2014001-4,BNCI2014001,765,BNCI2014001:765,2,1,session_T,run_3,189,left_hand,1
BNCI2014001-4,BNCI2014001,766,BNCI2014001:766,2,1,session_T,run_3,190,right_hand,2
BNCI2014001-4,BNCI2014001,767,BNCI2014001:767,2,1,session_T,run_3,191,left_hand,1
BNCI2014001-4,BNCI2014001,768,BNCI2014001:768,2,1,session_T,run_4,192,right_hand,2
BNCI2014001-4,BNCI2014001,769,BNCI2014001:769,2,1,session_T,run_4,193,left_hand,1
BNCI2014001-4,BNCI2014001,770,BNCI2014001:770,2,1,session_T,run_4,194,left_hand,1
BNCI2014001-4,BNCI2014001,771,BNCI2014001:771,2,1,session_T,run_4,195,feet,0
BNCI2014001-4,BNCI2014001,772,BNCI2014001:772,2,1,session_T,run_4,196,feet,0
BNCI2014001-4,BNCI2014001,773,BNCI2014001:773,2,1,session_T,run_4,197,right_hand,2
BNCI2014001-4,BNCI2014001,774,BNCI2014001:774,2,1,session_T,run_4,198,feet,0
BNCI2014001-4,BNCI2014001,775,BNCI2014001:775,2,1,session_T,run_4,199,tongue,3
BNCI2014001-4,BNCI2014001,776,BNCI2014001:776,2,1,session_T,run_4,200,left_hand,1
BNCI2014001-4,BNCI2014001,777,BNCI2014001:777,2,1,session_T,run_4,201,tongue,3
BNCI2014001-4,BNCI2014001,778,BNCI2014001:778,2,1,session_T,run_4,202,left_hand,1
BNCI2014001-4,BNCI2014001,779,BNCI2014001:779,2,1,session_T,run_4,203,left_hand,1
BNCI2014001-4,BNCI2014001,780,BNCI2014001:780,2,1,session_T,run_4,204,right_hand,2
BNCI2014001-4,BNCI2014001,781,BNCI2014001:781,2,1,session_T,run_4,205,tongue,3
BNCI2014001-4,BNCI2014001,782,BNCI2014001:782,2,1,session_T,run_4,206,feet,0
BNCI2014001-4,BNCI2014001,783,BNCI2014001:783,2,1,session_T,run_4,207,right_hand,2
BNCI2014001-4,BNCI2014001,784,BNCI2014001:784,2,1,session_T,run_4,208,tongue,3
BNCI2014001-4,BNCI2014001,785,BNCI2014001:785,2,1,session_T,run_4,209,feet,0
BNCI2014001-4,BNCI2014001,786,BNCI2014001:786,2,1,session_T,run_4,210,tongue,3
BNCI2014001-4,BNCI2014001,787,BNCI2014001:787,2,1,session_T,run_4,211,feet,0
BNCI2014001-4,BNCI2014001,788,BNCI2014001:788,2,1,session_T,run_4,212,tongue,3
BNCI2014001-4,BNCI2014001,789,BNCI2014001:789,2,1,session_T,run_4,213,right_hand,2
BNCI2014001-4,BNCI2014001,790,BNCI2014001:790,2,1,session_T,run_4,214,right_hand,2
BNCI2014001-4,BNCI2014001,791,BNCI2014001:791,2,1,session_T,run_4,215,tongue,3
BNCI2014001-4,BNCI2014001,792,BNCI2014001:792,2,1,session_T,run_4,216,left_hand,1
BNCI2014001-4,BNCI2014001,793,BNCI2014001:793,2,1,session_T,run_4,217,right_hand,2
BNCI2014001-4,BNCI2014001,794,BNCI2014001:794,2,1,session_T,run_4,218,right_hand,2
BNCI2014001-4,BNCI2014001,795,BNCI2014001:795,2,1,session_T,run_4,219,right_hand,2
BNCI2014001-4,BNCI2014001,796,BNCI2014001:796,2,1,session_T,run_4,220,feet,0
BNCI2014001-4,BNCI2014001,797,BNCI2014001:797,2,1,session_T,run_4,221,tongue,3
BNCI2014001-4,BNCI2014001,798,BNCI2014001:798,2,1,session_T,run_4,222,left_hand,1
BNCI2014001-4,BNCI2014001,799,BNCI2014001:799,2,1,session_T,run_4,223,tongue,3
BNCI2014001-4,BNCI2014001,800,BNCI2014001:800,2,1,session_T,run_4,224,left_hand,1
BNCI2014001-4,BNCI2014001,801,BNCI2014001:801,2,1,session_T,run_4,225,feet,0
BNCI2014001-4,BNCI2014001,802,BNCI2014001:802,2,1,session_T,run_4,226,left_hand,1
BNCI2014001-4,BNCI2014001,803,BNCI2014001:803,2,1,session_T,run_4,227,tongue,3
BNCI2014001-4,BNCI2014001,804,BNCI2014001:804,2,1,session_T,run_4,228,left_hand,1
BNCI2014001-4,BNCI2014001,805,BNCI2014001:805,2,1,session_T,run_4,229,feet,0
BNCI2014001-4,BNCI2014001,806,BNCI2014001:806,2,1,session_T,run_4,230,left_hand,1
BNCI2014001-4,BNCI2014001,807,BNCI2014001:807,2,1,session_T,run_4,231,right_hand,2
BNCI2014001-4,BNCI2014001,808,BNCI2014001:808,2,1,session_T,run_4,232,feet,0
BNCI2014001-4,BNCI2014001,809,BNCI2014001:809,2,1,session_T,run_4,233,feet,0
BNCI2014001-4,BNCI2014001,810,BNCI2014001:810,2,1,session_T,run_4,234,tongue,3
BNCI2014001-4,BNCI2014001,811,BNCI2014001:811,2,1,session_T,run_4,235,left_hand,1
BNCI2014001-4,BNCI2014001,812,BNCI2014001:812,2,1,session_T,run_4,236,right_hand,2
BNCI2014001-4,BNCI2014001,813,BNCI2014001:813,2,1,session_T,run_4,237,tongue,3
BNCI2014001-4,BNCI2014001,814,BNCI2014001:814,2,1,session_T,run_4,238,right_hand,2
BNCI2014001-4,BNCI2014001,815,BNCI2014001:815,2,1,session_T,run_4,239,feet,0
BNCI2014001-4,BNCI2014001,816,BNCI2014001:816,2,1,session_T,run_5,240,feet,0
BNCI2014001-4,BNCI2014001,817,BNCI2014001:817,2,1,session_T,run_5,241,left_hand,1
BNCI2014001-4,BNCI2014001,818,BNCI2014001:818,2,1,session_T,run_5,242,tongue,3
BNCI2014001-4,BNCI2014001,819,BNCI2014001:819,2,1,session_T,run_5,243,right_hand,2
BNCI2014001-4,BNCI2014001,820,BNCI2014001:820,2,1,session_T,run_5,244,tongue,3
BNCI2014001-4,BNCI2014001,821,BNCI2014001:821,2,1,session_T,run_5,245,left_hand,1
BNCI2014001-4,BNCI2014001,822,BNCI2014001:822,2,1,session_T,run_5,246,left_hand,1
BNCI2014001-4,BNCI2014001,823,BNCI2014001:823,2,1,session_T,run_5,247,feet,0
BNCI2014001-4,BNCI2014001,824,BNCI2014001:824,2,1,session_T,run_5,248,feet,0
BNCI2014001-4,BNCI2014001,825,BNCI2014001:825,2,1,session_T,run_5,249,right_hand,2
BNCI2014001-4,BNCI2014001,826,BNCI2014001:826,2,1,session_T,run_5,250,tongue,3
BNCI2014001-4,BNCI2014001,827,BNCI2014001:827,2,1,session_T,run_5,251,right_hand,2
BNCI2014001-4,BNCI2014001,828,BNCI2014001:828,2,1,session_T,run_5,252,right_hand,2
BNCI2014001-4,BNCI2014001,829,BNCI2014001:829,2,1,session_T,run_5,253,left_hand,1
BNCI2014001-4,BNCI2014001,830,BNCI2014001:830,2,1,session_T,run_5,254,right_hand,2
BNCI2014001-4,BNCI2014001,831,BNCI2014001:831,2,1,session_T,run_5,255,tongue,3
BNCI2014001-4,BNCI2014001,832,BNCI2014001:832,2,1,session_T,run_5,256,tongue,3
BNCI2014001-4,BNCI2014001,833,BNCI2014001:833,2,1,session_T,run_5,257,right_hand,2
BNCI2014001-4,BNCI2014001,834,BNCI2014001:834,2,1,session_T,run_5,258,right_hand,2
BNCI2014001-4,BNCI2014001,835,BNCI2014001:835,2,1,session_T,run_5,259,right_hand,2
BNCI2014001-4,BNCI2014001,836,BNCI2014001:836,2,1,session_T,run_5,260,right_hand,2
BNCI2014001-4,BNCI2014001,837,BNCI2014001:837,2,1,session_T,run_5,261,tongue,3
BNCI2014001-4,BNCI2014001,838,BNCI2014001:838,2,1,session_T,run_5,262,tongue,3
BNCI2014001-4,BNCI2014001,839,BNCI2014001:839,2,1,session_T,run_5,263,feet,0
BNCI2014001-4,BNCI2014001,840,BNCI2014001:840,2,1,session_T,run_5,264,tongue,3
BNCI2014001-4,BNCI2014001,841,BNCI2014001:841,2,1,session_T,run_5,265,left_hand,1
BNCI2014001-4,BNCI2014001,842,BNCI2014001:842,2,1,session_T,run_5,266,right_hand,2
BNCI2014001-4,BNCI2014001,843,BNCI2014001:843,2,1,session_T,run_5,267,feet,0
BNCI2014001-4,BNCI2014001,844,BNCI2014001:844,2,1,session_T,run_5,268,right_hand,2
BNCI2014001-4,BNCI2014001,845,BNCI2014001:845,2,1,session_T,run_5,269,left_hand,1
BNCI2014001-4,BNCI2014001,846,BNCI2014001:846,2,1,session_T,run_5,270,tongue,3
BNCI2014001-4,BNCI2014001,847,BNCI2014001:847,2,1,session_T,run_5,271,left_hand,1
BNCI2014001-4,BNCI2014001,848,BNCI2014001:848,2,1,session_T,run_5,272,tongue,3
BNCI2014001-4,BNCI2014001,849,BNCI2014001:849,2,1,session_T,run_5,273,left_hand,1
BNCI2014001-4,BNCI2014001,850,BNCI2014001:850,2,1,session_T,run_5,274,left_hand,1
BNCI2014001-4,BNCI2014001,851,BNCI2014001:851,2,1,session_T,run_5,275,left_hand,1
BNCI2014001-4,BNCI2014001,852,BNCI2014001:852,2,1,session_T,run_5,276,left_hand,1
BNCI2014001-4,BNCI2014001,853,BNCI2014001:853,2,1,session_T,run_5,277,feet,0
BNCI2014001-4,BNCI2014001,854,BNCI2014001:854,2,1,session_T,run_5,278,feet,0
BNCI2014001-4,BNCI2014001,855,BNCI2014001:855,2,1,session_T,run_5,279,tongue,3
BNCI2014001-4,BNCI2014001,856,BNCI2014001:856,2,1,session_T,run_5,280,right_hand,2
BNCI2014001-4,BNCI2014001,857,BNCI2014001:857,2,1,session_T,run_5,281,feet,0
BNCI2014001-4,BNCI2014001,858,BNCI2014001:858,2,1,session_T,run_5,282,feet,0
BNCI2014001-4,BNCI2014001,859,BNCI2014001:859,2,1,session_T,run_5,283,feet,0
BNCI2014001-4,BNCI2014001,860,BNCI2014001:860,2,1,session_T,run_5,284,tongue,3
BNCI2014001-4,BNCI2014001,861,BNCI2014001:861,2,1,session_T,run_5,285,feet,0
BNCI2014001-4,BNCI2014001,862,BNCI2014001:862,2,1,session_T,run_5,286,left_hand,1
BNCI2014001-4,BNCI2014001,863,BNCI2014001:863,2,1,session_T,run_5,287,feet,0
BNCI2014001-4,BNCI2014001,1152,BNCI2014001:1152,3,2,session_T,run_0,0,left_hand,1
BNCI2014001-4,BNCI2014001,1153,BNCI2014001:1153,3,2,session_T,run_0,1,right_hand,2
BNCI2014001-4,BNCI2014001,1154,BNCI2014001:1154,3,2,session_T,run_0,2,right_hand,2
BNCI2014001-4,BNCI2014001,1155,BNCI2014001:1155,3,2,session_T,run_0,3,left_hand,1
BNCI2014001-4,BNCI2014001,1156,BNCI2014001:1156,3,2,session_T,run_0,4,right_hand,2
BNCI2014001-4,BNCI2014001,1157,BNCI2014001:1157,3,2,session_T,run_0,5,left_hand,1
BNCI2014001-4,BNCI2014001,1158,BNCI2014001:1158,3,2,session_T,run_0,6,right_hand,2
BNCI2014001-4,BNCI2014001,1159,BNCI2014001:1159,3,2,session_T,run_0,7,feet,0
BNCI2014001-4,BNCI2014001,1160,BNCI2014001:1160,3,2,session_T,run_0,8,right_hand,2
BNCI2014001-4,BNCI2014001,1161,BNCI2014001:1161,3,2,session_T,run_0,9,tongue,3
BNCI2014001-4,BNCI2014001,1162,BNCI2014001:1162,3,2,session_T,run_0,10,left_hand,1
BNCI2014001-4,BNCI2014001,1163,BNCI2014001:1163,3,2,session_T,run_0,11,feet,0
BNCI2014001-4,BNCI2014001,1164,BNCI2014001:1164,3,2,session_T,run_0,12,right_hand,2
BNCI2014001-4,BNCI2014001,1165,BNCI2014001:1165,3,2,session_T,run_0,13,left_hand,1
BNCI2014001-4,BNCI2014001,1166,BNCI2014001:1166,3,2,session_T,run_0,14,tongue,3
BNCI2014001-4,BNCI2014001,1167,BNCI2014001:1167,3,2,session_T,run_0,15,tongue,3
BNCI2014001-4,BNCI2014001,1168,BNCI2014001:1168,3,2,session_T,run_0,16,tongue,3
BNCI2014001-4,BNCI2014001,1169,BNCI2014001:1169,3,2,session_T,run_0,17,tongue,3
BNCI2014001-4,BNCI2014001,1170,BNCI2014001:1170,3,2,session_T,run_0,18,tongue,3
BNCI2014001-4,BNCI2014001,1171,BNCI2014001:1171,3,2,session_T,run_0,19,left_hand,1
BNCI2014001-4,BNCI2014001,1172,BNCI2014001:1172,3,2,session_T,run_0,20,feet,0
BNCI2014001-4,BNCI2014001,1173,BNCI2014001:1173,3,2,session_T,run_0,21,right_hand,2
BNCI2014001-4,BNCI2014001,1174,BNCI2014001:1174,3,2,session_T,run_0,22,left_hand,1
BNCI2014001-4,BNCI2014001,1175,BNCI2014001:1175,3,2,session_T,run_0,23,left_hand,1
BNCI2014001-4,BNCI2014001,1176,BNCI2014001:1176,3,2,session_T,run_0,24,feet,0
BNCI2014001-4,BNCI2014001,1177,BNCI2014001:1177,3,2,session_T,run_0,25,tongue,3
BNCI2014001-4,BNCI2014001,1178,BNCI2014001:1178,3,2,session_T,run_0,26,left_hand,1
BNCI2014001-4,BNCI2014001,1179,BNCI2014001:1179,3,2,session_T,run_0,27,feet,0
BNCI2014001-4,BNCI2014001,1180,BNCI2014001:1180,3,2,session_T,run_0,28,feet,0
BNCI2014001-4,BNCI2014001,1181,BNCI2014001:1181,3,2,session_T,run_0,29,feet,0
BNCI2014001-4,BNCI2014001,1182,BNCI2014001:1182,3,2,session_T,run_0,30,left_hand,1
BNCI2014001-4,BNCI2014001,1183,BNCI2014001:1183,3,2,session_T,run_0,31,right_hand,2
BNCI2014001-4,BNCI2014001,1184,BNCI2014001:1184,3,2,session_T,run_0,32,left_hand,1
BNCI2014001-4,BNCI2014001,1185,BNCI2014001:1185,3,2,session_T,run_0,33,right_hand,2
BNCI2014001-4,BNCI2014001,1186,BNCI2014001:1186,3,2,session_T,run_0,34,right_hand,2
BNCI2014001-4,BNCI2014001,1187,BNCI2014001:1187,3,2,session_T,run_0,35,left_hand,1
BNCI2014001-4,BNCI2014001,1188,BNCI2014001:1188,3,2,session_T,run_0,36,right_hand,2
BNCI2014001-4,BNCI2014001,1189,BNCI2014001:1189,3,2,session_T,run_0,37,feet,0
BNCI2014001-4,BNCI2014001,1190,BNCI2014001:1190,3,2,session_T,run_0,38,right_hand,2
BNCI2014001-4,BNCI2014001,1191,BNCI2014001:1191,3,2,session_T,run_0,39,feet,0
BNCI2014001-4,BNCI2014001,1192,BNCI2014001:1192,3,2,session_T,run_0,40,feet,0
BNCI2014001-4,BNCI2014001,1193,BNCI2014001:1193,3,2,session_T,run_0,41,tongue,3
BNCI2014001-4,BNCI2014001,1194,BNCI2014001:1194,3,2,session_T,run_0,42,feet,0
BNCI2014001-4,BNCI2014001,1195,BNCI2014001:1195,3,2,session_T,run_0,43,feet,0
BNCI2014001-4,BNCI2014001,1196,BNCI2014001:1196,3,2,session_T,run_0,44,tongue,3
BNCI2014001-4,BNCI2014001,1197,BNCI2014001:1197,3,2,session_T,run_0,45,tongue,3
BNCI2014001-4,BNCI2014001,1198,BNCI2014001:1198,3,2,session_T,run_0,46,tongue,3
BNCI2014001-4,BNCI2014001,1199,BNCI2014001:1199,3,2,session_T,run_0,47,tongue,3
BNCI2014001-4,BNCI2014001,1200,BNCI2014001:1200,3,2,session_T,run_1,48,tongue,3
BNCI2014001-4,BNCI2014001,1201,BNCI2014001:1201,3,2,session_T,run_1,49,feet,0
BNCI2014001-4,BNCI2014001,1202,BNCI2014001:1202,3,2,session_T,run_1,50,right_hand,2
BNCI2014001-4,BNCI2014001,1203,BNCI2014001:1203,3,2,session_T,run_1,51,left_hand,1
BNCI2014001-4,BNCI2014001,1204,BNCI2014001:1204,3,2,session_T,run_1,52,left_hand,1
BNCI2014001-4,BNCI2014001,1205,BNCI2014001:1205,3,2,session_T,run_1,53,right_hand,2
BNCI2014001-4,BNCI2014001,1206,BNCI2014001:1206,3,2,session_T,run_1,54,feet,0
BNCI2014001-4,BNCI2014001,1207,BNCI2014001:1207,3,2,session_T,run_1,55,tongue,3
BNCI2014001-4,BNCI2014001,1208,BNCI2014001:1208,3,2,session_T,run_1,56,right_hand,2
BNCI2014001-4,BNCI2014001,1209,BNCI2014001:1209,3,2,session_T,run_1,57,feet,0
BNCI2014001-4,BNCI2014001,1210,BNCI2014001:1210,3,2,session_T,run_1,58,left_hand,1
BNCI2014001-4,BNCI2014001,1211,BNCI2014001:1211,3,2,session_T,run_1,59,left_hand,1
BNCI2014001-4,BNCI2014001,1212,BNCI2014001:1212,3,2,session_T,run_1,60,left_hand,1
BNCI2014001-4,BNCI2014001,1213,BNCI2014001:1213,3,2,session_T,run_1,61,tongue,3
BNCI2014001-4,BNCI2014001,1214,BNCI2014001:1214,3,2,session_T,run_1,62,right_hand,2
BNCI2014001-4,BNCI2014001,1215,BNCI2014001:1215,3,2,session_T,run_1,63,right_hand,2
BNCI2014001-4,BNCI2014001,1216,BNCI2014001:1216,3,2,session_T,run_1,64,left_hand,1
BNCI2014001-4,BNCI2014001,1217,BNCI2014001:1217,3,2,session_T,run_1,65,left_hand,1
BNCI2014001-4,BNCI2014001,1218,BNCI2014001:1218,3,2,session_T,run_1,66,feet,0
BNCI2014001-4,BNCI2014001,1219,BNCI2014001:1219,3,2,session_T,run_1,67,left_hand,1
BNCI2014001-4,BNCI2014001,1220,BNCI2014001:1220,3,2,session_T,run_1,68,right_hand,2
BNCI2014001-4,BNCI2014001,1221,BNCI2014001:1221,3,2,session_T,run_1,69,tongue,3
BNCI2014001-4,BNCI2014001,1222,BNCI2014001:1222,3,2,session_T,run_1,70,tongue,3
BNCI2014001-4,BNCI2014001,1223,BNCI2014001:1223,3,2,session_T,run_1,71,feet,0
BNCI2014001-4,BNCI2014001,1224,BNCI2014001:1224,3,2,session_T,run_1,72,left_hand,1
BNCI2014001-4,BNCI2014001,1225,BNCI2014001:1225,3,2,session_T,run_1,73,tongue,3
BNCI2014001-4,BNCI2014001,1226,BNCI2014001:1226,3,2,session_T,run_1,74,tongue,3
BNCI2014001-4,BNCI2014001,1227,BNCI2014001:1227,3,2,session_T,run_1,75,right_hand,2
BNCI2014001-4,BNCI2014001,1228,BNCI2014001:1228,3,2,session_T,run_1,76,tongue,3
BNCI2014001-4,BNCI2014001,1229,BNCI2014001:1229,3,2,session_T,run_1,77,tongue,3
BNCI2014001-4,BNCI2014001,1230,BNCI2014001:1230,3,2,session_T,run_1,78,right_hand,2
BNCI2014001-4,BNCI2014001,1231,BNCI2014001:1231,3,2,session_T,run_1,79,left_hand,1
BNCI2014001-4,BNCI2014001,1232,BNCI2014001:1232,3,2,session_T,run_1,80,right_hand,2
BNCI2014001-4,BNCI2014001,1233,BNCI2014001:1233,3,2,session_T,run_1,81,feet,0
BNCI2014001-4,BNCI2014001,1234,BNCI2014001:1234,3,2,session_T,run_1,82,feet,0
BNCI2014001-4,BNCI2014001,1235,BNCI2014001:1235,3,2,session_T,run_1,83,feet,0
BNCI2014001-4,BNCI2014001,1236,BNCI2014001:1236,3,2,session_T,run_1,84,tongue,3
BNCI2014001-4,BNCI2014001,1237,BNCI2014001:1237,3,2,session_T,run_1,85,feet,0
BNCI2014001-4,BNCI2014001,1238,BNCI2014001:1238,3,2,session_T,run_1,86,left_hand,1
BNCI2014001-4,BNCI2014001,1239,BNCI2014001:1239,3,2,session_T,run_1,87,tongue,3
BNCI2014001-4,BNCI2014001,1240,BNCI2014001:1240,3,2,session_T,run_1,88,right_hand,2
BNCI2014001-4,BNCI2014001,1241,BNCI2014001:1241,3,2,session_T,run_1,89,feet,0
BNCI2014001-4,BNCI2014001,1242,BNCI2014001:1242,3,2,session_T,run_1,90,right_hand,2
BNCI2014001-4,BNCI2014001,1243,BNCI2014001:1243,3,2,session_T,run_1,91,feet,0
BNCI2014001-4,BNCI2014001,1244,BNCI2014001:1244,3,2,session_T,run_1,92,tongue,3
BNCI2014001-4,BNCI2014001,1245,BNCI2014001:1245,3,2,session_T,run_1,93,right_hand,2
BNCI2014001-4,BNCI2014001,1246,BNCI2014001:1246,3,2,session_T,run_1,94,feet,0
BNCI2014001-4,BNCI2014001,1247,BNCI2014001:1247,3,2,session_T,run_1,95,left_hand,1
BNCI2014001-4,BNCI2014001,1248,BNCI2014001:1248,3,2,session_T,run_2,96,left_hand,1
BNCI2014001-4,BNCI2014001,1249,BNCI2014001:1249,3,2,session_T,run_2,97,left_hand,1
BNCI2014001-4,BNCI2014001,1250,BNCI2014001:1250,3,2,session_T,run_2,98,tongue,3
BNCI2014001-4,BNCI2014001,1251,BNCI2014001:1251,3,2,session_T,run_2,99,right_hand,2
BNCI2014001-4,BNCI2014001,1252,BNCI2014001:1252,3,2,session_T,run_2,100,left_hand,1
BNCI2014001-4,BNCI2014001,1253,BNCI2014001:1253,3,2,session_T,run_2,101,feet,0
BNCI2014001-4,BNCI2014001,1254,BNCI2014001:1254,3,2,session_T,run_2,102,left_hand,1
BNCI2014001-4,BNCI2014001,1255,BNCI2014001:1255,3,2,session_T,run_2,103,feet,0
BNCI2014001-4,BNCI2014001,1256,BNCI2014001:1256,3,2,session_T,run_2,104,right_hand,2
BNCI2014001-4,BNCI2014001,1257,BNCI2014001:1257,3,2,session_T,run_2,105,tongue,3
BNCI2014001-4,BNCI2014001,1258,BNCI2014001:1258,3,2,session_T,run_2,106,left_hand,1
BNCI2014001-4,BNCI2014001,1259,BNCI2014001:1259,3,2,session_T,run_2,107,feet,0
BNCI2014001-4,BNCI2014001,1260,BNCI2014001:1260,3,2,session_T,run_2,108,feet,0
BNCI2014001-4,BNCI2014001,1261,BNCI2014001:1261,3,2,session_T,run_2,109,left_hand,1
BNCI2014001-4,BNCI2014001,1262,BNCI2014001:1262,3,2,session_T,run_2,110,feet,0
BNCI2014001-4,BNCI2014001,1263,BNCI2014001:1263,3,2,session_T,run_2,111,right_hand,2
BNCI2014001-4,BNCI2014001,1264,BNCI2014001:1264,3,2,session_T,run_2,112,tongue,3
BNCI2014001-4,BNCI2014001,1265,BNCI2014001:1265,3,2,session_T,run_2,113,tongue,3
BNCI2014001-4,BNCI2014001,1266,BNCI2014001:1266,3,2,session_T,run_2,114,tongue,3
BNCI2014001-4,BNCI2014001,1267,BNCI2014001:1267,3,2,session_T,run_2,115,feet,0
BNCI2014001-4,BNCI2014001,1268,BNCI2014001:1268,3,2,session_T,run_2,116,left_hand,1
BNCI2014001-4,BNCI2014001,1269,BNCI2014001:1269,3,2,session_T,run_2,117,tongue,3
BNCI2014001-4,BNCI2014001,1270,BNCI2014001:1270,3,2,session_T,run_2,118,right_hand,2
BNCI2014001-4,BNCI2014001,1271,BNCI2014001:1271,3,2,session_T,run_2,119,tongue,3
BNCI2014001-4,BNCI2014001,1272,BNCI2014001:1272,3,2,session_T,run_2,120,right_hand,2
BNCI2014001-4,BNCI2014001,1273,BNCI2014001:1273,3,2,session_T,run_2,121,left_hand,1
BNCI2014001-4,BNCI2014001,1274,BNCI2014001:1274,3,2,session_T,run_2,122,feet,0
BNCI2014001-4,BNCI2014001,1275,BNCI2014001:1275,3,2,session_T,run_2,123,right_hand,2
BNCI2014001-4,BNCI2014001,1276,BNCI2014001:1276,3,2,session_T,run_2,124,left_hand,1
BNCI2014001-4,BNCI2014001,1277,BNCI2014001:1277,3,2,session_T,run_2,125,feet,0
BNCI2014001-4,BNCI2014001,1278,BNCI2014001:1278,3,2,session_T,run_2,126,feet,0
BNCI2014001-4,BNCI2014001,1279,BNCI2014001:1279,3,2,session_T,run_2,127,left_hand,1
BNCI2014001-4,BNCI2014001,1280,BNCI2014001:1280,3,2,session_T,run_2,128,feet,0
BNCI2014001-4,BNCI2014001,1281,BNCI2014001:1281,3,2,session_T,run_2,129,tongue,3
BNCI2014001-4,BNCI2014001,1282,BNCI2014001:1282,3,2,session_T,run_2,130,tongue,3
BNCI2014001-4,BNCI2014001,1283,BNCI2014001:1283,3,2,session_T,run_2,131,right_hand,2
BNCI2014001-4,BNCI2014001,1284,BNCI2014001:1284,3,2,session_T,run_2,132,left_hand,1
BNCI2014001-4,BNCI2014001,1285,BNCI2014001:1285,3,2,session_T,run_2,133,right_hand,2
BNCI2014001-4,BNCI2014001,1286,BNCI2014001:1286,3,2,session_T,run_2,134,tongue,3
BNCI2014001-4,BNCI2014001,1287,BNCI2014001:1287,3,2,session_T,run_2,135,right_hand,2
BNCI2014001-4,BNCI2014001,1288,BNCI2014001:1288,3,2,session_T,run_2,136,tongue,3
BNCI2014001-4,BNCI2014001,1289,BNCI2014001:1289,3,2,session_T,run_2,137,feet,0
BNCI2014001-4,BNCI2014001,1290,BNCI2014001:1290,3,2,session_T,run_2,138,right_hand,2
BNCI2014001-4,BNCI2014001,1291,BNCI2014001:1291,3,2,session_T,run_2,139,right_hand,2
BNCI2014001-4,BNCI2014001,1292,BNCI2014001:1292,3,2,session_T,run_2,140,right_hand,2
BNCI2014001-4,BNCI2014001,1293,BNCI2014001:1293,3,2,session_T,run_2,141,feet,0
BNCI2014001-4,BNCI2014001,1294,BNCI2014001:1294,3,2,session_T,run_2,142,tongue,3
BNCI2014001-4,BNCI2014001,1295,BNCI2014001:1295,3,2,session_T,run_2,143,left_hand,1
BNCI2014001-4,BNCI2014001,1296,BNCI2014001:1296,3,2,session_T,run_3,144,right_hand,2
BNCI2014001-4,BNCI2014001,1297,BNCI2014001:1297,3,2,session_T,run_3,145,tongue,3
BNCI2014001-4,BNCI2014001,1298,BNCI2014001:1298,3,2,session_T,run_3,146,left_hand,1
BNCI2014001-4,BNCI2014001,1299,BNCI2014001:1299,3,2,session_T,run_3,147,feet,0
BNCI2014001-4,BNCI2014001,1300,BNCI2014001:1300,3,2,session_T,run_3,148,feet,0
BNCI2014001-4,BNCI2014001,1301,BNCI2014001:1301,3,2,session_T,run_3,149,tongue,3
BNCI2014001-4,BNCI2014001,1302,BNCI2014001:1302,3,2,session_T,run_3,150,left_hand,1
BNCI2014001-4,BNCI2014001,1303,BNCI2014001:1303,3,2,session_T,run_3,151,left_hand,1
BNCI2014001-4,BNCI2014001,1304,BNCI2014001:1304,3,2,session_T,run_3,152,feet,0
BNCI2014001-4,BNCI2014001,1305,BNCI2014001:1305,3,2,session_T,run_3,153,right_hand,2
BNCI2014001-4,BNCI2014001,1306,BNCI2014001:1306,3,2,session_T,run_3,154,tongue,3
BNCI2014001-4,BNCI2014001,1307,BNCI2014001:1307,3,2,session_T,run_3,155,tongue,3
BNCI2014001-4,BNCI2014001,1308,BNCI2014001:1308,3,2,session_T,run_3,156,tongue,3
BNCI2014001-4,BNCI2014001,1309,BNCI2014001:1309,3,2,session_T,run_3,157,right_hand,2
BNCI2014001-4,BNCI2014001,1310,BNCI2014001:1310,3,2,session_T,run_3,158,left_hand,1
BNCI2014001-4,BNCI2014001,1311,BNCI2014001:1311,3,2,session_T,run_3,159,feet,0
BNCI2014001-4,BNCI2014001,1312,BNCI2014001:1312,3,2,session_T,run_3,160,right_hand,2
BNCI2014001-4,BNCI2014001,1313,BNCI2014001:1313,3,2,session_T,run_3,161,tongue,3
BNCI2014001-4,BNCI2014001,1314,BNCI2014001:1314,3,2,session_T,run_3,162,left_hand,1
BNCI2014001-4,BNCI2014001,1315,BNCI2014001:1315,3,2,session_T,run_3,163,tongue,3
BNCI2014001-4,BNCI2014001,1316,BNCI2014001:1316,3,2,session_T,run_3,164,feet,0
BNCI2014001-4,BNCI2014001,1317,BNCI2014001:1317,3,2,session_T,run_3,165,right_hand,2
BNCI2014001-4,BNCI2014001,1318,BNCI2014001:1318,3,2,session_T,run_3,166,tongue,3
BNCI2014001-4,BNCI2014001,1319,BNCI2014001:1319,3,2,session_T,run_3,167,tongue,3
BNCI2014001-4,BNCI2014001,1320,BNCI2014001:1320,3,2,session_T,run_3,168,left_hand,1
BNCI2014001-4,BNCI2014001,1321,BNCI2014001:1321,3,2,session_T,run_3,169,right_hand,2
BNCI2014001-4,BNCI2014001,1322,BNCI2014001:1322,3,2,session_T,run_3,170,right_hand,2
BNCI2014001-4,BNCI2014001,1323,BNCI2014001:1323,3,2,session_T,run_3,171,feet,0
BNCI2014001-4,BNCI2014001,1324,BNCI2014001:1324,3,2,session_T,run_3,172,tongue,3
BNCI2014001-4,BNCI2014001,1325,BNCI2014001:1325,3,2,session_T,run_3,173,right_hand,2
BNCI2014001-4,BNCI2014001,1326,BNCI2014001:1326,3,2,session_T,run_3,174,left_hand,1
BNCI2014001-4,BNCI2014001,1327,BNCI2014001:1327,3,2,session_T,run_3,175,left_hand,1
BNCI2014001-4,BNCI2014001,1328,BNCI2014001:1328,3,2,session_T,run_3,176,tongue,3
BNCI2014001-4,BNCI2014001,1329,BNCI2014001:1329,3,2,session_T,run_3,177,right_hand,2
BNCI2014001-4,BNCI2014001,1330,BNCI2014001:1330,3,2,session_T,run_3,178,left_hand,1
BNCI2014001-4,BNCI2014001,1331,BNCI2014001:1331,3,2,session_T,run_3,179,feet,0
BNCI2014001-4,BNCI2014001,1332,BNCI2014001:1332,3,2,session_T,run_3,180,right_hand,2
BNCI2014001-4,BNCI2014001,1333,BNCI2014001:1333,3,2,session_T,run_3,181,right_hand,2
BNCI2014001-4,BNCI2014001,1334,BNCI2014001:1334,3,2,session_T,run_3,182,feet,0
BNCI2014001-4,BNCI2014001,1335,BNCI2014001:1335,3,2,session_T,run_3,183,left_hand,1
BNCI2014001-4,BNCI2014001,1336,BNCI2014001:1336,3,2,session_T,run_3,184,tongue,3
BNCI2014001-4,BNCI2014001,1337,BNCI2014001:1337,3,2,session_T,run_3,185,feet,0
BNCI2014001-4,BNCI2014001,1338,BNCI2014001:1338,3,2,session_T,run_3,186,feet,0
BNCI2014001-4,BNCI2014001,1339,BNCI2014001:1339,3,2,session_T,run_3,187,feet,0
BNCI2014001-4,BNCI2014001,1340,BNCI2014001:1340,3,2,session_T,run_3,188,feet,0
BNCI2014001-4,BNCI2014001,1341,BNCI2014001:1341,3,2,session_T,run_3,189,left_hand,1
BNCI2014001-4,BNCI2014001,1342,BNCI2014001:1342,3,2,session_T,run_3,190,right_hand,2
BNCI2014001-4,BNCI2014001,1343,BNCI2014001:1343,3,2,session_T,run_3,191,left_hand,1
BNCI2014001-4,BNCI2014001,1344,BNCI2014001:1344,3,2,session_T,run_4,192,right_hand,2
BNCI2014001-4,BNCI2014001,1345,BNCI2014001:1345,3,2,session_T,run_4,193,left_hand,1
BNCI2014001-4,BNCI2014001,1346,BNCI2014001:1346,3,2,session_T,run_4,194,left_hand,1
BNCI2014001-4,BNCI2014001,1347,BNCI2014001:1347,3,2,session_T,run_4,195,feet,0
BNCI2014001-4,BNCI2014001,1348,BNCI2014001:1348,3,2,session_T,run_4,196,feet,0
BNCI2014001-4,BNCI2014001,1349,BNCI2014001:1349,3,2,session_T,run_4,197,right_hand,2
BNCI2014001-4,BNCI2014001,1350,BNCI2014001:1350,3,2,session_T,run_4,198,feet,0
BNCI2014001-4,BNCI2014001,1351,BNCI2014001:1351,3,2,session_T,run_4,199,tongue,3
BNCI2014001-4,BNCI2014001,1352,BNCI2014001:1352,3,2,session_T,run_4,200,left_hand,1
BNCI2014001-4,BNCI2014001,1353,BNCI2014001:1353,3,2,session_T,run_4,201,tongue,3
BNCI2014001-4,BNCI2014001,1354,BNCI2014001:1354,3,2,session_T,run_4,202,left_hand,1
BNCI2014001-4,BNCI2014001,1355,BNCI2014001:1355,3,2,session_T,run_4,203,left_hand,1
BNCI2014001-4,BNCI2014001,1356,BNCI2014001:1356,3,2,session_T,run_4,204,right_hand,2
BNCI2014001-4,BNCI2014001,1357,BNCI2014001:1357,3,2,session_T,run_4,205,tongue,3
BNCI2014001-4,BNCI2014001,1358,BNCI2014001:1358,3,2,session_T,run_4,206,feet,0
BNCI2014001-4,BNCI2014001,1359,BNCI2014001:1359,3,2,session_T,run_4,207,right_hand,2
BNCI2014001-4,BNCI2014001,1360,BNCI2014001:1360,3,2,session_T,run_4,208,tongue,3
BNCI2014001-4,BNCI2014001,1361,BNCI2014001:1361,3,2,session_T,run_4,209,feet,0
BNCI2014001-4,BNCI2014001,1362,BNCI2014001:1362,3,2,session_T,run_4,210,tongue,3
BNCI2014001-4,BNCI2014001,1363,BNCI2014001:1363,3,2,session_T,run_4,211,feet,0
BNCI2014001-4,BNCI2014001,1364,BNCI2014001:1364,3,2,session_T,run_4,212,tongue,3
BNCI2014001-4,BNCI2014001,1365,BNCI2014001:1365,3,2,session_T,run_4,213,right_hand,2
BNCI2014001-4,BNCI2014001,1366,BNCI2014001:1366,3,2,session_T,run_4,214,right_hand,2
BNCI2014001-4,BNCI2014001,1367,BNCI2014001:1367,3,2,session_T,run_4,215,tongue,3
BNCI2014001-4,BNCI2014001,1368,BNCI2014001:1368,3,2,session_T,run_4,216,left_hand,1
BNCI2014001-4,BNCI2014001,1369,BNCI2014001:1369,3,2,session_T,run_4,217,right_hand,2
BNCI2014001-4,BNCI2014001,1370,BNCI2014001:1370,3,2,session_T,run_4,218,right_hand,2
BNCI2014001-4,BNCI2014001,1371,BNCI2014001:1371,3,2,session_T,run_4,219,right_hand,2
BNCI2014001-4,BNCI2014001,1372,BNCI2014001:1372,3,2,session_T,run_4,220,feet,0
BNCI2014001-4,BNCI2014001,1373,BNCI2014001:1373,3,2,session_T,run_4,221,tongue,3
BNCI2014001-4,BNCI2014001,1374,BNCI2014001:1374,3,2,session_T,run_4,222,left_hand,1
BNCI2014001-4,BNCI2014001,1375,BNCI2014001:1375,3,2,session_T,run_4,223,tongue,3
BNCI2014001-4,BNCI2014001,1376,BNCI2014001:1376,3,2,session_T,run_4,224,left_hand,1
BNCI2014001-4,BNCI2014001,1377,BNCI2014001:1377,3,2,session_T,run_4,225,feet,0
BNCI2014001-4,BNCI2014001,1378,BNCI2014001:1378,3,2,session_T,run_4,226,left_hand,1
BNCI2014001-4,BNCI2014001,1379,BNCI2014001:1379,3,2,session_T,run_4,227,tongue,3
BNCI2014001-4,BNCI2014001,1380,BNCI2014001:1380,3,2,session_T,run_4,228,left_hand,1
BNCI2014001-4,BNCI2014001,1381,BNCI2014001:1381,3,2,session_T,run_4,229,feet,0
BNCI2014001-4,BNCI2014001,1382,BNCI2014001:1382,3,2,session_T,run_4,230,left_hand,1
BNCI2014001-4,BNCI2014001,1383,BNCI2014001:1383,3,2,session_T,run_4,231,right_hand,2
BNCI2014001-4,BNCI2014001,1384,BNCI2014001:1384,3,2,session_T,run_4,232,feet,0
BNCI2014001-4,BNCI2014001,1385,BNCI2014001:1385,3,2,session_T,run_4,233,feet,0
BNCI2014001-4,BNCI2014001,1386,BNCI2014001:1386,3,2,session_T,run_4,234,tongue,3
BNCI2014001-4,BNCI2014001,1387,BNCI2014001:1387,3,2,session_T,run_4,235,left_hand,1
BNCI2014001-4,BNCI2014001,1388,BNCI2014001:1388,3,2,session_T,run_4,236,right_hand,2
BNCI2014001-4,BNCI2014001,1389,BNCI2014001:1389,3,2,session_T,run_4,237,tongue,3
BNCI2014001-4,BNCI2014001,1390,BNCI2014001:1390,3,2,session_T,run_4,238,right_hand,2
BNCI2014001-4,BNCI2014001,1391,BNCI2014001:1391,3,2,session_T,run_4,239,feet,0
BNCI2014001-4,BNCI2014001,1392,BNCI2014001:1392,3,2,session_T,run_5,240,feet,0
BNCI2014001-4,BNCI2014001,1393,BNCI2014001:1393,3,2,session_T,run_5,241,left_hand,1
BNCI2014001-4,BNCI2014001,1394,BNCI2014001:1394,3,2,session_T,run_5,242,tongue,3
BNCI2014001-4,BNCI2014001,1395,BNCI2014001:1395,3,2,session_T,run_5,243,right_hand,2
BNCI2014001-4,BNCI2014001,1396,BNCI2014001:1396,3,2,session_T,run_5,244,tongue,3
BNCI2014001-4,BNCI2014001,1397,BNCI2014001:1397,3,2,session_T,run_5,245,left_hand,1
BNCI2014001-4,BNCI2014001,1398,BNCI2014001:1398,3,2,session_T,run_5,246,left_hand,1
BNCI2014001-4,BNCI2014001,1399,BNCI2014001:1399,3,2,session_T,run_5,247,feet,0
BNCI2014001-4,BNCI2014001,1400,BNCI2014001:1400,3,2,session_T,run_5,248,feet,0
BNCI2014001-4,BNCI2014001,1401,BNCI2014001:1401,3,2,session_T,run_5,249,right_hand,2
BNCI2014001-4,BNCI2014001,1402,BNCI2014001:1402,3,2,session_T,run_5,250,tongue,3
BNCI2014001-4,BNCI2014001,1403,BNCI2014001:1403,3,2,session_T,run_5,251,right_hand,2
BNCI2014001-4,BNCI2014001,1404,BNCI2014001:1404,3,2,session_T,run_5,252,right_hand,2
BNCI2014001-4,BNCI2014001,1405,BNCI2014001:1405,3,2,session_T,run_5,253,left_hand,1
BNCI2014001-4,BNCI2014001,1406,BNCI2014001:1406,3,2,session_T,run_5,254,right_hand,2
BNCI2014001-4,BNCI2014001,1407,BNCI2014001:1407,3,2,session_T,run_5,255,tongue,3
BNCI2014001-4,BNCI2014001,1408,BNCI2014001:1408,3,2,session_T,run_5,256,tongue,3
BNCI2014001-4,BNCI2014001,1409,BNCI2014001:1409,3,2,session_T,run_5,257,right_hand,2
BNCI2014001-4,BNCI2014001,1410,BNCI2014001:1410,3,2,session_T,run_5,258,right_hand,2
BNCI2014001-4,BNCI2014001,1411,BNCI2014001:1411,3,2,session_T,run_5,259,right_hand,2
BNCI2014001-4,BNCI2014001,1412,BNCI2014001:1412,3,2,session_T,run_5,260,right_hand,2
BNCI2014001-4,BNCI2014001,1413,BNCI2014001:1413,3,2,session_T,run_5,261,tongue,3
BNCI2014001-4,BNCI2014001,1414,BNCI2014001:1414,3,2,session_T,run_5,262,tongue,3
BNCI2014001-4,BNCI2014001,1415,BNCI2014001:1415,3,2,session_T,run_5,263,feet,0
BNCI2014001-4,BNCI2014001,1416,BNCI2014001:1416,3,2,session_T,run_5,264,tongue,3
BNCI2014001-4,BNCI2014001,1417,BNCI2014001:1417,3,2,session_T,run_5,265,left_hand,1
BNCI2014001-4,BNCI2014001,1418,BNCI2014001:1418,3,2,session_T,run_5,266,right_hand,2
BNCI2014001-4,BNCI2014001,1419,BNCI2014001:1419,3,2,session_T,run_5,267,feet,0
BNCI2014001-4,BNCI2014001,1420,BNCI2014001:1420,3,2,session_T,run_5,268,right_hand,2
BNCI2014001-4,BNCI2014001,1421,BNCI2014001:1421,3,2,session_T,run_5,269,left_hand,1
BNCI2014001-4,BNCI2014001,1422,BNCI2014001:1422,3,2,session_T,run_5,270,tongue,3
BNCI2014001-4,BNCI2014001,1423,BNCI2014001:1423,3,2,session_T,run_5,271,left_hand,1
BNCI2014001-4,BNCI2014001,1424,BNCI2014001:1424,3,2,session_T,run_5,272,tongue,3
BNCI2014001-4,BNCI2014001,1425,BNCI2014001:1425,3,2,session_T,run_5,273,left_hand,1
BNCI2014001-4,BNCI2014001,1426,BNCI2014001:1426,3,2,session_T,run_5,274,left_hand,1
BNCI2014001-4,BNCI2014001,1427,BNCI2014001:1427,3,2,session_T,run_5,275,left_hand,1
BNCI2014001-4,BNCI2014001,1428,BNCI2014001:1428,3,2,session_T,run_5,276,left_hand,1
BNCI2014001-4,BNCI2014001,1429,BNCI2014001:1429,3,2,session_T,run_5,277,feet,0
BNCI2014001-4,BNCI2014001,1430,BNCI2014001:1430,3,2,session_T,run_5,278,feet,0
BNCI2014001-4,BNCI2014001,1431,BNCI2014001:1431,3,2,session_T,run_5,279,tongue,3
BNCI2014001-4,BNCI2014001,1432,BNCI2014001:1432,3,2,session_T,run_5,280,right_hand,2
BNCI2014001-4,BNCI2014001,1433,BNCI2014001:1433,3,2,session_T,run_5,281,feet,0
BNCI2014001-4,BNCI2014001,1434,BNCI2014001:1434,3,2,session_T,run_5,282,feet,0
BNCI2014001-4,BNCI2014001,1435,BNCI2014001:1435,3,2,session_T,run_5,283,feet,0
BNCI2014001-4,BNCI2014001,1436,BNCI2014001:1436,3,2,session_T,run_5,284,tongue,3
BNCI2014001-4,BNCI2014001,1437,BNCI2014001:1437,3,2,session_T,run_5,285,feet,0
BNCI2014001-4,BNCI2014001,1438,BNCI2014001:1438,3,2,session_T,run_5,286,left_hand,1
BNCI2014001-4,BNCI2014001,1439,BNCI2014001:1439,3,2,session_T,run_5,287,feet,0
BNCI2014001-4,BNCI2014001,1728,BNCI2014001:1728,4,3,session_T,run_0,0,tongue,3
BNCI2014001-4,BNCI2014001,1729,BNCI2014001:1729,4,3,session_T,run_0,1,tongue,3
BNCI2014001-4,BNCI2014001,1730,BNCI2014001:1730,4,3,session_T,run_0,2,left_hand,1
BNCI2014001-4,BNCI2014001,1731,BNCI2014001:1731,4,3,session_T,run_0,3,tongue,3
BNCI2014001-4,BNCI2014001,1732,BNCI2014001:1732,4,3,session_T,run_0,4,left_hand,1
BNCI2014001-4,BNCI2014001,1733,BNCI2014001:1733,4,3,session_T,run_0,5,left_hand,1
BNCI2014001-4,BNCI2014001,1734,BNCI2014001:1734,4,3,session_T,run_0,6,tongue,3
BNCI2014001-4,BNCI2014001,1735,BNCI2014001:1735,4,3,session_T,run_0,7,tongue,3
BNCI2014001-4,BNCI2014001,1736,BNCI2014001:1736,4,3,session_T,run_0,8,tongue,3
BNCI2014001-4,BNCI2014001,1737,BNCI2014001:1737,4,3,session_T,run_0,9,right_hand,2
BNCI2014001-4,BNCI2014001,1738,BNCI2014001:1738,4,3,session_T,run_0,10,tongue,3
BNCI2014001-4,BNCI2014001,1739,BNCI2014001:1739,4,3,session_T,run_0,11,left_hand,1
BNCI2014001-4,BNCI2014001,1740,BNCI2014001:1740,4,3,session_T,run_0,12,left_hand,1
BNCI2014001-4,BNCI2014001,1741,BNCI2014001:1741,4,3,session_T,run_0,13,right_hand,2
BNCI2014001-4,BNCI2014001,1742,BNCI2014001:1742,4,3,session_T,run_0,14,right_hand,2
BNCI2014001-4,BNCI2014001,1743,BNCI2014001:1743,4,3,session_T,run_0,15,right_hand,2
BNCI2014001-4,BNCI2014001,1744,BNCI2014001:1744,4,3,session_T,run_0,16,feet,0
BNCI2014001-4,BNCI2014001,1745,BNCI2014001:1745,4,3,session_T,run_0,17,left_hand,1
BNCI2014001-4,BNCI2014001,1746,BNCI2014001:1746,4,3,session_T,run_0,18,feet,0
BNCI2014001-4,BNCI2014001,1747,BNCI2014001:1747,4,3,session_T,run_0,19,right_hand,2
BNCI2014001-4,BNCI2014001,1748,BNCI2014001:1748,4,3,session_T,run_0,20,feet,0
BNCI2014001-4,BNCI2014001,1749,BNCI2014001:1749,4,3,session_T,run_0,21,right_hand,2
BNCI2014001-4,BNCI2014001,1750,BNCI2014001:1750,4,3,session_T,run_0,22,left_hand,1
BNCI2014001-4,BNCI2014001,1751,BNCI2014001:1751,4,3,session_T,run_0,23,feet,0
BNCI2014001-4,BNCI2014001,1752,BNCI2014001:1752,4,3,session_T,run_0,24,feet,0
BNCI2014001-4,BNCI2014001,1753,BNCI2014001:1753,4,3,session_T,run_0,25,left_hand,1
BNCI2014001-4,BNCI2014001,1754,BNCI2014001:1754,4,3,session_T,run_0,26,feet,0
BNCI2014001-4,BNCI2014001,1755,BNCI2014001:1755,4,3,session_T,run_0,27,right_hand,2
BNCI2014001-4,BNCI2014001,1756,BNCI2014001:1756,4,3,session_T,run_0,28,right_hand,2
BNCI2014001-4,BNCI2014001,1757,BNCI2014001:1757,4,3,session_T,run_0,29,tongue,3
BNCI2014001-4,BNCI2014001,1758,BNCI2014001:1758,4,3,session_T,run_0,30,left_hand,1
BNCI2014001-4,BNCI2014001,1759,BNCI2014001:1759,4,3,session_T,run_0,31,feet,0
BNCI2014001-4,BNCI2014001,1760,BNCI2014001:1760,4,3,session_T,run_0,32,left_hand,1
BNCI2014001-4,BNCI2014001,1761,BNCI2014001:1761,4,3,session_T,run_0,33,feet,0
BNCI2014001-4,BNCI2014001,1762,BNCI2014001:1762,4,3,session_T,run_0,34,right_hand,2
BNCI2014001-4,BNCI2014001,1763,BNCI2014001:1763,4,3,session_T,run_0,35,tongue,3
BNCI2014001-4,BNCI2014001,1764,BNCI2014001:1764,4,3,session_T,run_0,36,feet,0
BNCI2014001-4,BNCI2014001,1765,BNCI2014001:1765,4,3,session_T,run_0,37,right_hand,2
BNCI2014001-4,BNCI2014001,1766,BNCI2014001:1766,4,3,session_T,run_0,38,right_hand,2
BNCI2014001-4,BNCI2014001,1767,BNCI2014001:1767,4,3,session_T,run_0,39,feet,0
BNCI2014001-4,BNCI2014001,1768,BNCI2014001:1768,4,3,session_T,run_0,40,left_hand,1
BNCI2014001-4,BNCI2014001,1769,BNCI2014001:1769,4,3,session_T,run_0,41,left_hand,1
BNCI2014001-4,BNCI2014001,1770,BNCI2014001:1770,4,3,session_T,run_0,42,tongue,3
BNCI2014001-4,BNCI2014001,1771,BNCI2014001:1771,4,3,session_T,run_0,43,feet,0
BNCI2014001-4,BNCI2014001,1772,BNCI2014001:1772,4,3,session_T,run_0,44,tongue,3
BNCI2014001-4,BNCI2014001,1773,BNCI2014001:1773,4,3,session_T,run_0,45,right_hand,2
BNCI2014001-4,BNCI2014001,1774,BNCI2014001:1774,4,3,session_T,run_0,46,feet,0
BNCI2014001-4,BNCI2014001,1775,BNCI2014001:1775,4,3,session_T,run_0,47,tongue,3
BNCI2014001-4,BNCI2014001,1776,BNCI2014001:1776,4,3,session_T,run_1,48,feet,0
BNCI2014001-4,BNCI2014001,1777,BNCI2014001:1777,4,3,session_T,run_1,49,right_hand,2
BNCI2014001-4,BNCI2014001,1778,BNCI2014001:1778,4,3,session_T,run_1,50,right_hand,2
BNCI2014001-4,BNCI2014001,1779,BNCI2014001:1779,4,3,session_T,run_1,51,left_hand,1
BNCI2014001-4,BNCI2014001,1780,BNCI2014001:1780,4,3,session_T,run_1,52,right_hand,2
BNCI2014001-4,BNCI2014001,1781,BNCI2014001:1781,4,3,session_T,run_1,53,tongue,3
BNCI2014001-4,BNCI2014001,1782,BNCI2014001:1782,4,3,session_T,run_1,54,feet,0
BNCI2014001-4,BNCI2014001,1783,BNCI2014001:1783,4,3,session_T,run_1,55,left_hand,1
BNCI2014001-4,BNCI2014001,1784,BNCI2014001:1784,4,3,session_T,run_1,56,tongue,3
BNCI2014001-4,BNCI2014001,1785,BNCI2014001:1785,4,3,session_T,run_1,57,left_hand,1
BNCI2014001-4,BNCI2014001,1786,BNCI2014001:1786,4,3,session_T,run_1,58,feet,0
BNCI2014001-4,BNCI2014001,1787,BNCI2014001:1787,4,3,session_T,run_1,59,tongue,3
BNCI2014001-4,BNCI2014001,1788,BNCI2014001:1788,4,3,session_T,run_1,60,left_hand,1
BNCI2014001-4,BNCI2014001,1789,BNCI2014001:1789,4,3,session_T,run_1,61,right_hand,2
BNCI2014001-4,BNCI2014001,1790,BNCI2014001:1790,4,3,session_T,run_1,62,tongue,3
BNCI2014001-4,BNCI2014001,1791,BNCI2014001:1791,4,3,session_T,run_1,63,feet,0
BNCI2014001-4,BNCI2014001,1792,BNCI2014001:1792,4,3,session_T,run_1,64,left_hand,1
BNCI2014001-4,BNCI2014001,1793,BNCI2014001:1793,4,3,session_T,run_1,65,left_hand,1
BNCI2014001-4,BNCI2014001,1794,BNCI2014001:1794,4,3,session_T,run_1,66,feet,0
BNCI2014001-4,BNCI2014001,1795,BNCI2014001:1795,4,3,session_T,run_1,67,tongue,3
BNCI2014001-4,BNCI2014001,1796,BNCI2014001:1796,4,3,session_T,run_1,68,right_hand,2
BNCI2014001-4,BNCI2014001,1797,BNCI2014001:1797,4,3,session_T,run_1,69,left_hand,1
BNCI2014001-4,BNCI2014001,1798,BNCI2014001:1798,4,3,session_T,run_1,70,feet,0
BNCI2014001-4,BNCI2014001,1799,BNCI2014001:1799,4,3,session_T,run_1,71,left_hand,1
BNCI2014001-4,BNCI2014001,1800,BNCI2014001:1800,4,3,session_T,run_1,72,right_hand,2
BNCI2014001-4,BNCI2014001,1801,BNCI2014001:1801,4,3,session_T,run_1,73,right_hand,2
BNCI2014001-4,BNCI2014001,1802,BNCI2014001:1802,4,3,session_T,run_1,74,left_hand,1
BNCI2014001-4,BNCI2014001,1803,BNCI2014001:1803,4,3,session_T,run_1,75,left_hand,1
BNCI2014001-4,BNCI2014001,1804,BNCI2014001:1804,4,3,session_T,run_1,76,right_hand,2
BNCI2014001-4,BNCI2014001,1805,BNCI2014001:1805,4,3,session_T,run_1,77,tongue,3
BNCI2014001-4,BNCI2014001,1806,BNCI2014001:1806,4,3,session_T,run_1,78,right_hand,2
BNCI2014001-4,BNCI2014001,1807,BNCI2014001:1807,4,3,session_T,run_1,79,feet,0
BNCI2014001-4,BNCI2014001,1808,BNCI2014001:1808,4,3,session_T,run_1,80,right_hand,2
BNCI2014001-4,BNCI2014001,1809,BNCI2014001:1809,4,3,session_T,run_1,81,tongue,3
BNCI2014001-4,BNCI2014001,1810,BNCI2014001:1810,4,3,session_T,run_1,82,tongue,3
BNCI2014001-4,BNCI2014001,1811,BNCI2014001:1811,4,3,session_T,run_1,83,tongue,3
BNCI2014001-4,BNCI2014001,1812,BNCI2014001:1812,4,3,session_T,run_1,84,left_hand,1
BNCI2014001-4,BNCI2014001,1813,BNCI2014001:1813,4,3,session_T,run_1,85,feet,0
BNCI2014001-4,BNCI2014001,1814,BNCI2014001:1814,4,3,session_T,run_1,86,right_hand,2
BNCI2014001-4,BNCI2014001,1815,BNCI2014001:1815,4,3,session_T,run_1,87,feet,0
BNCI2014001-4,BNCI2014001,1816,BNCI2014001:1816,4,3,session_T,run_1,88,right_hand,2
BNCI2014001-4,BNCI2014001,1817,BNCI2014001:1817,4,3,session_T,run_1,89,tongue,3
BNCI2014001-4,BNCI2014001,1818,BNCI2014001:1818,4,3,session_T,run_1,90,feet,0
BNCI2014001-4,BNCI2014001,1819,BNCI2014001:1819,4,3,session_T,run_1,91,tongue,3
BNCI2014001-4,BNCI2014001,1820,BNCI2014001:1820,4,3,session_T,run_1,92,tongue,3
BNCI2014001-4,BNCI2014001,1821,BNCI2014001:1821,4,3,session_T,run_1,93,feet,0
BNCI2014001-4,BNCI2014001,1822,BNCI2014001:1822,4,3,session_T,run_1,94,left_hand,1
BNCI2014001-4,BNCI2014001,1823,BNCI2014001:1823,4,3,session_T,run_1,95,feet,0
BNCI2014001-4,BNCI2014001,1824,BNCI2014001:1824,4,3,session_T,run_2,96,left_hand,1
BNCI2014001-4,BNCI2014001,1825,BNCI2014001:1825,4,3,session_T,run_2,97,right_hand,2
BNCI2014001-4,BNCI2014001,1826,BNCI2014001:1826,4,3,session_T,run_2,98,right_hand,2
BNCI2014001-4,BNCI2014001,1827,BNCI2014001:1827,4,3,session_T,run_2,99,left_hand,1
BNCI2014001-4,BNCI2014001,1828,BNCI2014001:1828,4,3,session_T,run_2,100,right_hand,2
BNCI2014001-4,BNCI2014001,1829,BNCI2014001:1829,4,3,session_T,run_2,101,left_hand,1
BNCI2014001-4,BNCI2014001,1830,BNCI2014001:1830,4,3,session_T,run_2,102,right_hand,2
BNCI2014001-4,BNCI2014001,1831,BNCI2014001:1831,4,3,session_T,run_2,103,feet,0
BNCI2014001-4,BNCI2014001,1832,BNCI2014001:1832,4,3,session_T,run_2,104,right_hand,2
BNCI2014001-4,BNCI2014001,1833,BNCI2014001:1833,4,3,session_T,run_2,105,tongue,3
BNCI2014001-4,BNCI2014001,1834,BNCI2014001:1834,4,3,session_T,run_2,106,left_hand,1
BNCI2014001-4,BNCI2014001,1835,BNCI2014001:1835,4,3,session_T,run_2,107,feet,0
BNCI2014001-4,BNCI2014001,1836,BNCI2014001:1836,4,3,session_T,run_2,108,right_hand,2
BNCI2014001-4,BNCI2014001,1837,BNCI2014001:1837,4,3,session_T,run_2,109,left_hand,1
BNCI2014001-4,BNCI2014001,1838,BNCI2014001:1838,4,3,session_T,run_2,110,tongue,3
BNCI2014001-4,BNCI2014001,1839,BNCI2014001:1839,4,3,session_T,run_2,111,tongue,3
BNCI2014001-4,BNCI2014001,1840,BNCI2014001:1840,4,3,session_T,run_2,112,tongue,3
BNCI2014001-4,BNCI2014001,1841,BNCI2014001:1841,4,3,session_T,run_2,113,tongue,3
BNCI2014001-4,BNCI2014001,1842,BNCI2014001:1842,4,3,session_T,run_2,114,tongue,3
BNCI2014001-4,BNCI2014001,1843,BNCI2014001:1843,4,3,session_T,run_2,115,left_hand,1
BNCI2014001-4,BNCI2014001,1844,BNCI2014001:1844,4,3,session_T,run_2,116,feet,0
BNCI2014001-4,BNCI2014001,1845,BNCI2014001:1845,4,3,session_T,run_2,117,right_hand,2
BNCI2014001-4,BNCI2014001,1846,BNCI2014001:1846,4,3,session_T,run_2,118,left_hand,1
BNCI2014001-4,BNCI2014001,1847,BNCI2014001:1847,4,3,session_T,run_2,119,left_hand,1
BNCI2014001-4,BNCI2014001,1848,BNCI2014001:1848,4,3,session_T,run_2,120,feet,0
BNCI2014001-4,BNCI2014001,1849,BNCI2014001:1849,4,3,session_T,run_2,121,tongue,3
BNCI2014001-4,BNCI2014001,1850,BNCI2014001:1850,4,3,session_T,run_2,122,left_hand,1
BNCI2014001-4,BNCI2014001,1851,BNCI2014001:1851,4,3,session_T,run_2,123,feet,0
BNCI2014001-4,BNCI2014001,1852,BNCI2014001:1852,4,3,session_T,run_2,124,feet,0
BNCI2014001-4,BNCI2014001,1853,BNCI2014001:1853,4,3,session_T,run_2,125,feet,0
BNCI2014001-4,BNCI2014001,1854,BNCI2014001:1854,4,3,session_T,run_2,126,left_hand,1
BNCI2014001-4,BNCI2014001,1855,BNCI2014001:1855,4,3,session_T,run_2,127,right_hand,2
BNCI2014001-4,BNCI2014001,1856,BNCI2014001:1856,4,3,session_T,run_2,128,left_hand,1
BNCI2014001-4,BNCI2014001,1857,BNCI2014001:1857,4,3,session_T,run_2,129,right_hand,2
BNCI2014001-4,BNCI2014001,1858,BNCI2014001:1858,4,3,session_T,run_2,130,right_hand,2
BNCI2014001-4,BNCI2014001,1859,BNCI2014001:1859,4,3,session_T,run_2,131,left_hand,1
BNCI2014001-4,BNCI2014001,1860,BNCI2014001:1860,4,3,session_T,run_2,132,right_hand,2
BNCI2014001-4,BNCI2014001,1861,BNCI2014001:1861,4,3,session_T,run_2,133,feet,0
BNCI2014001-4,BNCI2014001,1862,BNCI2014001:1862,4,3,session_T,run_2,134,right_hand,2
BNCI2014001-4,BNCI2014001,1863,BNCI2014001:1863,4,3,session_T,run_2,135,feet,0
BNCI2014001-4,BNCI2014001,1864,BNCI2014001:1864,4,3,session_T,run_2,136,feet,0
BNCI2014001-4,BNCI2014001,1865,BNCI2014001:1865,4,3,session_T,run_2,137,tongue,3
BNCI2014001-4,BNCI2014001,1866,BNCI2014001:1866,4,3,session_T,run_2,138,feet,0
BNCI2014001-4,BNCI2014001,1867,BNCI2014001:1867,4,3,session_T,run_2,139,feet,0
BNCI2014001-4,BNCI2014001,1868,BNCI2014001:1868,4,3,session_T,run_2,140,tongue,3
BNCI2014001-4,BNCI2014001,1869,BNCI2014001:1869,4,3,session_T,run_2,141,tongue,3
BNCI2014001-4,BNCI2014001,1870,BNCI2014001:1870,4,3,session_T,run_2,142,tongue,3
BNCI2014001-4,BNCI2014001,1871,BNCI2014001:1871,4,3,session_T,run_2,143,tongue,3
BNCI2014001-4,BNCI2014001,1872,BNCI2014001:1872,4,3,session_T,run_3,144,tongue,3
BNCI2014001-4,BNCI2014001,1873,BNCI2014001:1873,4,3,session_T,run_3,145,feet,0
BNCI2014001-4,BNCI2014001,1874,BNCI2014001:1874,4,3,session_T,run_3,146,right_hand,2
BNCI2014001-4,BNCI2014001,1875,BNCI2014001:1875,4,3,session_T,run_3,147,left_hand,1
BNCI2014001-4,BNCI2014001,1876,BNCI2014001:1876,4,3,session_T,run_3,148,left_hand,1
BNCI2014001-4,BNCI2014001,1877,BNCI2014001:1877,4,3,session_T,run_3,149,right_hand,2
BNCI2014001-4,BNCI2014001,1878,BNCI2014001:1878,4,3,session_T,run_3,150,feet,0
BNCI2014001-4,BNCI2014001,1879,BNCI2014001:1879,4,3,session_T,run_3,151,tongue,3
BNCI2014001-4,BNCI2014001,1880,BNCI2014001:1880,4,3,session_T,run_3,152,right_hand,2
BNCI2014001-4,BNCI2014001,1881,BNCI2014001:1881,4,3,session_T,run_3,153,feet,0
BNCI2014001-4,BNCI2014001,1882,BNCI2014001:1882,4,3,session_T,run_3,154,left_hand,1
BNCI2014001-4,BNCI2014001,1883,BNCI2014001:1883,4,3,session_T,run_3,155,left_hand,1
BNCI2014001-4,BNCI2014001,1884,BNCI2014001:1884,4,3,session_T,run_3,156,left_hand,1
BNCI2014001-4,BNCI2014001,1885,BNCI2014001:1885,4,3,session_T,run_3,157,tongue,3
BNCI2014001-4,BNCI2014001,1886,BNCI2014001:1886,4,3,session_T,run_3,158,right_hand,2
BNCI2014001-4,BNCI2014001,1887,BNCI2014001:1887,4,3,session_T,run_3,159,right_hand,2
BNCI2014001-4,BNCI2014001,1888,BNCI2014001:1888,4,3,session_T,run_3,160,left_hand,1
BNCI2014001-4,BNCI2014001,1889,BNCI2014001:1889,4,3,session_T,run_3,161,left_hand,1
BNCI2014001-4,BNCI2014001,1890,BNCI2014001:1890,4,3,session_T,run_3,162,feet,0
BNCI2014001-4,BNCI2014001,1891,BNCI2014001:1891,4,3,session_T,run_3,163,left_hand,1
BNCI2014001-4,BNCI2014001,1892,BNCI2014001:1892,4,3,session_T,run_3,164,right_hand,2
BNCI2014001-4,BNCI2014001,1893,BNCI2014001:1893,4,3,session_T,run_3,165,tongue,3
BNCI2014001-4,BNCI2014001,1894,BNCI2014001:1894,4,3,session_T,run_3,166,tongue,3
BNCI2014001-4,BNCI2014001,1895,BNCI2014001:1895,4,3,session_T,run_3,167,feet,0
BNCI2014001-4,BNCI2014001,1896,BNCI2014001:1896,4,3,session_T,run_3,168,left_hand,1
BNCI2014001-4,BNCI2014001,1897,BNCI2014001:1897,4,3,session_T,run_3,169,tongue,3
BNCI2014001-4,BNCI2014001,1898,BNCI2014001:1898,4,3,session_T,run_3,170,tongue,3
BNCI2014001-4,BNCI2014001,1899,BNCI2014001:1899,4,3,session_T,run_3,171,right_hand,2
BNCI2014001-4,BNCI2014001,1900,BNCI2014001:1900,4,3,session_T,run_3,172,tongue,3
BNCI2014001-4,BNCI2014001,1901,BNCI2014001:1901,4,3,session_T,run_3,173,tongue,3
BNCI2014001-4,BNCI2014001,1902,BNCI2014001:1902,4,3,session_T,run_3,174,right_hand,2
BNCI2014001-4,BNCI2014001,1903,BNCI2014001:1903,4,3,session_T,run_3,175,left_hand,1
BNCI2014001-4,BNCI2014001,1904,BNCI2014001:1904,4,3,session_T,run_3,176,right_hand,2
BNCI2014001-4,BNCI2014001,1905,BNCI2014001:1905,4,3,session_T,run_3,177,feet,0
BNCI2014001-4,BNCI2014001,1906,BNCI2014001:1906,4,3,session_T,run_3,178,feet,0
BNCI2014001-4,BNCI2014001,1907,BNCI2014001:1907,4,3,session_T,run_3,179,feet,0
BNCI2014001-4,BNCI2014001,1908,BNCI2014001:1908,4,3,session_T,run_3,180,tongue,3
BNCI2014001-4,BNCI2014001,1909,BNCI2014001:1909,4,3,session_T,run_3,181,feet,0
BNCI2014001-4,BNCI2014001,1910,BNCI2014001:1910,4,3,session_T,run_3,182,left_hand,1
BNCI2014001-4,BNCI2014001,1911,BNCI2014001:1911,4,3,session_T,run_3,183,tongue,3
BNCI2014001-4,BNCI2014001,1912,BNCI2014001:1912,4,3,session_T,run_3,184,right_hand,2
BNCI2014001-4,BNCI2014001,1913,BNCI2014001:1913,4,3,session_T,run_3,185,feet,0
BNCI2014001-4,BNCI2014001,1914,BNCI2014001:1914,4,3,session_T,run_3,186,right_hand,2
BNCI2014001-4,BNCI2014001,1915,BNCI2014001:1915,4,3,session_T,run_3,187,feet,0
BNCI2014001-4,BNCI2014001,1916,BNCI2014001:1916,4,3,session_T,run_3,188,tongue,3
BNCI2014001-4,BNCI2014001,1917,BNCI2014001:1917,4,3,session_T,run_3,189,right_hand,2
BNCI2014001-4,BNCI2014001,1918,BNCI2014001:1918,4,3,session_T,run_3,190,feet,0
BNCI2014001-4,BNCI2014001,1919,BNCI2014001:1919,4,3,session_T,run_3,191,left_hand,1
BNCI2014001-4,BNCI2014001,1920,BNCI2014001:1920,4,3,session_T,run_4,192,left_hand,1
BNCI2014001-4,BNCI2014001,1921,BNCI2014001:1921,4,3,session_T,run_4,193,left_hand,1
BNCI2014001-4,BNCI2014001,1922,BNCI2014001:1922,4,3,session_T,run_4,194,tongue,3
BNCI2014001-4,BNCI2014001,1923,BNCI2014001:1923,4,3,session_T,run_4,195,right_hand,2
BNCI2014001-4,BNCI2014001,1924,BNCI2014001:1924,4,3,session_T,run_4,196,left_hand,1
BNCI2014001-4,BNCI2014001,1925,BNCI2014001:1925,4,3,session_T,run_4,197,feet,0
BNCI2014001-4,BNCI2014001,1926,BNCI2014001:1926,4,3,session_T,run_4,198,left_hand,1
BNCI2014001-4,BNCI2014001,1927,BNCI2014001:1927,4,3,session_T,run_4,199,feet,0
BNCI2014001-4,BNCI2014001,1928,BNCI2014001:1928,4,3,session_T,run_4,200,right_hand,2
BNCI2014001-4,BNCI2014001,1929,BNCI2014001:1929,4,3,session_T,run_4,201,tongue,3
BNCI2014001-4,BNCI2014001,1930,BNCI2014001:1930,4,3,session_T,run_4,202,left_hand,1
BNCI2014001-4,BNCI2014001,1931,BNCI2014001:1931,4,3,session_T,run_4,203,feet,0
BNCI2014001-4,BNCI2014001,1932,BNCI2014001:1932,4,3,session_T,run_4,204,feet,0
BNCI2014001-4,BNCI2014001,1933,BNCI2014001:1933,4,3,session_T,run_4,205,left_hand,1
BNCI2014001-4,BNCI2014001,1934,BNCI2014001:1934,4,3,session_T,run_4,206,feet,0
BNCI2014001-4,BNCI2014001,1935,BNCI2014001:1935,4,3,session_T,run_4,207,right_hand,2
BNCI2014001-4,BNCI2014001,1936,BNCI2014001:1936,4,3,session_T,run_4,208,tongue,3
BNCI2014001-4,BNCI2014001,1937,BNCI2014001:1937,4,3,session_T,run_4,209,tongue,3
BNCI2014001-4,BNCI2014001,1938,BNCI2014001:1938,4,3,session_T,run_4,210,tongue,3
BNCI2014001-4,BNCI2014001,1939,BNCI2014001:1939,4,3,session_T,run_4,211,feet,0
BNCI2014001-4,BNCI2014001,1940,BNCI2014001:1940,4,3,session_T,run_4,212,left_hand,1
BNCI2014001-4,BNCI2014001,1941,BNCI2014001:1941,4,3,session_T,run_4,213,tongue,3
BNCI2014001-4,BNCI2014001,1942,BNCI2014001:1942,4,3,session_T,run_4,214,right_hand,2
BNCI2014001-4,BNCI2014001,1943,BNCI2014001:1943,4,3,session_T,run_4,215,tongue,3
BNCI2014001-4,BNCI2014001,1944,BNCI2014001:1944,4,3,session_T,run_4,216,right_hand,2
BNCI2014001-4,BNCI2014001,1945,BNCI2014001:1945,4,3,session_T,run_4,217,left_hand,1
BNCI2014001-4,BNCI2014001,1946,BNCI2014001:1946,4,3,session_T,run_4,218,feet,0
BNCI2014001-4,BNCI2014001,1947,BNCI2014001:1947,4,3,session_T,run_4,219,right_hand,2
BNCI2014001-4,BNCI2014001,1948,BNCI2014001:1948,4,3,session_T,run_4,220,left_hand,1
BNCI2014001-4,BNCI2014001,1949,BNCI2014001:1949,4,3,session_T,run_4,221,feet,0
BNCI2014001-4,BNCI2014001,1950,BNCI2014001:1950,4,3,session_T,run_4,222,feet,0
BNCI2014001-4,BNCI2014001,1951,BNCI2014001:1951,4,3,session_T,run_4,223,left_hand,1
BNCI2014001-4,BNCI2014001,1952,BNCI2014001:1952,4,3,session_T,run_4,224,feet,0
BNCI2014001-4,BNCI2014001,1953,BNCI2014001:1953,4,3,session_T,run_4,225,tongue,3
BNCI2014001-4,BNCI2014001,1954,BNCI2014001:1954,4,3,session_T,run_4,226,tongue,3
BNCI2014001-4,BNCI2014001,1955,BNCI2014001:1955,4,3,session_T,run_4,227,right_hand,2
BNCI2014001-4,BNCI2014001,1956,BNCI2014001:1956,4,3,session_T,run_4,228,left_hand,1
BNCI2014001-4,BNCI2014001,1957,BNCI2014001:1957,4,3,session_T,run_4,229,right_hand,2
BNCI2014001-4,BNCI2014001,1958,BNCI2014001:1958,4,3,session_T,run_4,230,tongue,3
BNCI2014001-4,BNCI2014001,1959,BNCI2014001:1959,4,3,session_T,run_4,231,right_hand,2
BNCI2014001-4,BNCI2014001,1960,BNCI2014001:1960,4,3,session_T,run_4,232,tongue,3
BNCI2014001-4,BNCI2014001,1961,BNCI2014001:1961,4,3,session_T,run_4,233,feet,0
BNCI2014001-4,BNCI2014001,1962,BNCI2014001:1962,4,3,session_T,run_4,234,right_hand,2
BNCI2014001-4,BNCI2014001,1963,BNCI2014001:1963,4,3,session_T,run_4,235,right_hand,2
BNCI2014001-4,BNCI2014001,1964,BNCI2014001:1964,4,3,session_T,run_4,236,right_hand,2
BNCI2014001-4,BNCI2014001,1965,BNCI2014001:1965,4,3,session_T,run_4,237,feet,0
BNCI2014001-4,BNCI2014001,1966,BNCI2014001:1966,4,3,session_T,run_4,238,tongue,3
BNCI2014001-4,BNCI2014001,1967,BNCI2014001:1967,4,3,session_T,run_4,239,left_hand,1
BNCI2014001-4,BNCI2014001,1968,BNCI2014001:1968,4,3,session_T,run_5,240,right_hand,2
BNCI2014001-4,BNCI2014001,1969,BNCI2014001:1969,4,3,session_T,run_5,241,tongue,3
BNCI2014001-4,BNCI2014001,1970,BNCI2014001:1970,4,3,session_T,run_5,242,left_hand,1
BNCI2014001-4,BNCI2014001,1971,BNCI2014001:1971,4,3,session_T,run_5,243,feet,0
BNCI2014001-4,BNCI2014001,1972,BNCI2014001:1972,4,3,session_T,run_5,244,feet,0
BNCI2014001-4,BNCI2014001,1973,BNCI2014001:1973,4,3,session_T,run_5,245,tongue,3
BNCI2014001-4,BNCI2014001,1974,BNCI2014001:1974,4,3,session_T,run_5,246,left_hand,1
BNCI2014001-4,BNCI2014001,1975,BNCI2014001:1975,4,3,session_T,run_5,247,left_hand,1
BNCI2014001-4,BNCI2014001,1976,BNCI2014001:1976,4,3,session_T,run_5,248,feet,0
BNCI2014001-4,BNCI2014001,1977,BNCI2014001:1977,4,3,session_T,run_5,249,right_hand,2
BNCI2014001-4,BNCI2014001,1978,BNCI2014001:1978,4,3,session_T,run_5,250,tongue,3
BNCI2014001-4,BNCI2014001,1979,BNCI2014001:1979,4,3,session_T,run_5,251,tongue,3
BNCI2014001-4,BNCI2014001,1980,BNCI2014001:1980,4,3,session_T,run_5,252,tongue,3
BNCI2014001-4,BNCI2014001,1981,BNCI2014001:1981,4,3,session_T,run_5,253,right_hand,2
BNCI2014001-4,BNCI2014001,1982,BNCI2014001:1982,4,3,session_T,run_5,254,left_hand,1
BNCI2014001-4,BNCI2014001,1983,BNCI2014001:1983,4,3,session_T,run_5,255,feet,0
BNCI2014001-4,BNCI2014001,1984,BNCI2014001:1984,4,3,session_T,run_5,256,right_hand,2
BNCI2014001-4,BNCI2014001,1985,BNCI2014001:1985,4,3,session_T,run_5,257,tongue,3
BNCI2014001-4,BNCI2014001,1986,BNCI2014001:1986,4,3,session_T,run_5,258,left_hand,1
BNCI2014001-4,BNCI2014001,1987,BNCI2014001:1987,4,3,session_T,run_5,259,tongue,3
BNCI2014001-4,BNCI2014001,1988,BNCI2014001:1988,4,3,session_T,run_5,260,feet,0
BNCI2014001-4,BNCI2014001,1989,BNCI2014001:1989,4,3,session_T,run_5,261,right_hand,2
BNCI2014001-4,BNCI2014001,1990,BNCI2014001:1990,4,3,session_T,run_5,262,tongue,3
BNCI2014001-4,BNCI2014001,1991,BNCI2014001:1991,4,3,session_T,run_5,263,tongue,3
BNCI2014001-4,BNCI2014001,1992,BNCI2014001:1992,4,3,session_T,run_5,264,left_hand,1
BNCI2014001-4,BNCI2014001,1993,BNCI2014001:1993,4,3,session_T,run_5,265,right_hand,2
BNCI2014001-4,BNCI2014001,1994,BNCI2014001:1994,4,3,session_T,run_5,266,right_hand,2
BNCI2014001-4,BNCI2014001,1995,BNCI2014001:1995,4,3,session_T,run_5,267,feet,0
BNCI2014001-4,BNCI2014001,1996,BNCI2014001:1996,4,3,session_T,run_5,268,tongue,3
BNCI2014001-4,BNCI2014001,1997,BNCI2014001:1997,4,3,session_T,run_5,269,right_hand,2
BNCI2014001-4,BNCI2014001,1998,BNCI2014001:1998,4,3,session_T,run_5,270,left_hand,1
BNCI2014001-4,BNCI2014001,1999,BNCI2014001:1999,4,3,session_T,run_5,271,left_hand,1
BNCI2014001-4,BNCI2014001,2000,BNCI2014001:2000,4,3,session_T,run_5,272,tongue,3
BNCI2014001-4,BNCI2014001,2001,BNCI2014001:2001,4,3,session_T,run_5,273,right_hand,2
BNCI2014001-4,BNCI2014001,2002,BNCI2014001:2002,4,3,session_T,run_5,274,left_hand,1
BNCI2014001-4,BNCI2014001,2003,BNCI2014001:2003,4,3,session_T,run_5,275,feet,0
BNCI2014001-4,BNCI2014001,2004,BNCI2014001:2004,4,3,session_T,run_5,276,right_hand,2
BNCI2014001-4,BNCI2014001,2005,BNCI2014001:2005,4,3,session_T,run_5,277,right_hand,2
BNCI2014001-4,BNCI2014001,2006,BNCI2014001:2006,4,3,session_T,run_5,278,feet,0
BNCI2014001-4,BNCI2014001,2007,BNCI2014001:2007,4,3,session_T,run_5,279,left_hand,1
BNCI2014001-4,BNCI2014001,2008,BNCI2014001:2008,4,3,session_T,run_5,280,tongue,3
BNCI2014001-4,BNCI2014001,2009,BNCI2014001:2009,4,3,session_T,run_5,281,feet,0
BNCI2014001-4,BNCI2014001,2010,BNCI2014001:2010,4,3,session_T,run_5,282,feet,0
BNCI2014001-4,BNCI2014001,2011,BNCI2014001:2011,4,3,session_T,run_5,283,feet,0
BNCI2014001-4,BNCI2014001,2012,BNCI2014001:2012,4,3,session_T,run_5,284,feet,0
BNCI2014001-4,BNCI2014001,2013,BNCI2014001:2013,4,3,session_T,run_5,285,left_hand,1
BNCI2014001-4,BNCI2014001,2014,BNCI2014001:2014,4,3,session_T,run_5,286,right_hand,2
BNCI2014001-4,BNCI2014001,2015,BNCI2014001:2015,4,3,session_T,run_5,287,left_hand,1
BNCI2014001-4,BNCI2014001,2304,BNCI2014001:2304,5,4,session_T,run_0,0,left_hand,1
BNCI2014001-4,BNCI2014001,2305,BNCI2014001:2305,5,4,session_T,run_0,1,right_hand,2
BNCI2014001-4,BNCI2014001,2306,BNCI2014001:2306,5,4,session_T,run_0,2,right_hand,2
BNCI2014001-4,BNCI2014001,2307,BNCI2014001:2307,5,4,session_T,run_0,3,left_hand,1
BNCI2014001-4,BNCI2014001,2308,BNCI2014001:2308,5,4,session_T,run_0,4,right_hand,2
BNCI2014001-4,BNCI2014001,2309,BNCI2014001:2309,5,4,session_T,run_0,5,left_hand,1
BNCI2014001-4,BNCI2014001,2310,BNCI2014001:2310,5,4,session_T,run_0,6,right_hand,2
BNCI2014001-4,BNCI2014001,2311,BNCI2014001:2311,5,4,session_T,run_0,7,feet,0
BNCI2014001-4,BNCI2014001,2312,BNCI2014001:2312,5,4,session_T,run_0,8,right_hand,2
BNCI2014001-4,BNCI2014001,2313,BNCI2014001:2313,5,4,session_T,run_0,9,tongue,3
BNCI2014001-4,BNCI2014001,2314,BNCI2014001:2314,5,4,session_T,run_0,10,left_hand,1
BNCI2014001-4,BNCI2014001,2315,BNCI2014001:2315,5,4,session_T,run_0,11,feet,0
BNCI2014001-4,BNCI2014001,2316,BNCI2014001:2316,5,4,session_T,run_0,12,right_hand,2
BNCI2014001-4,BNCI2014001,2317,BNCI2014001:2317,5,4,session_T,run_0,13,left_hand,1
BNCI2014001-4,BNCI2014001,2318,BNCI2014001:2318,5,4,session_T,run_0,14,tongue,3
BNCI2014001-4,BNCI2014001,2319,BNCI2014001:2319,5,4,session_T,run_0,15,tongue,3
BNCI2014001-4,BNCI2014001,2320,BNCI2014001:2320,5,4,session_T,run_0,16,tongue,3
BNCI2014001-4,BNCI2014001,2321,BNCI2014001:2321,5,4,session_T,run_0,17,tongue,3
BNCI2014001-4,BNCI2014001,2322,BNCI2014001:2322,5,4,session_T,run_0,18,tongue,3
BNCI2014001-4,BNCI2014001,2323,BNCI2014001:2323,5,4,session_T,run_0,19,left_hand,1
BNCI2014001-4,BNCI2014001,2324,BNCI2014001:2324,5,4,session_T,run_0,20,feet,0
BNCI2014001-4,BNCI2014001,2325,BNCI2014001:2325,5,4,session_T,run_0,21,right_hand,2
BNCI2014001-4,BNCI2014001,2326,BNCI2014001:2326,5,4,session_T,run_0,22,left_hand,1
BNCI2014001-4,BNCI2014001,2327,BNCI2014001:2327,5,4,session_T,run_0,23,left_hand,1
BNCI2014001-4,BNCI2014001,2328,BNCI2014001:2328,5,4,session_T,run_0,24,feet,0
BNCI2014001-4,BNCI2014001,2329,BNCI2014001:2329,5,4,session_T,run_0,25,tongue,3
BNCI2014001-4,BNCI2014001,2330,BNCI2014001:2330,5,4,session_T,run_0,26,left_hand,1
BNCI2014001-4,BNCI2014001,2331,BNCI2014001:2331,5,4,session_T,run_0,27,feet,0
BNCI2014001-4,BNCI2014001,2332,BNCI2014001:2332,5,4,session_T,run_0,28,feet,0
BNCI2014001-4,BNCI2014001,2333,BNCI2014001:2333,5,4,session_T,run_0,29,feet,0
BNCI2014001-4,BNCI2014001,2334,BNCI2014001:2334,5,4,session_T,run_0,30,left_hand,1
BNCI2014001-4,BNCI2014001,2335,BNCI2014001:2335,5,4,session_T,run_0,31,right_hand,2
BNCI2014001-4,BNCI2014001,2336,BNCI2014001:2336,5,4,session_T,run_0,32,left_hand,1
BNCI2014001-4,BNCI2014001,2337,BNCI2014001:2337,5,4,session_T,run_0,33,right_hand,2
BNCI2014001-4,BNCI2014001,2338,BNCI2014001:2338,5,4,session_T,run_0,34,right_hand,2
BNCI2014001-4,BNCI2014001,2339,BNCI2014001:2339,5,4,session_T,run_0,35,left_hand,1
BNCI2014001-4,BNCI2014001,2340,BNCI2014001:2340,5,4,session_T,run_0,36,right_hand,2
BNCI2014001-4,BNCI2014001,2341,BNCI2014001:2341,5,4,session_T,run_0,37,feet,0
BNCI2014001-4,BNCI2014001,2342,BNCI2014001:2342,5,4,session_T,run_0,38,right_hand,2
BNCI2014001-4,BNCI2014001,2343,BNCI2014001:2343,5,4,session_T,run_0,39,feet,0
BNCI2014001-4,BNCI2014001,2344,BNCI2014001:2344,5,4,session_T,run_0,40,feet,0
BNCI2014001-4,BNCI2014001,2345,BNCI2014001:2345,5,4,session_T,run_0,41,tongue,3
BNCI2014001-4,BNCI2014001,2346,BNCI2014001:2346,5,4,session_T,run_0,42,feet,0
BNCI2014001-4,BNCI2014001,2347,BNCI2014001:2347,5,4,session_T,run_0,43,feet,0
BNCI2014001-4,BNCI2014001,2348,BNCI2014001:2348,5,4,session_T,run_0,44,tongue,3
BNCI2014001-4,BNCI2014001,2349,BNCI2014001:2349,5,4,session_T,run_0,45,tongue,3
BNCI2014001-4,BNCI2014001,2350,BNCI2014001:2350,5,4,session_T,run_0,46,tongue,3
BNCI2014001-4,BNCI2014001,2351,BNCI2014001:2351,5,4,session_T,run_0,47,tongue,3
BNCI2014001-4,BNCI2014001,2352,BNCI2014001:2352,5,4,session_T,run_1,48,tongue,3
BNCI2014001-4,BNCI2014001,2353,BNCI2014001:2353,5,4,session_T,run_1,49,feet,0
BNCI2014001-4,BNCI2014001,2354,BNCI2014001:2354,5,4,session_T,run_1,50,right_hand,2
BNCI2014001-4,BNCI2014001,2355,BNCI2014001:2355,5,4,session_T,run_1,51,left_hand,1
BNCI2014001-4,BNCI2014001,2356,BNCI2014001:2356,5,4,session_T,run_1,52,left_hand,1
BNCI2014001-4,BNCI2014001,2357,BNCI2014001:2357,5,4,session_T,run_1,53,right_hand,2
BNCI2014001-4,BNCI2014001,2358,BNCI2014001:2358,5,4,session_T,run_1,54,feet,0
BNCI2014001-4,BNCI2014001,2359,BNCI2014001:2359,5,4,session_T,run_1,55,tongue,3
BNCI2014001-4,BNCI2014001,2360,BNCI2014001:2360,5,4,session_T,run_1,56,right_hand,2
BNCI2014001-4,BNCI2014001,2361,BNCI2014001:2361,5,4,session_T,run_1,57,feet,0
BNCI2014001-4,BNCI2014001,2362,BNCI2014001:2362,5,4,session_T,run_1,58,left_hand,1
BNCI2014001-4,BNCI2014001,2363,BNCI2014001:2363,5,4,session_T,run_1,59,left_hand,1
BNCI2014001-4,BNCI2014001,2364,BNCI2014001:2364,5,4,session_T,run_1,60,left_hand,1
BNCI2014001-4,BNCI2014001,2365,BNCI2014001:2365,5,4,session_T,run_1,61,tongue,3
BNCI2014001-4,BNCI2014001,2366,BNCI2014001:2366,5,4,session_T,run_1,62,right_hand,2
BNCI2014001-4,BNCI2014001,2367,BNCI2014001:2367,5,4,session_T,run_1,63,right_hand,2
BNCI2014001-4,BNCI2014001,2368,BNCI2014001:2368,5,4,session_T,run_1,64,left_hand,1
BNCI2014001-4,BNCI2014001,2369,BNCI2014001:2369,5,4,session_T,run_1,65,left_hand,1
BNCI2014001-4,BNCI2014001,2370,BNCI2014001:2370,5,4,session_T,run_1,66,feet,0
BNCI2014001-4,BNCI2014001,2371,BNCI2014001:2371,5,4,session_T,run_1,67,left_hand,1
BNCI2014001-4,BNCI2014001,2372,BNCI2014001:2372,5,4,session_T,run_1,68,right_hand,2
BNCI2014001-4,BNCI2014001,2373,BNCI2014001:2373,5,4,session_T,run_1,69,tongue,3
BNCI2014001-4,BNCI2014001,2374,BNCI2014001:2374,5,4,session_T,run_1,70,tongue,3
BNCI2014001-4,BNCI2014001,2375,BNCI2014001:2375,5,4,session_T,run_1,71,feet,0
BNCI2014001-4,BNCI2014001,2376,BNCI2014001:2376,5,4,session_T,run_1,72,left_hand,1
BNCI2014001-4,BNCI2014001,2377,BNCI2014001:2377,5,4,session_T,run_1,73,tongue,3
BNCI2014001-4,BNCI2014001,2378,BNCI2014001:2378,5,4,session_T,run_1,74,tongue,3
BNCI2014001-4,BNCI2014001,2379,BNCI2014001:2379,5,4,session_T,run_1,75,right_hand,2
BNCI2014001-4,BNCI2014001,2380,BNCI2014001:2380,5,4,session_T,run_1,76,tongue,3
BNCI2014001-4,BNCI2014001,2381,BNCI2014001:2381,5,4,session_T,run_1,77,tongue,3
BNCI2014001-4,BNCI2014001,2382,BNCI2014001:2382,5,4,session_T,run_1,78,right_hand,2
BNCI2014001-4,BNCI2014001,2383,BNCI2014001:2383,5,4,session_T,run_1,79,left_hand,1
BNCI2014001-4,BNCI2014001,2384,BNCI2014001:2384,5,4,session_T,run_1,80,right_hand,2
BNCI2014001-4,BNCI2014001,2385,BNCI2014001:2385,5,4,session_T,run_1,81,feet,0
BNCI2014001-4,BNCI2014001,2386,BNCI2014001:2386,5,4,session_T,run_1,82,feet,0
BNCI2014001-4,BNCI2014001,2387,BNCI2014001:2387,5,4,session_T,run_1,83,feet,0
BNCI2014001-4,BNCI2014001,2388,BNCI2014001:2388,5,4,session_T,run_1,84,tongue,3
BNCI2014001-4,BNCI2014001,2389,BNCI2014001:2389,5,4,session_T,run_1,85,feet,0
BNCI2014001-4,BNCI2014001,2390,BNCI2014001:2390,5,4,session_T,run_1,86,left_hand,1
BNCI2014001-4,BNCI2014001,2391,BNCI2014001:2391,5,4,session_T,run_1,87,tongue,3
BNCI2014001-4,BNCI2014001,2392,BNCI2014001:2392,5,4,session_T,run_1,88,right_hand,2
BNCI2014001-4,BNCI2014001,2393,BNCI2014001:2393,5,4,session_T,run_1,89,feet,0
BNCI2014001-4,BNCI2014001,2394,BNCI2014001:2394,5,4,session_T,run_1,90,right_hand,2
BNCI2014001-4,BNCI2014001,2395,BNCI2014001:2395,5,4,session_T,run_1,91,feet,0
BNCI2014001-4,BNCI2014001,2396,BNCI2014001:2396,5,4,session_T,run_1,92,tongue,3
BNCI2014001-4,BNCI2014001,2397,BNCI2014001:2397,5,4,session_T,run_1,93,right_hand,2
BNCI2014001-4,BNCI2014001,2398,BNCI2014001:2398,5,4,session_T,run_1,94,feet,0
BNCI2014001-4,BNCI2014001,2399,BNCI2014001:2399,5,4,session_T,run_1,95,left_hand,1
BNCI2014001-4,BNCI2014001,2400,BNCI2014001:2400,5,4,session_T,run_2,96,left_hand,1
BNCI2014001-4,BNCI2014001,2401,BNCI2014001:2401,5,4,session_T,run_2,97,left_hand,1
BNCI2014001-4,BNCI2014001,2402,BNCI2014001:2402,5,4,session_T,run_2,98,tongue,3
BNCI2014001-4,BNCI2014001,2403,BNCI2014001:2403,5,4,session_T,run_2,99,right_hand,2
BNCI2014001-4,BNCI2014001,2404,BNCI2014001:2404,5,4,session_T,run_2,100,left_hand,1
BNCI2014001-4,BNCI2014001,2405,BNCI2014001:2405,5,4,session_T,run_2,101,feet,0
BNCI2014001-4,BNCI2014001,2406,BNCI2014001:2406,5,4,session_T,run_2,102,left_hand,1
BNCI2014001-4,BNCI2014001,2407,BNCI2014001:2407,5,4,session_T,run_2,103,feet,0
BNCI2014001-4,BNCI2014001,2408,BNCI2014001:2408,5,4,session_T,run_2,104,right_hand,2
BNCI2014001-4,BNCI2014001,2409,BNCI2014001:2409,5,4,session_T,run_2,105,tongue,3
BNCI2014001-4,BNCI2014001,2410,BNCI2014001:2410,5,4,session_T,run_2,106,left_hand,1
BNCI2014001-4,BNCI2014001,2411,BNCI2014001:2411,5,4,session_T,run_2,107,feet,0
BNCI2014001-4,BNCI2014001,2412,BNCI2014001:2412,5,4,session_T,run_2,108,feet,0
BNCI2014001-4,BNCI2014001,2413,BNCI2014001:2413,5,4,session_T,run_2,109,left_hand,1
BNCI2014001-4,BNCI2014001,2414,BNCI2014001:2414,5,4,session_T,run_2,110,feet,0
BNCI2014001-4,BNCI2014001,2415,BNCI2014001:2415,5,4,session_T,run_2,111,right_hand,2
BNCI2014001-4,BNCI2014001,2416,BNCI2014001:2416,5,4,session_T,run_2,112,tongue,3
BNCI2014001-4,BNCI2014001,2417,BNCI2014001:2417,5,4,session_T,run_2,113,tongue,3
BNCI2014001-4,BNCI2014001,2418,BNCI2014001:2418,5,4,session_T,run_2,114,tongue,3
BNCI2014001-4,BNCI2014001,2419,BNCI2014001:2419,5,4,session_T,run_2,115,feet,0
BNCI2014001-4,BNCI2014001,2420,BNCI2014001:2420,5,4,session_T,run_2,116,left_hand,1
BNCI2014001-4,BNCI2014001,2421,BNCI2014001:2421,5,4,session_T,run_2,117,tongue,3
BNCI2014001-4,BNCI2014001,2422,BNCI2014001:2422,5,4,session_T,run_2,118,right_hand,2
BNCI2014001-4,BNCI2014001,2423,BNCI2014001:2423,5,4,session_T,run_2,119,tongue,3
BNCI2014001-4,BNCI2014001,2424,BNCI2014001:2424,5,4,session_T,run_2,120,right_hand,2
BNCI2014001-4,BNCI2014001,2425,BNCI2014001:2425,5,4,session_T,run_2,121,left_hand,1
BNCI2014001-4,BNCI2014001,2426,BNCI2014001:2426,5,4,session_T,run_2,122,feet,0
BNCI2014001-4,BNCI2014001,2427,BNCI2014001:2427,5,4,session_T,run_2,123,right_hand,2
BNCI2014001-4,BNCI2014001,2428,BNCI2014001:2428,5,4,session_T,run_2,124,left_hand,1
BNCI2014001-4,BNCI2014001,2429,BNCI2014001:2429,5,4,session_T,run_2,125,feet,0
BNCI2014001-4,BNCI2014001,2430,BNCI2014001:2430,5,4,session_T,run_2,126,feet,0
BNCI2014001-4,BNCI2014001,2431,BNCI2014001:2431,5,4,session_T,run_2,127,left_hand,1
BNCI2014001-4,BNCI2014001,2432,BNCI2014001:2432,5,4,session_T,run_2,128,feet,0
BNCI2014001-4,BNCI2014001,2433,BNCI2014001:2433,5,4,session_T,run_2,129,tongue,3
BNCI2014001-4,BNCI2014001,2434,BNCI2014001:2434,5,4,session_T,run_2,130,tongue,3
BNCI2014001-4,BNCI2014001,2435,BNCI2014001:2435,5,4,session_T,run_2,131,right_hand,2
BNCI2014001-4,BNCI2014001,2436,BNCI2014001:2436,5,4,session_T,run_2,132,left_hand,1
BNCI2014001-4,BNCI2014001,2437,BNCI2014001:2437,5,4,session_T,run_2,133,right_hand,2
BNCI2014001-4,BNCI2014001,2438,BNCI2014001:2438,5,4,session_T,run_2,134,tongue,3
BNCI2014001-4,BNCI2014001,2439,BNCI2014001:2439,5,4,session_T,run_2,135,right_hand,2
BNCI2014001-4,BNCI2014001,2440,BNCI2014001:2440,5,4,session_T,run_2,136,tongue,3
BNCI2014001-4,BNCI2014001,2441,BNCI2014001:2441,5,4,session_T,run_2,137,feet,0
BNCI2014001-4,BNCI2014001,2442,BNCI2014001:2442,5,4,session_T,run_2,138,right_hand,2
BNCI2014001-4,BNCI2014001,2443,BNCI2014001:2443,5,4,session_T,run_2,139,right_hand,2
BNCI2014001-4,BNCI2014001,2444,BNCI2014001:2444,5,4,session_T,run_2,140,right_hand,2
BNCI2014001-4,BNCI2014001,2445,BNCI2014001:2445,5,4,session_T,run_2,141,feet,0
BNCI2014001-4,BNCI2014001,2446,BNCI2014001:2446,5,4,session_T,run_2,142,tongue,3
BNCI2014001-4,BNCI2014001,2447,BNCI2014001:2447,5,4,session_T,run_2,143,left_hand,1
BNCI2014001-4,BNCI2014001,2448,BNCI2014001:2448,5,4,session_T,run_3,144,right_hand,2
BNCI2014001-4,BNCI2014001,2449,BNCI2014001:2449,5,4,session_T,run_3,145,tongue,3
BNCI2014001-4,BNCI2014001,2450,BNCI2014001:2450,5,4,session_T,run_3,146,left_hand,1
BNCI2014001-4,BNCI2014001,2451,BNCI2014001:2451,5,4,session_T,run_3,147,feet,0
BNCI2014001-4,BNCI2014001,2452,BNCI2014001:2452,5,4,session_T,run_3,148,feet,0
BNCI2014001-4,BNCI2014001,2453,BNCI2014001:2453,5,4,session_T,run_3,149,tongue,3
BNCI2014001-4,BNCI2014001,2454,BNCI2014001:2454,5,4,session_T,run_3,150,left_hand,1
BNCI2014001-4,BNCI2014001,2455,BNCI2014001:2455,5,4,session_T,run_3,151,left_hand,1
BNCI2014001-4,BNCI2014001,2456,BNCI2014001:2456,5,4,session_T,run_3,152,feet,0
BNCI2014001-4,BNCI2014001,2457,BNCI2014001:2457,5,4,session_T,run_3,153,right_hand,2
BNCI2014001-4,BNCI2014001,2458,BNCI2014001:2458,5,4,session_T,run_3,154,tongue,3
BNCI2014001-4,BNCI2014001,2459,BNCI2014001:2459,5,4,session_T,run_3,155,tongue,3
BNCI2014001-4,BNCI2014001,2460,BNCI2014001:2460,5,4,session_T,run_3,156,tongue,3
BNCI2014001-4,BNCI2014001,2461,BNCI2014001:2461,5,4,session_T,run_3,157,right_hand,2
BNCI2014001-4,BNCI2014001,2462,BNCI2014001:2462,5,4,session_T,run_3,158,left_hand,1
BNCI2014001-4,BNCI2014001,2463,BNCI2014001:2463,5,4,session_T,run_3,159,feet,0
BNCI2014001-4,BNCI2014001,2464,BNCI2014001:2464,5,4,session_T,run_3,160,right_hand,2
BNCI2014001-4,BNCI2014001,2465,BNCI2014001:2465,5,4,session_T,run_3,161,tongue,3
BNCI2014001-4,BNCI2014001,2466,BNCI2014001:2466,5,4,session_T,run_3,162,left_hand,1
BNCI2014001-4,BNCI2014001,2467,BNCI2014001:2467,5,4,session_T,run_3,163,tongue,3
BNCI2014001-4,BNCI2014001,2468,BNCI2014001:2468,5,4,session_T,run_3,164,feet,0
BNCI2014001-4,BNCI2014001,2469,BNCI2014001:2469,5,4,session_T,run_3,165,right_hand,2
BNCI2014001-4,BNCI2014001,2470,BNCI2014001:2470,5,4,session_T,run_3,166,tongue,3
BNCI2014001-4,BNCI2014001,2471,BNCI2014001:2471,5,4,session_T,run_3,167,tongue,3
BNCI2014001-4,BNCI2014001,2472,BNCI2014001:2472,5,4,session_T,run_3,168,left_hand,1
BNCI2014001-4,BNCI2014001,2473,BNCI2014001:2473,5,4,session_T,run_3,169,right_hand,2
BNCI2014001-4,BNCI2014001,2474,BNCI2014001:2474,5,4,session_T,run_3,170,right_hand,2
BNCI2014001-4,BNCI2014001,2475,BNCI2014001:2475,5,4,session_T,run_3,171,feet,0
BNCI2014001-4,BNCI2014001,2476,BNCI2014001:2476,5,4,session_T,run_3,172,tongue,3
BNCI2014001-4,BNCI2014001,2477,BNCI2014001:2477,5,4,session_T,run_3,173,right_hand,2
BNCI2014001-4,BNCI2014001,2478,BNCI2014001:2478,5,4,session_T,run_3,174,left_hand,1
BNCI2014001-4,BNCI2014001,2479,BNCI2014001:2479,5,4,session_T,run_3,175,left_hand,1
BNCI2014001-4,BNCI2014001,2480,BNCI2014001:2480,5,4,session_T,run_3,176,tongue,3
BNCI2014001-4,BNCI2014001,2481,BNCI2014001:2481,5,4,session_T,run_3,177,right_hand,2
BNCI2014001-4,BNCI2014001,2482,BNCI2014001:2482,5,4,session_T,run_3,178,left_hand,1
BNCI2014001-4,BNCI2014001,2483,BNCI2014001:2483,5,4,session_T,run_3,179,feet,0
BNCI2014001-4,BNCI2014001,2484,BNCI2014001:2484,5,4,session_T,run_3,180,right_hand,2
BNCI2014001-4,BNCI2014001,2485,BNCI2014001:2485,5,4,session_T,run_3,181,right_hand,2
BNCI2014001-4,BNCI2014001,2486,BNCI2014001:2486,5,4,session_T,run_3,182,feet,0
BNCI2014001-4,BNCI2014001,2487,BNCI2014001:2487,5,4,session_T,run_3,183,left_hand,1
BNCI2014001-4,BNCI2014001,2488,BNCI2014001:2488,5,4,session_T,run_3,184,tongue,3
BNCI2014001-4,BNCI2014001,2489,BNCI2014001:2489,5,4,session_T,run_3,185,feet,0
BNCI2014001-4,BNCI2014001,2490,BNCI2014001:2490,5,4,session_T,run_3,186,feet,0
BNCI2014001-4,BNCI2014001,2491,BNCI2014001:2491,5,4,session_T,run_3,187,feet,0
BNCI2014001-4,BNCI2014001,2492,BNCI2014001:2492,5,4,session_T,run_3,188,feet,0
BNCI2014001-4,BNCI2014001,2493,BNCI2014001:2493,5,4,session_T,run_3,189,left_hand,1
BNCI2014001-4,BNCI2014001,2494,BNCI2014001:2494,5,4,session_T,run_3,190,right_hand,2
BNCI2014001-4,BNCI2014001,2495,BNCI2014001:2495,5,4,session_T,run_3,191,left_hand,1
BNCI2014001-4,BNCI2014001,2496,BNCI2014001:2496,5,4,session_T,run_4,192,right_hand,2
BNCI2014001-4,BNCI2014001,2497,BNCI2014001:2497,5,4,session_T,run_4,193,left_hand,1
BNCI2014001-4,BNCI2014001,2498,BNCI2014001:2498,5,4,session_T,run_4,194,left_hand,1
BNCI2014001-4,BNCI2014001,2499,BNCI2014001:2499,5,4,session_T,run_4,195,feet,0
BNCI2014001-4,BNCI2014001,2500,BNCI2014001:2500,5,4,session_T,run_4,196,feet,0
BNCI2014001-4,BNCI2014001,2501,BNCI2014001:2501,5,4,session_T,run_4,197,right_hand,2
BNCI2014001-4,BNCI2014001,2502,BNCI2014001:2502,5,4,session_T,run_4,198,feet,0
BNCI2014001-4,BNCI2014001,2503,BNCI2014001:2503,5,4,session_T,run_4,199,tongue,3
BNCI2014001-4,BNCI2014001,2504,BNCI2014001:2504,5,4,session_T,run_4,200,left_hand,1
BNCI2014001-4,BNCI2014001,2505,BNCI2014001:2505,5,4,session_T,run_4,201,tongue,3
BNCI2014001-4,BNCI2014001,2506,BNCI2014001:2506,5,4,session_T,run_4,202,left_hand,1
BNCI2014001-4,BNCI2014001,2507,BNCI2014001:2507,5,4,session_T,run_4,203,left_hand,1
BNCI2014001-4,BNCI2014001,2508,BNCI2014001:2508,5,4,session_T,run_4,204,right_hand,2
BNCI2014001-4,BNCI2014001,2509,BNCI2014001:2509,5,4,session_T,run_4,205,tongue,3
BNCI2014001-4,BNCI2014001,2510,BNCI2014001:2510,5,4,session_T,run_4,206,feet,0
BNCI2014001-4,BNCI2014001,2511,BNCI2014001:2511,5,4,session_T,run_4,207,right_hand,2
BNCI2014001-4,BNCI2014001,2512,BNCI2014001:2512,5,4,session_T,run_4,208,tongue,3
BNCI2014001-4,BNCI2014001,2513,BNCI2014001:2513,5,4,session_T,run_4,209,feet,0
BNCI2014001-4,BNCI2014001,2514,BNCI2014001:2514,5,4,session_T,run_4,210,tongue,3
BNCI2014001-4,BNCI2014001,2515,BNCI2014001:2515,5,4,session_T,run_4,211,feet,0
BNCI2014001-4,BNCI2014001,2516,BNCI2014001:2516,5,4,session_T,run_4,212,tongue,3
BNCI2014001-4,BNCI2014001,2517,BNCI2014001:2517,5,4,session_T,run_4,213,right_hand,2
BNCI2014001-4,BNCI2014001,2518,BNCI2014001:2518,5,4,session_T,run_4,214,right_hand,2
BNCI2014001-4,BNCI2014001,2519,BNCI2014001:2519,5,4,session_T,run_4,215,tongue,3
BNCI2014001-4,BNCI2014001,2520,BNCI2014001:2520,5,4,session_T,run_4,216,left_hand,1
BNCI2014001-4,BNCI2014001,2521,BNCI2014001:2521,5,4,session_T,run_4,217,right_hand,2
BNCI2014001-4,BNCI2014001,2522,BNCI2014001:2522,5,4,session_T,run_4,218,right_hand,2
BNCI2014001-4,BNCI2014001,2523,BNCI2014001:2523,5,4,session_T,run_4,219,right_hand,2
BNCI2014001-4,BNCI2014001,2524,BNCI2014001:2524,5,4,session_T,run_4,220,feet,0
BNCI2014001-4,BNCI2014001,2525,BNCI2014001:2525,5,4,session_T,run_4,221,tongue,3
BNCI2014001-4,BNCI2014001,2526,BNCI2014001:2526,5,4,session_T,run_4,222,left_hand,1
BNCI2014001-4,BNCI2014001,2527,BNCI2014001:2527,5,4,session_T,run_4,223,tongue,3
BNCI2014001-4,BNCI2014001,2528,BNCI2014001:2528,5,4,session_T,run_4,224,left_hand,1
BNCI2014001-4,BNCI2014001,2529,BNCI2014001:2529,5,4,session_T,run_4,225,feet,0
BNCI2014001-4,BNCI2014001,2530,BNCI2014001:2530,5,4,session_T,run_4,226,left_hand,1
BNCI2014001-4,BNCI2014001,2531,BNCI2014001:2531,5,4,session_T,run_4,227,tongue,3
BNCI2014001-4,BNCI2014001,2532,BNCI2014001:2532,5,4,session_T,run_4,228,left_hand,1
BNCI2014001-4,BNCI2014001,2533,BNCI2014001:2533,5,4,session_T,run_4,229,feet,0
BNCI2014001-4,BNCI2014001,2534,BNCI2014001:2534,5,4,session_T,run_4,230,left_hand,1
BNCI2014001-4,BNCI2014001,2535,BNCI2014001:2535,5,4,session_T,run_4,231,right_hand,2
BNCI2014001-4,BNCI2014001,2536,BNCI2014001:2536,5,4,session_T,run_4,232,feet,0
BNCI2014001-4,BNCI2014001,2537,BNCI2014001:2537,5,4,session_T,run_4,233,feet,0
BNCI2014001-4,BNCI2014001,2538,BNCI2014001:2538,5,4,session_T,run_4,234,tongue,3
BNCI2014001-4,BNCI2014001,2539,BNCI2014001:2539,5,4,session_T,run_4,235,left_hand,1
BNCI2014001-4,BNCI2014001,2540,BNCI2014001:2540,5,4,session_T,run_4,236,right_hand,2
BNCI2014001-4,BNCI2014001,2541,BNCI2014001:2541,5,4,session_T,run_4,237,tongue,3
BNCI2014001-4,BNCI2014001,2542,BNCI2014001:2542,5,4,session_T,run_4,238,right_hand,2
BNCI2014001-4,BNCI2014001,2543,BNCI2014001:2543,5,4,session_T,run_4,239,feet,0
BNCI2014001-4,BNCI2014001,2544,BNCI2014001:2544,5,4,session_T,run_5,240,feet,0
BNCI2014001-4,BNCI2014001,2545,BNCI2014001:2545,5,4,session_T,run_5,241,left_hand,1
BNCI2014001-4,BNCI2014001,2546,BNCI2014001:2546,5,4,session_T,run_5,242,tongue,3
BNCI2014001-4,BNCI2014001,2547,BNCI2014001:2547,5,4,session_T,run_5,243,right_hand,2
BNCI2014001-4,BNCI2014001,2548,BNCI2014001:2548,5,4,session_T,run_5,244,tongue,3
BNCI2014001-4,BNCI2014001,2549,BNCI2014001:2549,5,4,session_T,run_5,245,left_hand,1
BNCI2014001-4,BNCI2014001,2550,BNCI2014001:2550,5,4,session_T,run_5,246,left_hand,1
BNCI2014001-4,BNCI2014001,2551,BNCI2014001:2551,5,4,session_T,run_5,247,feet,0
BNCI2014001-4,BNCI2014001,2552,BNCI2014001:2552,5,4,session_T,run_5,248,feet,0
BNCI2014001-4,BNCI2014001,2553,BNCI2014001:2553,5,4,session_T,run_5,249,right_hand,2
BNCI2014001-4,BNCI2014001,2554,BNCI2014001:2554,5,4,session_T,run_5,250,tongue,3
BNCI2014001-4,BNCI2014001,2555,BNCI2014001:2555,5,4,session_T,run_5,251,right_hand,2
BNCI2014001-4,BNCI2014001,2556,BNCI2014001:2556,5,4,session_T,run_5,252,right_hand,2
BNCI2014001-4,BNCI2014001,2557,BNCI2014001:2557,5,4,session_T,run_5,253,left_hand,1
BNCI2014001-4,BNCI2014001,2558,BNCI2014001:2558,5,4,session_T,run_5,254,right_hand,2
BNCI2014001-4,BNCI2014001,2559,BNCI2014001:2559,5,4,session_T,run_5,255,tongue,3
BNCI2014001-4,BNCI2014001,2560,BNCI2014001:2560,5,4,session_T,run_5,256,tongue,3
BNCI2014001-4,BNCI2014001,2561,BNCI2014001:2561,5,4,session_T,run_5,257,right_hand,2
BNCI2014001-4,BNCI2014001,2562,BNCI2014001:2562,5,4,session_T,run_5,258,right_hand,2
BNCI2014001-4,BNCI2014001,2563,BNCI2014001:2563,5,4,session_T,run_5,259,right_hand,2
BNCI2014001-4,BNCI2014001,2564,BNCI2014001:2564,5,4,session_T,run_5,260,right_hand,2
BNCI2014001-4,BNCI2014001,2565,BNCI2014001:2565,5,4,session_T,run_5,261,tongue,3
BNCI2014001-4,BNCI2014001,2566,BNCI2014001:2566,5,4,session_T,run_5,262,tongue,3
BNCI2014001-4,BNCI2014001,2567,BNCI2014001:2567,5,4,session_T,run_5,263,feet,0
BNCI2014001-4,BNCI2014001,2568,BNCI2014001:2568,5,4,session_T,run_5,264,tongue,3
BNCI2014001-4,BNCI2014001,2569,BNCI2014001:2569,5,4,session_T,run_5,265,left_hand,1
BNCI2014001-4,BNCI2014001,2570,BNCI2014001:2570,5,4,session_T,run_5,266,right_hand,2
BNCI2014001-4,BNCI2014001,2571,BNCI2014001:2571,5,4,session_T,run_5,267,feet,0
BNCI2014001-4,BNCI2014001,2572,BNCI2014001:2572,5,4,session_T,run_5,268,right_hand,2
BNCI2014001-4,BNCI2014001,2573,BNCI2014001:2573,5,4,session_T,run_5,269,left_hand,1
BNCI2014001-4,BNCI2014001,2574,BNCI2014001:2574,5,4,session_T,run_5,270,tongue,3
BNCI2014001-4,BNCI2014001,2575,BNCI2014001:2575,5,4,session_T,run_5,271,left_hand,1
BNCI2014001-4,BNCI2014001,2576,BNCI2014001:2576,5,4,session_T,run_5,272,tongue,3
BNCI2014001-4,BNCI2014001,2577,BNCI2014001:2577,5,4,session_T,run_5,273,left_hand,1
BNCI2014001-4,BNCI2014001,2578,BNCI2014001:2578,5,4,session_T,run_5,274,left_hand,1
BNCI2014001-4,BNCI2014001,2579,BNCI2014001:2579,5,4,session_T,run_5,275,left_hand,1
BNCI2014001-4,BNCI2014001,2580,BNCI2014001:2580,5,4,session_T,run_5,276,left_hand,1
BNCI2014001-4,BNCI2014001,2581,BNCI2014001:2581,5,4,session_T,run_5,277,feet,0
BNCI2014001-4,BNCI2014001,2582,BNCI2014001:2582,5,4,session_T,run_5,278,feet,0
BNCI2014001-4,BNCI2014001,2583,BNCI2014001:2583,5,4,session_T,run_5,279,tongue,3
BNCI2014001-4,BNCI2014001,2584,BNCI2014001:2584,5,4,session_T,run_5,280,right_hand,2
BNCI2014001-4,BNCI2014001,2585,BNCI2014001:2585,5,4,session_T,run_5,281,feet,0
BNCI2014001-4,BNCI2014001,2586,BNCI2014001:2586,5,4,session_T,run_5,282,feet,0
BNCI2014001-4,BNCI2014001,2587,BNCI2014001:2587,5,4,session_T,run_5,283,feet,0
BNCI2014001-4,BNCI2014001,2588,BNCI2014001:2588,5,4,session_T,run_5,284,tongue,3
BNCI2014001-4,BNCI2014001,2589,BNCI2014001:2589,5,4,session_T,run_5,285,feet,0
BNCI2014001-4,BNCI2014001,2590,BNCI2014001:2590,5,4,session_T,run_5,286,left_hand,1
BNCI2014001-4,BNCI2014001,2591,BNCI2014001:2591,5,4,session_T,run_5,287,feet,0
BNCI2014001-4,BNCI2014001,2880,BNCI2014001:2880,6,5,session_T,run_0,0,tongue,3
BNCI2014001-4,BNCI2014001,2881,BNCI2014001:2881,6,5,session_T,run_0,1,right_hand,2
BNCI2014001-4,BNCI2014001,2882,BNCI2014001:2882,6,5,session_T,run_0,2,right_hand,2
BNCI2014001-4,BNCI2014001,2883,BNCI2014001:2883,6,5,session_T,run_0,3,left_hand,1
BNCI2014001-4,BNCI2014001,2884,BNCI2014001:2884,6,5,session_T,run_0,4,tongue,3
BNCI2014001-4,BNCI2014001,2885,BNCI2014001:2885,6,5,session_T,run_0,5,tongue,3
BNCI2014001-4,BNCI2014001,2886,BNCI2014001:2886,6,5,session_T,run_0,6,feet,0
BNCI2014001-4,BNCI2014001,2887,BNCI2014001:2887,6,5,session_T,run_0,7,right_hand,2
BNCI2014001-4,BNCI2014001,2888,BNCI2014001:2888,6,5,session_T,run_0,8,feet,0
BNCI2014001-4,BNCI2014001,2889,BNCI2014001:2889,6,5,session_T,run_0,9,left_hand,1
BNCI2014001-4,BNCI2014001,2890,BNCI2014001:2890,6,5,session_T,run_0,10,left_hand,1
BNCI2014001-4,BNCI2014001,2891,BNCI2014001:2891,6,5,session_T,run_0,11,right_hand,2
BNCI2014001-4,BNCI2014001,2892,BNCI2014001:2892,6,5,session_T,run_0,12,tongue,3
BNCI2014001-4,BNCI2014001,2893,BNCI2014001:2893,6,5,session_T,run_0,13,tongue,3
BNCI2014001-4,BNCI2014001,2894,BNCI2014001:2894,6,5,session_T,run_0,14,right_hand,2
BNCI2014001-4,BNCI2014001,2895,BNCI2014001:2895,6,5,session_T,run_0,15,tongue,3
BNCI2014001-4,BNCI2014001,2896,BNCI2014001:2896,6,5,session_T,run_0,16,feet,0
BNCI2014001-4,BNCI2014001,2897,BNCI2014001:2897,6,5,session_T,run_0,17,feet,0
BNCI2014001-4,BNCI2014001,2898,BNCI2014001:2898,6,5,session_T,run_0,18,feet,0
BNCI2014001-4,BNCI2014001,2899,BNCI2014001:2899,6,5,session_T,run_0,19,left_hand,1
BNCI2014001-4,BNCI2014001,2900,BNCI2014001:2900,6,5,session_T,run_0,20,feet,0
BNCI2014001-4,BNCI2014001,2901,BNCI2014001:2901,6,5,session_T,run_0,21,left_hand,1
BNCI2014001-4,BNCI2014001,2902,BNCI2014001:2902,6,5,session_T,run_0,22,feet,0
BNCI2014001-4,BNCI2014001,2903,BNCI2014001:2903,6,5,session_T,run_0,23,feet,0
BNCI2014001-4,BNCI2014001,2904,BNCI2014001:2904,6,5,session_T,run_0,24,left_hand,1
BNCI2014001-4,BNCI2014001,2905,BNCI2014001:2905,6,5,session_T,run_0,25,left_hand,1
BNCI2014001-4,BNCI2014001,2906,BNCI2014001:2906,6,5,session_T,run_0,26,right_hand,2
BNCI2014001-4,BNCI2014001,2907,BNCI2014001:2907,6,5,session_T,run_0,27,right_hand,2
BNCI2014001-4,BNCI2014001,2908,BNCI2014001:2908,6,5,session_T,run_0,28,left_hand,1
BNCI2014001-4,BNCI2014001,2909,BNCI2014001:2909,6,5,session_T,run_0,29,feet,0
BNCI2014001-4,BNCI2014001,2910,BNCI2014001:2910,6,5,session_T,run_0,30,right_hand,2
BNCI2014001-4,BNCI2014001,2911,BNCI2014001:2911,6,5,session_T,run_0,31,tongue,3
BNCI2014001-4,BNCI2014001,2912,BNCI2014001:2912,6,5,session_T,run_0,32,tongue,3
BNCI2014001-4,BNCI2014001,2913,BNCI2014001:2913,6,5,session_T,run_0,33,left_hand,1
BNCI2014001-4,BNCI2014001,2914,BNCI2014001:2914,6,5,session_T,run_0,34,tongue,3
BNCI2014001-4,BNCI2014001,2915,BNCI2014001:2915,6,5,session_T,run_0,35,left_hand,1
BNCI2014001-4,BNCI2014001,2916,BNCI2014001:2916,6,5,session_T,run_0,36,tongue,3
BNCI2014001-4,BNCI2014001,2917,BNCI2014001:2917,6,5,session_T,run_0,37,right_hand,2
BNCI2014001-4,BNCI2014001,2918,BNCI2014001:2918,6,5,session_T,run_0,38,feet,0
BNCI2014001-4,BNCI2014001,2919,BNCI2014001:2919,6,5,session_T,run_0,39,tongue,3
BNCI2014001-4,BNCI2014001,2920,BNCI2014001:2920,6,5,session_T,run_0,40,right_hand,2
BNCI2014001-4,BNCI2014001,2921,BNCI2014001:2921,6,5,session_T,run_0,41,feet,0
BNCI2014001-4,BNCI2014001,2922,BNCI2014001:2922,6,5,session_T,run_0,42,right_hand,2
BNCI2014001-4,BNCI2014001,2923,BNCI2014001:2923,6,5,session_T,run_0,43,feet,0
BNCI2014001-4,BNCI2014001,2924,BNCI2014001:2924,6,5,session_T,run_0,44,left_hand,1
BNCI2014001-4,BNCI2014001,2925,BNCI2014001:2925,6,5,session_T,run_0,45,right_hand,2
BNCI2014001-4,BNCI2014001,2926,BNCI2014001:2926,6,5,session_T,run_0,46,tongue,3
BNCI2014001-4,BNCI2014001,2927,BNCI2014001:2927,6,5,session_T,run_0,47,left_hand,1
BNCI2014001-4,BNCI2014001,2928,BNCI2014001:2928,6,5,session_T,run_1,48,feet,0
BNCI2014001-4,BNCI2014001,2929,BNCI2014001:2929,6,5,session_T,run_1,49,left_hand,1
BNCI2014001-4,BNCI2014001,2930,BNCI2014001:2930,6,5,session_T,run_1,50,left_hand,1
BNCI2014001-4,BNCI2014001,2931,BNCI2014001:2931,6,5,session_T,run_1,51,tongue,3
BNCI2014001-4,BNCI2014001,2932,BNCI2014001:2932,6,5,session_T,run_1,52,left_hand,1
BNCI2014001-4,BNCI2014001,2933,BNCI2014001:2933,6,5,session_T,run_1,53,tongue,3
BNCI2014001-4,BNCI2014001,2934,BNCI2014001:2934,6,5,session_T,run_1,54,tongue,3
BNCI2014001-4,BNCI2014001,2935,BNCI2014001:2935,6,5,session_T,run_1,55,right_hand,2
BNCI2014001-4,BNCI2014001,2936,BNCI2014001:2936,6,5,session_T,run_1,56,tongue,3
BNCI2014001-4,BNCI2014001,2937,BNCI2014001:2937,6,5,session_T,run_1,57,right_hand,2
BNCI2014001-4,BNCI2014001,2938,BNCI2014001:2938,6,5,session_T,run_1,58,tongue,3
BNCI2014001-4,BNCI2014001,2939,BNCI2014001:2939,6,5,session_T,run_1,59,feet,0
BNCI2014001-4,BNCI2014001,2940,BNCI2014001:2940,6,5,session_T,run_1,60,left_hand,1
BNCI2014001-4,BNCI2014001,2941,BNCI2014001:2941,6,5,session_T,run_1,61,right_hand,2
BNCI2014001-4,BNCI2014001,2942,BNCI2014001:2942,6,5,session_T,run_1,62,feet,0
BNCI2014001-4,BNCI2014001,2943,BNCI2014001:2943,6,5,session_T,run_1,63,left_hand,1
BNCI2014001-4,BNCI2014001,2944,BNCI2014001:2944,6,5,session_T,run_1,64,left_hand,1
BNCI2014001-4,BNCI2014001,2945,BNCI2014001:2945,6,5,session_T,run_1,65,tongue,3
BNCI2014001-4,BNCI2014001,2946,BNCI2014001:2946,6,5,session_T,run_1,66,tongue,3
BNCI2014001-4,BNCI2014001,2947,BNCI2014001:2947,6,5,session_T,run_1,67,right_hand,2
BNCI2014001-4,BNCI2014001,2948,BNCI2014001:2948,6,5,session_T,run_1,68,left_hand,1
BNCI2014001-4,BNCI2014001,2949,BNCI2014001:2949,6,5,session_T,run_1,69,feet,0
BNCI2014001-4,BNCI2014001,2950,BNCI2014001:2950,6,5,session_T,run_1,70,tongue,3
BNCI2014001-4,BNCI2014001,2951,BNCI2014001:2951,6,5,session_T,run_1,71,tongue,3
BNCI2014001-4,BNCI2014001,2952,BNCI2014001:2952,6,5,session_T,run_1,72,tongue,3
BNCI2014001-4,BNCI2014001,2953,BNCI2014001:2953,6,5,session_T,run_1,73,feet,0
BNCI2014001-4,BNCI2014001,2954,BNCI2014001:2954,6,5,session_T,run_1,74,feet,0
BNCI2014001-4,BNCI2014001,2955,BNCI2014001:2955,6,5,session_T,run_1,75,feet,0
BNCI2014001-4,BNCI2014001,2956,BNCI2014001:2956,6,5,session_T,run_1,76,left_hand,1
BNCI2014001-4,BNCI2014001,2957,BNCI2014001:2957,6,5,session_T,run_1,77,right_hand,2
BNCI2014001-4,BNCI2014001,2958,BNCI2014001:2958,6,5,session_T,run_1,78,right_hand,2
BNCI2014001-4,BNCI2014001,2959,BNCI2014001:2959,6,5,session_T,run_1,79,right_hand,2
BNCI2014001-4,BNCI2014001,2960,BNCI2014001:2960,6,5,session_T,run_1,80,feet,0
BNCI2014001-4,BNCI2014001,2961,BNCI2014001:2961,6,5,session_T,run_1,81,feet,0
BNCI2014001-4,BNCI2014001,2962,BNCI2014001:2962,6,5,session_T,run_1,82,right_hand,2
BNCI2014001-4,BNCI2014001,2963,BNCI2014001:2963,6,5,session_T,run_1,83,feet,0
BNCI2014001-4,BNCI2014001,2964,BNCI2014001:2964,6,5,session_T,run_1,84,left_hand,1
BNCI2014001-4,BNCI2014001,2965,BNCI2014001:2965,6,5,session_T,run_1,85,feet,0
BNCI2014001-4,BNCI2014001,2966,BNCI2014001:2966,6,5,session_T,run_1,86,feet,0
BNCI2014001-4,BNCI2014001,2967,BNCI2014001:2967,6,5,session_T,run_1,87,right_hand,2
BNCI2014001-4,BNCI2014001,2968,BNCI2014001:2968,6,5,session_T,run_1,88,right_hand,2
BNCI2014001-4,BNCI2014001,2969,BNCI2014001:2969,6,5,session_T,run_1,89,left_hand,1
BNCI2014001-4,BNCI2014001,2970,BNCI2014001:2970,6,5,session_T,run_1,90,right_hand,2
BNCI2014001-4,BNCI2014001,2971,BNCI2014001:2971,6,5,session_T,run_1,91,left_hand,1
BNCI2014001-4,BNCI2014001,2972,BNCI2014001:2972,6,5,session_T,run_1,92,left_hand,1
BNCI2014001-4,BNCI2014001,2973,BNCI2014001:2973,6,5,session_T,run_1,93,tongue,3
BNCI2014001-4,BNCI2014001,2974,BNCI2014001:2974,6,5,session_T,run_1,94,tongue,3
BNCI2014001-4,BNCI2014001,2975,BNCI2014001:2975,6,5,session_T,run_1,95,right_hand,2
BNCI2014001-4,BNCI2014001,2976,BNCI2014001:2976,6,5,session_T,run_2,96,right_hand,2
BNCI2014001-4,BNCI2014001,2977,BNCI2014001:2977,6,5,session_T,run_2,97,tongue,3
BNCI2014001-4,BNCI2014001,2978,BNCI2014001:2978,6,5,session_T,run_2,98,left_hand,1
BNCI2014001-4,BNCI2014001,2979,BNCI2014001:2979,6,5,session_T,run_2,99,tongue,3
BNCI2014001-4,BNCI2014001,2980,BNCI2014001:2980,6,5,session_T,run_2,100,right_hand,2
BNCI2014001-4,BNCI2014001,2981,BNCI2014001:2981,6,5,session_T,run_2,101,tongue,3
BNCI2014001-4,BNCI2014001,2982,BNCI2014001:2982,6,5,session_T,run_2,102,left_hand,1
BNCI2014001-4,BNCI2014001,2983,BNCI2014001:2983,6,5,session_T,run_2,103,right_hand,2
BNCI2014001-4,BNCI2014001,2984,BNCI2014001:2984,6,5,session_T,run_2,104,tongue,3
BNCI2014001-4,BNCI2014001,2985,BNCI2014001:2985,6,5,session_T,run_2,105,tongue,3
BNCI2014001-4,BNCI2014001,2986,BNCI2014001:2986,6,5,session_T,run_2,106,right_hand,2
BNCI2014001-4,BNCI2014001,2987,BNCI2014001:2987,6,5,session_T,run_2,107,feet,0
BNCI2014001-4,BNCI2014001,2988,BNCI2014001:2988,6,5,session_T,run_2,108,right_hand,2
BNCI2014001-4,BNCI2014001,2989,BNCI2014001:2989,6,5,session_T,run_2,109,left_hand,1
BNCI2014001-4,BNCI2014001,2990,BNCI2014001:2990,6,5,session_T,run_2,110,left_hand,1
BNCI2014001-4,BNCI2014001,2991,BNCI2014001:2991,6,5,session_T,run_2,111,right_hand,2
BNCI2014001-4,BNCI2014001,2992,BNCI2014001:2992,6,5,session_T,run_2,112,tongue,3
BNCI2014001-4,BNCI2014001,2993,BNCI2014001:2993,6,5,session_T,run_2,113,left_hand,1
BNCI2014001-4,BNCI2014001,2994,BNCI2014001:2994,6,5,session_T,run_2,114,tongue,3
BNCI2014001-4,BNCI2014001,2995,BNCI2014001:2995,6,5,session_T,run_2,115,right_hand,2
BNCI2014001-4,BNCI2014001,2996,BNCI2014001:2996,6,5,session_T,run_2,116,left_hand,1
BNCI2014001-4,BNCI2014001,2997,BNCI2014001:2997,6,5,session_T,run_2,117,feet,0
BNCI2014001-4,BNCI2014001,2998,BNCI2014001:2998,6,5,session_T,run_2,118,feet,0
BNCI2014001-4,BNCI2014001,2999,BNCI2014001:2999,6,5,session_T,run_2,119,left_hand,1
BNCI2014001-4,BNCI2014001,3000,BNCI2014001:3000,6,5,session_T,run_2,120,right_hand,2
BNCI2014001-4,BNCI2014001,3001,BNCI2014001:3001,6,5,session_T,run_2,121,tongue,3
BNCI2014001-4,BNCI2014001,3002,BNCI2014001:3002,6,5,session_T,run_2,122,feet,0
BNCI2014001-4,BNCI2014001,3003,BNCI2014001:3003,6,5,session_T,run_2,123,feet,0
BNCI2014001-4,BNCI2014001,3004,BNCI2014001:3004,6,5,session_T,run_2,124,feet,0
BNCI2014001-4,BNCI2014001,3005,BNCI2014001:3005,6,5,session_T,run_2,125,feet,0
BNCI2014001-4,BNCI2014001,3006,BNCI2014001:3006,6,5,session_T,run_2,126,left_hand,1
BNCI2014001-4,BNCI2014001,3007,BNCI2014001:3007,6,5,session_T,run_2,127,feet,0
BNCI2014001-4,BNCI2014001,3008,BNCI2014001:3008,6,5,session_T,run_2,128,tongue,3
BNCI2014001-4,BNCI2014001,3009,BNCI2014001:3009,6,5,session_T,run_2,129,feet,0
BNCI2014001-4,BNCI2014001,3010,BNCI2014001:3010,6,5,session_T,run_2,130,left_hand,1
BNCI2014001-4,BNCI2014001,3011,BNCI2014001:3011,6,5,session_T,run_2,131,feet,0
BNCI2014001-4,BNCI2014001,3012,BNCI2014001:3012,6,5,session_T,run_2,132,left_hand,1
BNCI2014001-4,BNCI2014001,3013,BNCI2014001:3013,6,5,session_T,run_2,133,tongue,3
BNCI2014001-4,BNCI2014001,3014,BNCI2014001:3014,6,5,session_T,run_2,134,left_hand,1
BNCI2014001-4,BNCI2014001,3015,BNCI2014001:3015,6,5,session_T,run_2,135,right_hand,2
BNCI2014001-4,BNCI2014001,3016,BNCI2014001:3016,6,5,session_T,run_2,136,feet,0
BNCI2014001-4,BNCI2014001,3017,BNCI2014001:3017,6,5,session_T,run_2,137,right_hand,2
BNCI2014001-4,BNCI2014001,3018,BNCI2014001:3018,6,5,session_T,run_2,138,left_hand,1
BNCI2014001-4,BNCI2014001,3019,BNCI2014001:3019,6,5,session_T,run_2,139,right_hand,2
BNCI2014001-4,BNCI2014001,3020,BNCI2014001:3020,6,5,session_T,run_2,140,right_hand,2
BNCI2014001-4,BNCI2014001,3021,BNCI2014001:3021,6,5,session_T,run_2,141,tongue,3
BNCI2014001-4,BNCI2014001,3022,BNCI2014001:3022,6,5,session_T,run_2,142,feet,0
BNCI2014001-4,BNCI2014001,3023,BNCI2014001:3023,6,5,session_T,run_2,143,tongue,3
BNCI2014001-4,BNCI2014001,3024,BNCI2014001:3024,6,5,session_T,run_3,144,left_hand,1
BNCI2014001-4,BNCI2014001,3025,BNCI2014001:3025,6,5,session_T,run_3,145,left_hand,1
BNCI2014001-4,BNCI2014001,3026,BNCI2014001:3026,6,5,session_T,run_3,146,right_hand,2
BNCI2014001-4,BNCI2014001,3027,BNCI2014001:3027,6,5,session_T,run_3,147,tongue,3
BNCI2014001-4,BNCI2014001,3028,BNCI2014001:3028,6,5,session_T,run_3,148,left_hand,1
BNCI2014001-4,BNCI2014001,3029,BNCI2014001:3029,6,5,session_T,run_3,149,tongue,3
BNCI2014001-4,BNCI2014001,3030,BNCI2014001:3030,6,5,session_T,run_3,150,tongue,3
BNCI2014001-4,BNCI2014001,3031,BNCI2014001:3031,6,5,session_T,run_3,151,tongue,3
BNCI2014001-4,BNCI2014001,3032,BNCI2014001:3032,6,5,session_T,run_3,152,left_hand,1
BNCI2014001-4,BNCI2014001,3033,BNCI2014001:3033,6,5,session_T,run_3,153,feet,0
BNCI2014001-4,BNCI2014001,3034,BNCI2014001:3034,6,5,session_T,run_3,154,tongue,3
BNCI2014001-4,BNCI2014001,3035,BNCI2014001:3035,6,5,session_T,run_3,155,tongue,3
BNCI2014001-4,BNCI2014001,3036,BNCI2014001:3036,6,5,session_T,run_3,156,right_hand,2
BNCI2014001-4,BNCI2014001,3037,BNCI2014001:3037,6,5,session_T,run_3,157,right_hand,2
BNCI2014001-4,BNCI2014001,3038,BNCI2014001:3038,6,5,session_T,run_3,158,tongue,3
BNCI2014001-4,BNCI2014001,3039,BNCI2014001:3039,6,5,session_T,run_3,159,left_hand,1
BNCI2014001-4,BNCI2014001,3040,BNCI2014001:3040,6,5,session_T,run_3,160,tongue,3
BNCI2014001-4,BNCI2014001,3041,BNCI2014001:3041,6,5,session_T,run_3,161,feet,0
BNCI2014001-4,BNCI2014001,3042,BNCI2014001:3042,6,5,session_T,run_3,162,right_hand,2
BNCI2014001-4,BNCI2014001,3043,BNCI2014001:3043,6,5,session_T,run_3,163,feet,0
BNCI2014001-4,BNCI2014001,3044,BNCI2014001:3044,6,5,session_T,run_3,164,right_hand,2
BNCI2014001-4,BNCI2014001,3045,BNCI2014001:3045,6,5,session_T,run_3,165,tongue,3
BNCI2014001-4,BNCI2014001,3046,BNCI2014001:3046,6,5,session_T,run_3,166,left_hand,1
BNCI2014001-4,BNCI2014001,3047,BNCI2014001:3047,6,5,session_T,run_3,167,left_hand,1
BNCI2014001-4,BNCI2014001,3048,BNCI2014001:3048,6,5,session_T,run_3,168,right_hand,2
BNCI2014001-4,BNCI2014001,3049,BNCI2014001:3049,6,5,session_T,run_3,169,feet,0
BNCI2014001-4,BNCI2014001,3050,BNCI2014001:3050,6,5,session_T,run_3,170,left_hand,1
BNCI2014001-4,BNCI2014001,3051,BNCI2014001:3051,6,5,session_T,run_3,171,tongue,3
BNCI2014001-4,BNCI2014001,3052,BNCI2014001:3052,6,5,session_T,run_3,172,left_hand,1
BNCI2014001-4,BNCI2014001,3053,BNCI2014001:3053,6,5,session_T,run_3,173,feet,0
BNCI2014001-4,BNCI2014001,3054,BNCI2014001:3054,6,5,session_T,run_3,174,feet,0
BNCI2014001-4,BNCI2014001,3055,BNCI2014001:3055,6,5,session_T,run_3,175,feet,0
BNCI2014001-4,BNCI2014001,3056,BNCI2014001:3056,6,5,session_T,run_3,176,right_hand,2
BNCI2014001-4,BNCI2014001,3057,BNCI2014001:3057,6,5,session_T,run_3,177,right_hand,2
BNCI2014001-4,BNCI2014001,3058,BNCI2014001:3058,6,5,session_T,run_3,178,right_hand,2
BNCI2014001-4,BNCI2014001,3059,BNCI2014001:3059,6,5,session_T,run_3,179,feet,0
BNCI2014001-4,BNCI2014001,3060,BNCI2014001:3060,6,5,session_T,run_3,180,left_hand,1
BNCI2014001-4,BNCI2014001,3061,BNCI2014001:3061,6,5,session_T,run_3,181,right_hand,2
BNCI2014001-4,BNCI2014001,3062,BNCI2014001:3062,6,5,session_T,run_3,182,left_hand,1
BNCI2014001-4,BNCI2014001,3063,BNCI2014001:3063,6,5,session_T,run_3,183,tongue,3
BNCI2014001-4,BNCI2014001,3064,BNCI2014001:3064,6,5,session_T,run_3,184,tongue,3
BNCI2014001-4,BNCI2014001,3065,BNCI2014001:3065,6,5,session_T,run_3,185,feet,0
BNCI2014001-4,BNCI2014001,3066,BNCI2014001:3066,6,5,session_T,run_3,186,feet,0
BNCI2014001-4,BNCI2014001,3067,BNCI2014001:3067,6,5,session_T,run_3,187,right_hand,2
BNCI2014001-4,BNCI2014001,3068,BNCI2014001:3068,6,5,session_T,run_3,188,right_hand,2
BNCI2014001-4,BNCI2014001,3069,BNCI2014001:3069,6,5,session_T,run_3,189,left_hand,1
BNCI2014001-4,BNCI2014001,3070,BNCI2014001:3070,6,5,session_T,run_3,190,feet,0
BNCI2014001-4,BNCI2014001,3071,BNCI2014001:3071,6,5,session_T,run_3,191,feet,0
BNCI2014001-4,BNCI2014001,3072,BNCI2014001:3072,6,5,session_T,run_4,192,tongue,3
BNCI2014001-4,BNCI2014001,3073,BNCI2014001:3073,6,5,session_T,run_4,193,left_hand,1
BNCI2014001-4,BNCI2014001,3074,BNCI2014001:3074,6,5,session_T,run_4,194,feet,0
BNCI2014001-4,BNCI2014001,3075,BNCI2014001:3075,6,5,session_T,run_4,195,tongue,3
BNCI2014001-4,BNCI2014001,3076,BNCI2014001:3076,6,5,session_T,run_4,196,right_hand,2
BNCI2014001-4,BNCI2014001,3077,BNCI2014001:3077,6,5,session_T,run_4,197,right_hand,2
BNCI2014001-4,BNCI2014001,3078,BNCI2014001:3078,6,5,session_T,run_4,198,feet,0
BNCI2014001-4,BNCI2014001,3079,BNCI2014001:3079,6,5,session_T,run_4,199,feet,0
BNCI2014001-4,BNCI2014001,3080,BNCI2014001:3080,6,5,session_T,run_4,200,left_hand,1
BNCI2014001-4,BNCI2014001,3081,BNCI2014001:3081,6,5,session_T,run_4,201,left_hand,1
BNCI2014001-4,BNCI2014001,3082,BNCI2014001:3082,6,5,session_T,run_4,202,right_hand,2
BNCI2014001-4,BNCI2014001,3083,BNCI2014001:3083,6,5,session_T,run_4,203,right_hand,2
BNCI2014001-4,BNCI2014001,3084,BNCI2014001:3084,6,5,session_T,run_4,204,left_hand,1
BNCI2014001-4,BNCI2014001,3085,BNCI2014001:3085,6,5,session_T,run_4,205,tongue,3
BNCI2014001-4,BNCI2014001,3086,BNCI2014001:3086,6,5,session_T,run_4,206,left_hand,1
BNCI2014001-4,BNCI2014001,3087,BNCI2014001:3087,6,5,session_T,run_4,207,right_hand,2
BNCI2014001-4,BNCI2014001,3088,BNCI2014001:3088,6,5,session_T,run_4,208,feet,0
BNCI2014001-4,BNCI2014001,3089,BNCI2014001:3089,6,5,session_T,run_4,209,left_hand,1
BNCI2014001-4,BNCI2014001,3090,BNCI2014001:3090,6,5,session_T,run_4,210,tongue,3
BNCI2014001-4,BNCI2014001,3091,BNCI2014001:3091,6,5,session_T,run_4,211,right_hand,2
BNCI2014001-4,BNCI2014001,3092,BNCI2014001:3092,6,5,session_T,run_4,212,right_hand,2
BNCI2014001-4,BNCI2014001,3093,BNCI2014001:3093,6,5,session_T,run_4,213,right_hand,2
BNCI2014001-4,BNCI2014001,3094,BNCI2014001:3094,6,5,session_T,run_4,214,left_hand,1
BNCI2014001-4,BNCI2014001,3095,BNCI2014001:3095,6,5,session_T,run_4,215,right_hand,2
BNCI2014001-4,BNCI2014001,3096,BNCI2014001:3096,6,5,session_T,run_4,216,right_hand,2
BNCI2014001-4,BNCI2014001,3097,BNCI2014001:3097,6,5,session_T,run_4,217,left_hand,1
BNCI2014001-4,BNCI2014001,3098,BNCI2014001:3098,6,5,session_T,run_4,218,tongue,3
BNCI2014001-4,BNCI2014001,3099,BNCI2014001:3099,6,5,session_T,run_4,219,tongue,3
BNCI2014001-4,BNCI2014001,3100,BNCI2014001:3100,6,5,session_T,run_4,220,tongue,3
BNCI2014001-4,BNCI2014001,3101,BNCI2014001:3101,6,5,session_T,run_4,221,left_hand,1
BNCI2014001-4,BNCI2014001,3102,BNCI2014001:3102,6,5,session_T,run_4,222,left_hand,1
BNCI2014001-4,BNCI2014001,3103,BNCI2014001:3103,6,5,session_T,run_4,223,feet,0
BNCI2014001-4,BNCI2014001,3104,BNCI2014001:3104,6,5,session_T,run_4,224,tongue,3
BNCI2014001-4,BNCI2014001,3105,BNCI2014001:3105,6,5,session_T,run_4,225,tongue,3
BNCI2014001-4,BNCI2014001,3106,BNCI2014001:3106,6,5,session_T,run_4,226,feet,0
BNCI2014001-4,BNCI2014001,3107,BNCI2014001:3107,6,5,session_T,run_4,227,right_hand,2
BNCI2014001-4,BNCI2014001,3108,BNCI2014001:3108,6,5,session_T,run_4,228,feet,0
BNCI2014001-4,BNCI2014001,3109,BNCI2014001:3109,6,5,session_T,run_4,229,tongue,3
BNCI2014001-4,BNCI2014001,3110,BNCI2014001:3110,6,5,session_T,run_4,230,tongue,3
BNCI2014001-4,BNCI2014001,3111,BNCI2014001:3111,6,5,session_T,run_4,231,left_hand,1
BNCI2014001-4,BNCI2014001,3112,BNCI2014001:3112,6,5,session_T,run_4,232,feet,0
BNCI2014001-4,BNCI2014001,3113,BNCI2014001:3113,6,5,session_T,run_4,233,feet,0
BNCI2014001-4,BNCI2014001,3114,BNCI2014001:3114,6,5,session_T,run_4,234,feet,0
BNCI2014001-4,BNCI2014001,3115,BNCI2014001:3115,6,5,session_T,run_4,235,feet,0
BNCI2014001-4,BNCI2014001,3116,BNCI2014001:3116,6,5,session_T,run_4,236,left_hand,1
BNCI2014001-4,BNCI2014001,3117,BNCI2014001:3117,6,5,session_T,run_4,237,feet,0
BNCI2014001-4,BNCI2014001,3118,BNCI2014001:3118,6,5,session_T,run_4,238,right_hand,2
BNCI2014001-4,BNCI2014001,3119,BNCI2014001:3119,6,5,session_T,run_4,239,tongue,3
BNCI2014001-4,BNCI2014001,3120,BNCI2014001:3120,6,5,session_T,run_5,240,left_hand,1
BNCI2014001-4,BNCI2014001,3121,BNCI2014001:3121,6,5,session_T,run_5,241,left_hand,1
BNCI2014001-4,BNCI2014001,3122,BNCI2014001:3122,6,5,session_T,run_5,242,feet,0
BNCI2014001-4,BNCI2014001,3123,BNCI2014001:3123,6,5,session_T,run_5,243,feet,0
BNCI2014001-4,BNCI2014001,3124,BNCI2014001:3124,6,5,session_T,run_5,244,left_hand,1
BNCI2014001-4,BNCI2014001,3125,BNCI2014001:3125,6,5,session_T,run_5,245,feet,0
BNCI2014001-4,BNCI2014001,3126,BNCI2014001:3126,6,5,session_T,run_5,246,feet,0
BNCI2014001-4,BNCI2014001,3127,BNCI2014001:3127,6,5,session_T,run_5,247,tongue,3
BNCI2014001-4,BNCI2014001,3128,BNCI2014001:3128,6,5,session_T,run_5,248,right_hand,2
BNCI2014001-4,BNCI2014001,3129,BNCI2014001:3129,6,5,session_T,run_5,249,right_hand,2
BNCI2014001-4,BNCI2014001,3130,BNCI2014001:3130,6,5,session_T,run_5,250,tongue,3
BNCI2014001-4,BNCI2014001,3131,BNCI2014001:3131,6,5,session_T,run_5,251,right_hand,2
BNCI2014001-4,BNCI2014001,3132,BNCI2014001:3132,6,5,session_T,run_5,252,feet,0
BNCI2014001-4,BNCI2014001,3133,BNCI2014001:3133,6,5,session_T,run_5,253,tongue,3
BNCI2014001-4,BNCI2014001,3134,BNCI2014001:3134,6,5,session_T,run_5,254,feet,0
BNCI2014001-4,BNCI2014001,3135,BNCI2014001:3135,6,5,session_T,run_5,255,right_hand,2
BNCI2014001-4,BNCI2014001,3136,BNCI2014001:3136,6,5,session_T,run_5,256,left_hand,1
BNCI2014001-4,BNCI2014001,3137,BNCI2014001:3137,6,5,session_T,run_5,257,right_hand,2
BNCI2014001-4,BNCI2014001,3138,BNCI2014001:3138,6,5,session_T,run_5,258,tongue,3
BNCI2014001-4,BNCI2014001,3139,BNCI2014001:3139,6,5,session_T,run_5,259,left_hand,1
BNCI2014001-4,BNCI2014001,3140,BNCI2014001:3140,6,5,session_T,run_5,260,feet,0
BNCI2014001-4,BNCI2014001,3141,BNCI2014001:3141,6,5,session_T,run_5,261,right_hand,2
BNCI2014001-4,BNCI2014001,3142,BNCI2014001:3142,6,5,session_T,run_5,262,feet,0
BNCI2014001-4,BNCI2014001,3143,BNCI2014001:3143,6,5,session_T,run_5,263,tongue,3
BNCI2014001-4,BNCI2014001,3144,BNCI2014001:3144,6,5,session_T,run_5,264,left_hand,1
BNCI2014001-4,BNCI2014001,3145,BNCI2014001:3145,6,5,session_T,run_5,265,left_hand,1
BNCI2014001-4,BNCI2014001,3146,BNCI2014001:3146,6,5,session_T,run_5,266,right_hand,2
BNCI2014001-4,BNCI2014001,3147,BNCI2014001:3147,6,5,session_T,run_5,267,tongue,3
BNCI2014001-4,BNCI2014001,3148,BNCI2014001:3148,6,5,session_T,run_5,268,left_hand,1
BNCI2014001-4,BNCI2014001,3149,BNCI2014001:3149,6,5,session_T,run_5,269,tongue,3
BNCI2014001-4,BNCI2014001,3150,BNCI2014001:3150,6,5,session_T,run_5,270,right_hand,2
BNCI2014001-4,BNCI2014001,3151,BNCI2014001:3151,6,5,session_T,run_5,271,right_hand,2
BNCI2014001-4,BNCI2014001,3152,BNCI2014001:3152,6,5,session_T,run_5,272,feet,0
BNCI2014001-4,BNCI2014001,3153,BNCI2014001:3153,6,5,session_T,run_5,273,feet,0
BNCI2014001-4,BNCI2014001,3154,BNCI2014001:3154,6,5,session_T,run_5,274,tongue,3
BNCI2014001-4,BNCI2014001,3155,BNCI2014001:3155,6,5,session_T,run_5,275,tongue,3
BNCI2014001-4,BNCI2014001,3156,BNCI2014001:3156,6,5,session_T,run_5,276,feet,0
BNCI2014001-4,BNCI2014001,3157,BNCI2014001:3157,6,5,session_T,run_5,277,left_hand,1
BNCI2014001-4,BNCI2014001,3158,BNCI2014001:3158,6,5,session_T,run_5,278,left_hand,1
BNCI2014001-4,BNCI2014001,3159,BNCI2014001:3159,6,5,session_T,run_5,279,right_hand,2
BNCI2014001-4,BNCI2014001,3160,BNCI2014001:3160,6,5,session_T,run_5,280,left_hand,1
BNCI2014001-4,BNCI2014001,3161,BNCI2014001:3161,6,5,session_T,run_5,281,tongue,3
BNCI2014001-4,BNCI2014001,3162,BNCI2014001:3162,6,5,session_T,run_5,282,right_hand,2
BNCI2014001-4,BNCI2014001,3163,BNCI2014001:3163,6,5,session_T,run_5,283,tongue,3
BNCI2014001-4,BNCI2014001,3164,BNCI2014001:3164,6,5,session_T,run_5,284,tongue,3
BNCI2014001-4,BNCI2014001,3165,BNCI2014001:3165,6,5,session_T,run_5,285,left_hand,1
BNCI2014001-4,BNCI2014001,3166,BNCI2014001:3166,6,5,session_T,run_5,286,right_hand,2
BNCI2014001-4,BNCI2014001,3167,BNCI2014001:3167,6,5,session_T,run_5,287,feet,0
BNCI2014001-4,BNCI2014001,3456,BNCI2014001:3456,7,6,session_T,run_0,0,left_hand,1
BNCI2014001-4,BNCI2014001,3457,BNCI2014001:3457,7,6,session_T,run_0,1,right_hand,2
BNCI2014001-4,BNCI2014001,3458,BNCI2014001:3458,7,6,session_T,run_0,2,right_hand,2
BNCI2014001-4,BNCI2014001,3459,BNCI2014001:3459,7,6,session_T,run_0,3,left_hand,1
BNCI2014001-4,BNCI2014001,3460,BNCI2014001:3460,7,6,session_T,run_0,4,right_hand,2
BNCI2014001-4,BNCI2014001,3461,BNCI2014001:3461,7,6,session_T,run_0,5,left_hand,1
BNCI2014001-4,BNCI2014001,3462,BNCI2014001:3462,7,6,session_T,run_0,6,right_hand,2
BNCI2014001-4,BNCI2014001,3463,BNCI2014001:3463,7,6,session_T,run_0,7,feet,0
BNCI2014001-4,BNCI2014001,3464,BNCI2014001:3464,7,6,session_T,run_0,8,right_hand,2
BNCI2014001-4,BNCI2014001,3465,BNCI2014001:3465,7,6,session_T,run_0,9,tongue,3
BNCI2014001-4,BNCI2014001,3466,BNCI2014001:3466,7,6,session_T,run_0,10,left_hand,1
BNCI2014001-4,BNCI2014001,3467,BNCI2014001:3467,7,6,session_T,run_0,11,feet,0
BNCI2014001-4,BNCI2014001,3468,BNCI2014001:3468,7,6,session_T,run_0,12,right_hand,2
BNCI2014001-4,BNCI2014001,3469,BNCI2014001:3469,7,6,session_T,run_0,13,left_hand,1
BNCI2014001-4,BNCI2014001,3470,BNCI2014001:3470,7,6,session_T,run_0,14,tongue,3
BNCI2014001-4,BNCI2014001,3471,BNCI2014001:3471,7,6,session_T,run_0,15,tongue,3
BNCI2014001-4,BNCI2014001,3472,BNCI2014001:3472,7,6,session_T,run_0,16,tongue,3
BNCI2014001-4,BNCI2014001,3473,BNCI2014001:3473,7,6,session_T,run_0,17,tongue,3
BNCI2014001-4,BNCI2014001,3474,BNCI2014001:3474,7,6,session_T,run_0,18,tongue,3
BNCI2014001-4,BNCI2014001,3475,BNCI2014001:3475,7,6,session_T,run_0,19,left_hand,1
BNCI2014001-4,BNCI2014001,3476,BNCI2014001:3476,7,6,session_T,run_0,20,feet,0
BNCI2014001-4,BNCI2014001,3477,BNCI2014001:3477,7,6,session_T,run_0,21,right_hand,2
BNCI2014001-4,BNCI2014001,3478,BNCI2014001:3478,7,6,session_T,run_0,22,left_hand,1
BNCI2014001-4,BNCI2014001,3479,BNCI2014001:3479,7,6,session_T,run_0,23,left_hand,1
BNCI2014001-4,BNCI2014001,3480,BNCI2014001:3480,7,6,session_T,run_0,24,feet,0
BNCI2014001-4,BNCI2014001,3481,BNCI2014001:3481,7,6,session_T,run_0,25,tongue,3
BNCI2014001-4,BNCI2014001,3482,BNCI2014001:3482,7,6,session_T,run_0,26,left_hand,1
BNCI2014001-4,BNCI2014001,3483,BNCI2014001:3483,7,6,session_T,run_0,27,feet,0
BNCI2014001-4,BNCI2014001,3484,BNCI2014001:3484,7,6,session_T,run_0,28,feet,0
BNCI2014001-4,BNCI2014001,3485,BNCI2014001:3485,7,6,session_T,run_0,29,feet,0
BNCI2014001-4,BNCI2014001,3486,BNCI2014001:3486,7,6,session_T,run_0,30,left_hand,1
BNCI2014001-4,BNCI2014001,3487,BNCI2014001:3487,7,6,session_T,run_0,31,right_hand,2
BNCI2014001-4,BNCI2014001,3488,BNCI2014001:3488,7,6,session_T,run_0,32,left_hand,1
BNCI2014001-4,BNCI2014001,3489,BNCI2014001:3489,7,6,session_T,run_0,33,right_hand,2
BNCI2014001-4,BNCI2014001,3490,BNCI2014001:3490,7,6,session_T,run_0,34,right_hand,2
BNCI2014001-4,BNCI2014001,3491,BNCI2014001:3491,7,6,session_T,run_0,35,left_hand,1
BNCI2014001-4,BNCI2014001,3492,BNCI2014001:3492,7,6,session_T,run_0,36,right_hand,2
BNCI2014001-4,BNCI2014001,3493,BNCI2014001:3493,7,6,session_T,run_0,37,feet,0
BNCI2014001-4,BNCI2014001,3494,BNCI2014001:3494,7,6,session_T,run_0,38,right_hand,2
BNCI2014001-4,BNCI2014001,3495,BNCI2014001:3495,7,6,session_T,run_0,39,feet,0
BNCI2014001-4,BNCI2014001,3496,BNCI2014001:3496,7,6,session_T,run_0,40,feet,0
BNCI2014001-4,BNCI2014001,3497,BNCI2014001:3497,7,6,session_T,run_0,41,tongue,3
BNCI2014001-4,BNCI2014001,3498,BNCI2014001:3498,7,6,session_T,run_0,42,feet,0
BNCI2014001-4,BNCI2014001,3499,BNCI2014001:3499,7,6,session_T,run_0,43,feet,0
BNCI2014001-4,BNCI2014001,3500,BNCI2014001:3500,7,6,session_T,run_0,44,tongue,3
BNCI2014001-4,BNCI2014001,3501,BNCI2014001:3501,7,6,session_T,run_0,45,tongue,3
BNCI2014001-4,BNCI2014001,3502,BNCI2014001:3502,7,6,session_T,run_0,46,tongue,3
BNCI2014001-4,BNCI2014001,3503,BNCI2014001:3503,7,6,session_T,run_0,47,tongue,3
BNCI2014001-4,BNCI2014001,3504,BNCI2014001:3504,7,6,session_T,run_1,48,tongue,3
BNCI2014001-4,BNCI2014001,3505,BNCI2014001:3505,7,6,session_T,run_1,49,feet,0
BNCI2014001-4,BNCI2014001,3506,BNCI2014001:3506,7,6,session_T,run_1,50,right_hand,2
BNCI2014001-4,BNCI2014001,3507,BNCI2014001:3507,7,6,session_T,run_1,51,left_hand,1
BNCI2014001-4,BNCI2014001,3508,BNCI2014001:3508,7,6,session_T,run_1,52,left_hand,1
BNCI2014001-4,BNCI2014001,3509,BNCI2014001:3509,7,6,session_T,run_1,53,right_hand,2
BNCI2014001-4,BNCI2014001,3510,BNCI2014001:3510,7,6,session_T,run_1,54,feet,0
BNCI2014001-4,BNCI2014001,3511,BNCI2014001:3511,7,6,session_T,run_1,55,tongue,3
BNCI2014001-4,BNCI2014001,3512,BNCI2014001:3512,7,6,session_T,run_1,56,right_hand,2
BNCI2014001-4,BNCI2014001,3513,BNCI2014001:3513,7,6,session_T,run_1,57,feet,0
BNCI2014001-4,BNCI2014001,3514,BNCI2014001:3514,7,6,session_T,run_1,58,left_hand,1
BNCI2014001-4,BNCI2014001,3515,BNCI2014001:3515,7,6,session_T,run_1,59,left_hand,1
BNCI2014001-4,BNCI2014001,3516,BNCI2014001:3516,7,6,session_T,run_1,60,left_hand,1
BNCI2014001-4,BNCI2014001,3517,BNCI2014001:3517,7,6,session_T,run_1,61,tongue,3
BNCI2014001-4,BNCI2014001,3518,BNCI2014001:3518,7,6,session_T,run_1,62,right_hand,2
BNCI2014001-4,BNCI2014001,3519,BNCI2014001:3519,7,6,session_T,run_1,63,right_hand,2
BNCI2014001-4,BNCI2014001,3520,BNCI2014001:3520,7,6,session_T,run_1,64,left_hand,1
BNCI2014001-4,BNCI2014001,3521,BNCI2014001:3521,7,6,session_T,run_1,65,left_hand,1
BNCI2014001-4,BNCI2014001,3522,BNCI2014001:3522,7,6,session_T,run_1,66,feet,0
BNCI2014001-4,BNCI2014001,3523,BNCI2014001:3523,7,6,session_T,run_1,67,left_hand,1
BNCI2014001-4,BNCI2014001,3524,BNCI2014001:3524,7,6,session_T,run_1,68,right_hand,2
BNCI2014001-4,BNCI2014001,3525,BNCI2014001:3525,7,6,session_T,run_1,69,tongue,3
BNCI2014001-4,BNCI2014001,3526,BNCI2014001:3526,7,6,session_T,run_1,70,tongue,3
BNCI2014001-4,BNCI2014001,3527,BNCI2014001:3527,7,6,session_T,run_1,71,feet,0
BNCI2014001-4,BNCI2014001,3528,BNCI2014001:3528,7,6,session_T,run_1,72,left_hand,1
BNCI2014001-4,BNCI2014001,3529,BNCI2014001:3529,7,6,session_T,run_1,73,tongue,3
BNCI2014001-4,BNCI2014001,3530,BNCI2014001:3530,7,6,session_T,run_1,74,tongue,3
BNCI2014001-4,BNCI2014001,3531,BNCI2014001:3531,7,6,session_T,run_1,75,right_hand,2
BNCI2014001-4,BNCI2014001,3532,BNCI2014001:3532,7,6,session_T,run_1,76,tongue,3
BNCI2014001-4,BNCI2014001,3533,BNCI2014001:3533,7,6,session_T,run_1,77,tongue,3
BNCI2014001-4,BNCI2014001,3534,BNCI2014001:3534,7,6,session_T,run_1,78,right_hand,2
BNCI2014001-4,BNCI2014001,3535,BNCI2014001:3535,7,6,session_T,run_1,79,left_hand,1
BNCI2014001-4,BNCI2014001,3536,BNCI2014001:3536,7,6,session_T,run_1,80,right_hand,2
BNCI2014001-4,BNCI2014001,3537,BNCI2014001:3537,7,6,session_T,run_1,81,feet,0
BNCI2014001-4,BNCI2014001,3538,BNCI2014001:3538,7,6,session_T,run_1,82,feet,0
BNCI2014001-4,BNCI2014001,3539,BNCI2014001:3539,7,6,session_T,run_1,83,feet,0
BNCI2014001-4,BNCI2014001,3540,BNCI2014001:3540,7,6,session_T,run_1,84,tongue,3
BNCI2014001-4,BNCI2014001,3541,BNCI2014001:3541,7,6,session_T,run_1,85,feet,0
BNCI2014001-4,BNCI2014001,3542,BNCI2014001:3542,7,6,session_T,run_1,86,left_hand,1
BNCI2014001-4,BNCI2014001,3543,BNCI2014001:3543,7,6,session_T,run_1,87,tongue,3
BNCI2014001-4,BNCI2014001,3544,BNCI2014001:3544,7,6,session_T,run_1,88,right_hand,2
BNCI2014001-4,BNCI2014001,3545,BNCI2014001:3545,7,6,session_T,run_1,89,feet,0
BNCI2014001-4,BNCI2014001,3546,BNCI2014001:3546,7,6,session_T,run_1,90,right_hand,2
BNCI2014001-4,BNCI2014001,3547,BNCI2014001:3547,7,6,session_T,run_1,91,feet,0
BNCI2014001-4,BNCI2014001,3548,BNCI2014001:3548,7,6,session_T,run_1,92,tongue,3
BNCI2014001-4,BNCI2014001,3549,BNCI2014001:3549,7,6,session_T,run_1,93,right_hand,2
BNCI2014001-4,BNCI2014001,3550,BNCI2014001:3550,7,6,session_T,run_1,94,feet,0
BNCI2014001-4,BNCI2014001,3551,BNCI2014001:3551,7,6,session_T,run_1,95,left_hand,1
BNCI2014001-4,BNCI2014001,3552,BNCI2014001:3552,7,6,session_T,run_2,96,left_hand,1
BNCI2014001-4,BNCI2014001,3553,BNCI2014001:3553,7,6,session_T,run_2,97,left_hand,1
BNCI2014001-4,BNCI2014001,3554,BNCI2014001:3554,7,6,session_T,run_2,98,tongue,3
BNCI2014001-4,BNCI2014001,3555,BNCI2014001:3555,7,6,session_T,run_2,99,right_hand,2
BNCI2014001-4,BNCI2014001,3556,BNCI2014001:3556,7,6,session_T,run_2,100,left_hand,1
BNCI2014001-4,BNCI2014001,3557,BNCI2014001:3557,7,6,session_T,run_2,101,feet,0
BNCI2014001-4,BNCI2014001,3558,BNCI2014001:3558,7,6,session_T,run_2,102,left_hand,1
BNCI2014001-4,BNCI2014001,3559,BNCI2014001:3559,7,6,session_T,run_2,103,feet,0
BNCI2014001-4,BNCI2014001,3560,BNCI2014001:3560,7,6,session_T,run_2,104,right_hand,2
BNCI2014001-4,BNCI2014001,3561,BNCI2014001:3561,7,6,session_T,run_2,105,tongue,3
BNCI2014001-4,BNCI2014001,3562,BNCI2014001:3562,7,6,session_T,run_2,106,left_hand,1
BNCI2014001-4,BNCI2014001,3563,BNCI2014001:3563,7,6,session_T,run_2,107,feet,0
BNCI2014001-4,BNCI2014001,3564,BNCI2014001:3564,7,6,session_T,run_2,108,feet,0
BNCI2014001-4,BNCI2014001,3565,BNCI2014001:3565,7,6,session_T,run_2,109,left_hand,1
BNCI2014001-4,BNCI2014001,3566,BNCI2014001:3566,7,6,session_T,run_2,110,feet,0
BNCI2014001-4,BNCI2014001,3567,BNCI2014001:3567,7,6,session_T,run_2,111,right_hand,2
BNCI2014001-4,BNCI2014001,3568,BNCI2014001:3568,7,6,session_T,run_2,112,tongue,3
BNCI2014001-4,BNCI2014001,3569,BNCI2014001:3569,7,6,session_T,run_2,113,tongue,3
BNCI2014001-4,BNCI2014001,3570,BNCI2014001:3570,7,6,session_T,run_2,114,tongue,3
BNCI2014001-4,BNCI2014001,3571,BNCI2014001:3571,7,6,session_T,run_2,115,feet,0
BNCI2014001-4,BNCI2014001,3572,BNCI2014001:3572,7,6,session_T,run_2,116,left_hand,1
BNCI2014001-4,BNCI2014001,3573,BNCI2014001:3573,7,6,session_T,run_2,117,tongue,3
BNCI2014001-4,BNCI2014001,3574,BNCI2014001:3574,7,6,session_T,run_2,118,right_hand,2
BNCI2014001-4,BNCI2014001,3575,BNCI2014001:3575,7,6,session_T,run_2,119,tongue,3
BNCI2014001-4,BNCI2014001,3576,BNCI2014001:3576,7,6,session_T,run_2,120,right_hand,2
BNCI2014001-4,BNCI2014001,3577,BNCI2014001:3577,7,6,session_T,run_2,121,left_hand,1
BNCI2014001-4,BNCI2014001,3578,BNCI2014001:3578,7,6,session_T,run_2,122,feet,0
BNCI2014001-4,BNCI2014001,3579,BNCI2014001:3579,7,6,session_T,run_2,123,right_hand,2
BNCI2014001-4,BNCI2014001,3580,BNCI2014001:3580,7,6,session_T,run_2,124,left_hand,1
BNCI2014001-4,BNCI2014001,3581,BNCI2014001:3581,7,6,session_T,run_2,125,feet,0
BNCI2014001-4,BNCI2014001,3582,BNCI2014001:3582,7,6,session_T,run_2,126,feet,0
BNCI2014001-4,BNCI2014001,3583,BNCI2014001:3583,7,6,session_T,run_2,127,left_hand,1
BNCI2014001-4,BNCI2014001,3584,BNCI2014001:3584,7,6,session_T,run_2,128,feet,0
BNCI2014001-4,BNCI2014001,3585,BNCI2014001:3585,7,6,session_T,run_2,129,tongue,3
BNCI2014001-4,BNCI2014001,3586,BNCI2014001:3586,7,6,session_T,run_2,130,tongue,3
BNCI2014001-4,BNCI2014001,3587,BNCI2014001:3587,7,6,session_T,run_2,131,right_hand,2
BNCI2014001-4,BNCI2014001,3588,BNCI2014001:3588,7,6,session_T,run_2,132,left_hand,1
BNCI2014001-4,BNCI2014001,3589,BNCI2014001:3589,7,6,session_T,run_2,133,right_hand,2
BNCI2014001-4,BNCI2014001,3590,BNCI2014001:3590,7,6,session_T,run_2,134,tongue,3
BNCI2014001-4,BNCI2014001,3591,BNCI2014001:3591,7,6,session_T,run_2,135,right_hand,2
BNCI2014001-4,BNCI2014001,3592,BNCI2014001:3592,7,6,session_T,run_2,136,tongue,3
BNCI2014001-4,BNCI2014001,3593,BNCI2014001:3593,7,6,session_T,run_2,137,feet,0
BNCI2014001-4,BNCI2014001,3594,BNCI2014001:3594,7,6,session_T,run_2,138,right_hand,2
BNCI2014001-4,BNCI2014001,3595,BNCI2014001:3595,7,6,session_T,run_2,139,right_hand,2
BNCI2014001-4,BNCI2014001,3596,BNCI2014001:3596,7,6,session_T,run_2,140,right_hand,2
BNCI2014001-4,BNCI2014001,3597,BNCI2014001:3597,7,6,session_T,run_2,141,feet,0
BNCI2014001-4,BNCI2014001,3598,BNCI2014001:3598,7,6,session_T,run_2,142,tongue,3
BNCI2014001-4,BNCI2014001,3599,BNCI2014001:3599,7,6,session_T,run_2,143,left_hand,1
BNCI2014001-4,BNCI2014001,3600,BNCI2014001:3600,7,6,session_T,run_3,144,right_hand,2
BNCI2014001-4,BNCI2014001,3601,BNCI2014001:3601,7,6,session_T,run_3,145,tongue,3
BNCI2014001-4,BNCI2014001,3602,BNCI2014001:3602,7,6,session_T,run_3,146,left_hand,1
BNCI2014001-4,BNCI2014001,3603,BNCI2014001:3603,7,6,session_T,run_3,147,feet,0
BNCI2014001-4,BNCI2014001,3604,BNCI2014001:3604,7,6,session_T,run_3,148,feet,0
BNCI2014001-4,BNCI2014001,3605,BNCI2014001:3605,7,6,session_T,run_3,149,tongue,3
BNCI2014001-4,BNCI2014001,3606,BNCI2014001:3606,7,6,session_T,run_3,150,left_hand,1
BNCI2014001-4,BNCI2014001,3607,BNCI2014001:3607,7,6,session_T,run_3,151,left_hand,1
BNCI2014001-4,BNCI2014001,3608,BNCI2014001:3608,7,6,session_T,run_3,152,feet,0
BNCI2014001-4,BNCI2014001,3609,BNCI2014001:3609,7,6,session_T,run_3,153,right_hand,2
BNCI2014001-4,BNCI2014001,3610,BNCI2014001:3610,7,6,session_T,run_3,154,tongue,3
BNCI2014001-4,BNCI2014001,3611,BNCI2014001:3611,7,6,session_T,run_3,155,tongue,3
BNCI2014001-4,BNCI2014001,3612,BNCI2014001:3612,7,6,session_T,run_3,156,tongue,3
BNCI2014001-4,BNCI2014001,3613,BNCI2014001:3613,7,6,session_T,run_3,157,right_hand,2
BNCI2014001-4,BNCI2014001,3614,BNCI2014001:3614,7,6,session_T,run_3,158,left_hand,1
BNCI2014001-4,BNCI2014001,3615,BNCI2014001:3615,7,6,session_T,run_3,159,feet,0
BNCI2014001-4,BNCI2014001,3616,BNCI2014001:3616,7,6,session_T,run_3,160,right_hand,2
BNCI2014001-4,BNCI2014001,3617,BNCI2014001:3617,7,6,session_T,run_3,161,tongue,3
BNCI2014001-4,BNCI2014001,3618,BNCI2014001:3618,7,6,session_T,run_3,162,left_hand,1
BNCI2014001-4,BNCI2014001,3619,BNCI2014001:3619,7,6,session_T,run_3,163,tongue,3
BNCI2014001-4,BNCI2014001,3620,BNCI2014001:3620,7,6,session_T,run_3,164,feet,0
BNCI2014001-4,BNCI2014001,3621,BNCI2014001:3621,7,6,session_T,run_3,165,right_hand,2
BNCI2014001-4,BNCI2014001,3622,BNCI2014001:3622,7,6,session_T,run_3,166,tongue,3
BNCI2014001-4,BNCI2014001,3623,BNCI2014001:3623,7,6,session_T,run_3,167,tongue,3
BNCI2014001-4,BNCI2014001,3624,BNCI2014001:3624,7,6,session_T,run_3,168,left_hand,1
BNCI2014001-4,BNCI2014001,3625,BNCI2014001:3625,7,6,session_T,run_3,169,right_hand,2
BNCI2014001-4,BNCI2014001,3626,BNCI2014001:3626,7,6,session_T,run_3,170,right_hand,2
BNCI2014001-4,BNCI2014001,3627,BNCI2014001:3627,7,6,session_T,run_3,171,feet,0
BNCI2014001-4,BNCI2014001,3628,BNCI2014001:3628,7,6,session_T,run_3,172,tongue,3
BNCI2014001-4,BNCI2014001,3629,BNCI2014001:3629,7,6,session_T,run_3,173,right_hand,2
BNCI2014001-4,BNCI2014001,3630,BNCI2014001:3630,7,6,session_T,run_3,174,left_hand,1
BNCI2014001-4,BNCI2014001,3631,BNCI2014001:3631,7,6,session_T,run_3,175,left_hand,1
BNCI2014001-4,BNCI2014001,3632,BNCI2014001:3632,7,6,session_T,run_3,176,tongue,3
BNCI2014001-4,BNCI2014001,3633,BNCI2014001:3633,7,6,session_T,run_3,177,right_hand,2
BNCI2014001-4,BNCI2014001,3634,BNCI2014001:3634,7,6,session_T,run_3,178,left_hand,1
BNCI2014001-4,BNCI2014001,3635,BNCI2014001:3635,7,6,session_T,run_3,179,feet,0
BNCI2014001-4,BNCI2014001,3636,BNCI2014001:3636,7,6,session_T,run_3,180,right_hand,2
BNCI2014001-4,BNCI2014001,3637,BNCI2014001:3637,7,6,session_T,run_3,181,right_hand,2
BNCI2014001-4,BNCI2014001,3638,BNCI2014001:3638,7,6,session_T,run_3,182,feet,0
BNCI2014001-4,BNCI2014001,3639,BNCI2014001:3639,7,6,session_T,run_3,183,left_hand,1
BNCI2014001-4,BNCI2014001,3640,BNCI2014001:3640,7,6,session_T,run_3,184,tongue,3
BNCI2014001-4,BNCI2014001,3641,BNCI2014001:3641,7,6,session_T,run_3,185,feet,0
BNCI2014001-4,BNCI2014001,3642,BNCI2014001:3642,7,6,session_T,run_3,186,feet,0
BNCI2014001-4,BNCI2014001,3643,BNCI2014001:3643,7,6,session_T,run_3,187,feet,0
BNCI2014001-4,BNCI2014001,3644,BNCI2014001:3644,7,6,session_T,run_3,188,feet,0
BNCI2014001-4,BNCI2014001,3645,BNCI2014001:3645,7,6,session_T,run_3,189,left_hand,1
BNCI2014001-4,BNCI2014001,3646,BNCI2014001:3646,7,6,session_T,run_3,190,right_hand,2
BNCI2014001-4,BNCI2014001,3647,BNCI2014001:3647,7,6,session_T,run_3,191,left_hand,1
BNCI2014001-4,BNCI2014001,3648,BNCI2014001:3648,7,6,session_T,run_4,192,right_hand,2
BNCI2014001-4,BNCI2014001,3649,BNCI2014001:3649,7,6,session_T,run_4,193,left_hand,1
BNCI2014001-4,BNCI2014001,3650,BNCI2014001:3650,7,6,session_T,run_4,194,left_hand,1
BNCI2014001-4,BNCI2014001,3651,BNCI2014001:3651,7,6,session_T,run_4,195,feet,0
BNCI2014001-4,BNCI2014001,3652,BNCI2014001:3652,7,6,session_T,run_4,196,feet,0
BNCI2014001-4,BNCI2014001,3653,BNCI2014001:3653,7,6,session_T,run_4,197,right_hand,2
BNCI2014001-4,BNCI2014001,3654,BNCI2014001:3654,7,6,session_T,run_4,198,feet,0
BNCI2014001-4,BNCI2014001,3655,BNCI2014001:3655,7,6,session_T,run_4,199,tongue,3
BNCI2014001-4,BNCI2014001,3656,BNCI2014001:3656,7,6,session_T,run_4,200,left_hand,1
BNCI2014001-4,BNCI2014001,3657,BNCI2014001:3657,7,6,session_T,run_4,201,tongue,3
BNCI2014001-4,BNCI2014001,3658,BNCI2014001:3658,7,6,session_T,run_4,202,left_hand,1
BNCI2014001-4,BNCI2014001,3659,BNCI2014001:3659,7,6,session_T,run_4,203,left_hand,1
BNCI2014001-4,BNCI2014001,3660,BNCI2014001:3660,7,6,session_T,run_4,204,right_hand,2
BNCI2014001-4,BNCI2014001,3661,BNCI2014001:3661,7,6,session_T,run_4,205,tongue,3
BNCI2014001-4,BNCI2014001,3662,BNCI2014001:3662,7,6,session_T,run_4,206,feet,0
BNCI2014001-4,BNCI2014001,3663,BNCI2014001:3663,7,6,session_T,run_4,207,right_hand,2
BNCI2014001-4,BNCI2014001,3664,BNCI2014001:3664,7,6,session_T,run_4,208,tongue,3
BNCI2014001-4,BNCI2014001,3665,BNCI2014001:3665,7,6,session_T,run_4,209,feet,0
BNCI2014001-4,BNCI2014001,3666,BNCI2014001:3666,7,6,session_T,run_4,210,tongue,3
BNCI2014001-4,BNCI2014001,3667,BNCI2014001:3667,7,6,session_T,run_4,211,feet,0
BNCI2014001-4,BNCI2014001,3668,BNCI2014001:3668,7,6,session_T,run_4,212,tongue,3
BNCI2014001-4,BNCI2014001,3669,BNCI2014001:3669,7,6,session_T,run_4,213,right_hand,2
BNCI2014001-4,BNCI2014001,3670,BNCI2014001:3670,7,6,session_T,run_4,214,right_hand,2
BNCI2014001-4,BNCI2014001,3671,BNCI2014001:3671,7,6,session_T,run_4,215,tongue,3
BNCI2014001-4,BNCI2014001,3672,BNCI2014001:3672,7,6,session_T,run_4,216,left_hand,1
BNCI2014001-4,BNCI2014001,3673,BNCI2014001:3673,7,6,session_T,run_4,217,right_hand,2
BNCI2014001-4,BNCI2014001,3674,BNCI2014001:3674,7,6,session_T,run_4,218,right_hand,2
BNCI2014001-4,BNCI2014001,3675,BNCI2014001:3675,7,6,session_T,run_4,219,right_hand,2
BNCI2014001-4,BNCI2014001,3676,BNCI2014001:3676,7,6,session_T,run_4,220,feet,0
BNCI2014001-4,BNCI2014001,3677,BNCI2014001:3677,7,6,session_T,run_4,221,tongue,3
BNCI2014001-4,BNCI2014001,3678,BNCI2014001:3678,7,6,session_T,run_4,222,left_hand,1
BNCI2014001-4,BNCI2014001,3679,BNCI2014001:3679,7,6,session_T,run_4,223,tongue,3
BNCI2014001-4,BNCI2014001,3680,BNCI2014001:3680,7,6,session_T,run_4,224,left_hand,1
BNCI2014001-4,BNCI2014001,3681,BNCI2014001:3681,7,6,session_T,run_4,225,feet,0
BNCI2014001-4,BNCI2014001,3682,BNCI2014001:3682,7,6,session_T,run_4,226,left_hand,1
BNCI2014001-4,BNCI2014001,3683,BNCI2014001:3683,7,6,session_T,run_4,227,tongue,3
BNCI2014001-4,BNCI2014001,3684,BNCI2014001:3684,7,6,session_T,run_4,228,left_hand,1
BNCI2014001-4,BNCI2014001,3685,BNCI2014001:3685,7,6,session_T,run_4,229,feet,0
BNCI2014001-4,BNCI2014001,3686,BNCI2014001:3686,7,6,session_T,run_4,230,left_hand,1
BNCI2014001-4,BNCI2014001,3687,BNCI2014001:3687,7,6,session_T,run_4,231,right_hand,2
BNCI2014001-4,BNCI2014001,3688,BNCI2014001:3688,7,6,session_T,run_4,232,feet,0
BNCI2014001-4,BNCI2014001,3689,BNCI2014001:3689,7,6,session_T,run_4,233,feet,0
BNCI2014001-4,BNCI2014001,3690,BNCI2014001:3690,7,6,session_T,run_4,234,tongue,3
BNCI2014001-4,BNCI2014001,3691,BNCI2014001:3691,7,6,session_T,run_4,235,left_hand,1
BNCI2014001-4,BNCI2014001,3692,BNCI2014001:3692,7,6,session_T,run_4,236,right_hand,2
BNCI2014001-4,BNCI2014001,3693,BNCI2014001:3693,7,6,session_T,run_4,237,tongue,3
BNCI2014001-4,BNCI2014001,3694,BNCI2014001:3694,7,6,session_T,run_4,238,right_hand,2
BNCI2014001-4,BNCI2014001,3695,BNCI2014001:3695,7,6,session_T,run_4,239,feet,0
BNCI2014001-4,BNCI2014001,3696,BNCI2014001:3696,7,6,session_T,run_5,240,feet,0
BNCI2014001-4,BNCI2014001,3697,BNCI2014001:3697,7,6,session_T,run_5,241,left_hand,1
BNCI2014001-4,BNCI2014001,3698,BNCI2014001:3698,7,6,session_T,run_5,242,tongue,3
BNCI2014001-4,BNCI2014001,3699,BNCI2014001:3699,7,6,session_T,run_5,243,right_hand,2
BNCI2014001-4,BNCI2014001,3700,BNCI2014001:3700,7,6,session_T,run_5,244,tongue,3
BNCI2014001-4,BNCI2014001,3701,BNCI2014001:3701,7,6,session_T,run_5,245,left_hand,1
BNCI2014001-4,BNCI2014001,3702,BNCI2014001:3702,7,6,session_T,run_5,246,left_hand,1
BNCI2014001-4,BNCI2014001,3703,BNCI2014001:3703,7,6,session_T,run_5,247,feet,0
BNCI2014001-4,BNCI2014001,3704,BNCI2014001:3704,7,6,session_T,run_5,248,feet,0
BNCI2014001-4,BNCI2014001,3705,BNCI2014001:3705,7,6,session_T,run_5,249,right_hand,2
BNCI2014001-4,BNCI2014001,3706,BNCI2014001:3706,7,6,session_T,run_5,250,tongue,3
BNCI2014001-4,BNCI2014001,3707,BNCI2014001:3707,7,6,session_T,run_5,251,right_hand,2
BNCI2014001-4,BNCI2014001,3708,BNCI2014001:3708,7,6,session_T,run_5,252,right_hand,2
BNCI2014001-4,BNCI2014001,3709,BNCI2014001:3709,7,6,session_T,run_5,253,left_hand,1
BNCI2014001-4,BNCI2014001,3710,BNCI2014001:3710,7,6,session_T,run_5,254,right_hand,2
BNCI2014001-4,BNCI2014001,3711,BNCI2014001:3711,7,6,session_T,run_5,255,tongue,3
BNCI2014001-4,BNCI2014001,3712,BNCI2014001:3712,7,6,session_T,run_5,256,tongue,3
BNCI2014001-4,BNCI2014001,3713,BNCI2014001:3713,7,6,session_T,run_5,257,right_hand,2
BNCI2014001-4,BNCI2014001,3714,BNCI2014001:3714,7,6,session_T,run_5,258,right_hand,2
BNCI2014001-4,BNCI2014001,3715,BNCI2014001:3715,7,6,session_T,run_5,259,right_hand,2
BNCI2014001-4,BNCI2014001,3716,BNCI2014001:3716,7,6,session_T,run_5,260,right_hand,2
BNCI2014001-4,BNCI2014001,3717,BNCI2014001:3717,7,6,session_T,run_5,261,tongue,3
BNCI2014001-4,BNCI2014001,3718,BNCI2014001:3718,7,6,session_T,run_5,262,tongue,3
BNCI2014001-4,BNCI2014001,3719,BNCI2014001:3719,7,6,session_T,run_5,263,feet,0
BNCI2014001-4,BNCI2014001,3720,BNCI2014001:3720,7,6,session_T,run_5,264,tongue,3
BNCI2014001-4,BNCI2014001,3721,BNCI2014001:3721,7,6,session_T,run_5,265,left_hand,1
BNCI2014001-4,BNCI2014001,3722,BNCI2014001:3722,7,6,session_T,run_5,266,right_hand,2
BNCI2014001-4,BNCI2014001,3723,BNCI2014001:3723,7,6,session_T,run_5,267,feet,0
BNCI2014001-4,BNCI2014001,3724,BNCI2014001:3724,7,6,session_T,run_5,268,right_hand,2
BNCI2014001-4,BNCI2014001,3725,BNCI2014001:3725,7,6,session_T,run_5,269,left_hand,1
BNCI2014001-4,BNCI2014001,3726,BNCI2014001:3726,7,6,session_T,run_5,270,tongue,3
BNCI2014001-4,BNCI2014001,3727,BNCI2014001:3727,7,6,session_T,run_5,271,left_hand,1
BNCI2014001-4,BNCI2014001,3728,BNCI2014001:3728,7,6,session_T,run_5,272,tongue,3
BNCI2014001-4,BNCI2014001,3729,BNCI2014001:3729,7,6,session_T,run_5,273,left_hand,1
BNCI2014001-4,BNCI2014001,3730,BNCI2014001:3730,7,6,session_T,run_5,274,left_hand,1
BNCI2014001-4,BNCI2014001,3731,BNCI2014001:3731,7,6,session_T,run_5,275,left_hand,1
BNCI2014001-4,BNCI2014001,3732,BNCI2014001:3732,7,6,session_T,run_5,276,left_hand,1
BNCI2014001-4,BNCI2014001,3733,BNCI2014001:3733,7,6,session_T,run_5,277,feet,0
BNCI2014001-4,BNCI2014001,3734,BNCI2014001:3734,7,6,session_T,run_5,278,feet,0
BNCI2014001-4,BNCI2014001,3735,BNCI2014001:3735,7,6,session_T,run_5,279,tongue,3
BNCI2014001-4,BNCI2014001,3736,BNCI2014001:3736,7,6,session_T,run_5,280,right_hand,2
BNCI2014001-4,BNCI2014001,3737,BNCI2014001:3737,7,6,session_T,run_5,281,feet,0
BNCI2014001-4,BNCI2014001,3738,BNCI2014001:3738,7,6,session_T,run_5,282,feet,0
BNCI2014001-4,BNCI2014001,3739,BNCI2014001:3739,7,6,session_T,run_5,283,feet,0
BNCI2014001-4,BNCI2014001,3740,BNCI2014001:3740,7,6,session_T,run_5,284,tongue,3
BNCI2014001-4,BNCI2014001,3741,BNCI2014001:3741,7,6,session_T,run_5,285,feet,0
BNCI2014001-4,BNCI2014001,3742,BNCI2014001:3742,7,6,session_T,run_5,286,left_hand,1
BNCI2014001-4,BNCI2014001,3743,BNCI2014001:3743,7,6,session_T,run_5,287,feet,0
BNCI2014001-4,BNCI2014001,4032,BNCI2014001:4032,8,7,session_T,run_0,0,left_hand,1
BNCI2014001-4,BNCI2014001,4033,BNCI2014001:4033,8,7,session_T,run_0,1,right_hand,2
BNCI2014001-4,BNCI2014001,4034,BNCI2014001:4034,8,7,session_T,run_0,2,right_hand,2
BNCI2014001-4,BNCI2014001,4035,BNCI2014001:4035,8,7,session_T,run_0,3,left_hand,1
BNCI2014001-4,BNCI2014001,4036,BNCI2014001:4036,8,7,session_T,run_0,4,right_hand,2
BNCI2014001-4,BNCI2014001,4037,BNCI2014001:4037,8,7,session_T,run_0,5,left_hand,1
BNCI2014001-4,BNCI2014001,4038,BNCI2014001:4038,8,7,session_T,run_0,6,right_hand,2
BNCI2014001-4,BNCI2014001,4039,BNCI2014001:4039,8,7,session_T,run_0,7,feet,0
BNCI2014001-4,BNCI2014001,4040,BNCI2014001:4040,8,7,session_T,run_0,8,right_hand,2
BNCI2014001-4,BNCI2014001,4041,BNCI2014001:4041,8,7,session_T,run_0,9,tongue,3
BNCI2014001-4,BNCI2014001,4042,BNCI2014001:4042,8,7,session_T,run_0,10,left_hand,1
BNCI2014001-4,BNCI2014001,4043,BNCI2014001:4043,8,7,session_T,run_0,11,feet,0
BNCI2014001-4,BNCI2014001,4044,BNCI2014001:4044,8,7,session_T,run_0,12,right_hand,2
BNCI2014001-4,BNCI2014001,4045,BNCI2014001:4045,8,7,session_T,run_0,13,left_hand,1
BNCI2014001-4,BNCI2014001,4046,BNCI2014001:4046,8,7,session_T,run_0,14,tongue,3
BNCI2014001-4,BNCI2014001,4047,BNCI2014001:4047,8,7,session_T,run_0,15,tongue,3
BNCI2014001-4,BNCI2014001,4048,BNCI2014001:4048,8,7,session_T,run_0,16,tongue,3
BNCI2014001-4,BNCI2014001,4049,BNCI2014001:4049,8,7,session_T,run_0,17,tongue,3
BNCI2014001-4,BNCI2014001,4050,BNCI2014001:4050,8,7,session_T,run_0,18,tongue,3
BNCI2014001-4,BNCI2014001,4051,BNCI2014001:4051,8,7,session_T,run_0,19,left_hand,1
BNCI2014001-4,BNCI2014001,4052,BNCI2014001:4052,8,7,session_T,run_0,20,feet,0
BNCI2014001-4,BNCI2014001,4053,BNCI2014001:4053,8,7,session_T,run_0,21,right_hand,2
BNCI2014001-4,BNCI2014001,4054,BNCI2014001:4054,8,7,session_T,run_0,22,left_hand,1
BNCI2014001-4,BNCI2014001,4055,BNCI2014001:4055,8,7,session_T,run_0,23,left_hand,1
BNCI2014001-4,BNCI2014001,4056,BNCI2014001:4056,8,7,session_T,run_0,24,feet,0
BNCI2014001-4,BNCI2014001,4057,BNCI2014001:4057,8,7,session_T,run_0,25,tongue,3
BNCI2014001-4,BNCI2014001,4058,BNCI2014001:4058,8,7,session_T,run_0,26,left_hand,1
BNCI2014001-4,BNCI2014001,4059,BNCI2014001:4059,8,7,session_T,run_0,27,feet,0
BNCI2014001-4,BNCI2014001,4060,BNCI2014001:4060,8,7,session_T,run_0,28,feet,0
BNCI2014001-4,BNCI2014001,4061,BNCI2014001:4061,8,7,session_T,run_0,29,feet,0
BNCI2014001-4,BNCI2014001,4062,BNCI2014001:4062,8,7,session_T,run_0,30,left_hand,1
BNCI2014001-4,BNCI2014001,4063,BNCI2014001:4063,8,7,session_T,run_0,31,right_hand,2
BNCI2014001-4,BNCI2014001,4064,BNCI2014001:4064,8,7,session_T,run_0,32,left_hand,1
BNCI2014001-4,BNCI2014001,4065,BNCI2014001:4065,8,7,session_T,run_0,33,right_hand,2
BNCI2014001-4,BNCI2014001,4066,BNCI2014001:4066,8,7,session_T,run_0,34,right_hand,2
BNCI2014001-4,BNCI2014001,4067,BNCI2014001:4067,8,7,session_T,run_0,35,left_hand,1
BNCI2014001-4,BNCI2014001,4068,BNCI2014001:4068,8,7,session_T,run_0,36,right_hand,2
BNCI2014001-4,BNCI2014001,4069,BNCI2014001:4069,8,7,session_T,run_0,37,feet,0
BNCI2014001-4,BNCI2014001,4070,BNCI2014001:4070,8,7,session_T,run_0,38,right_hand,2
BNCI2014001-4,BNCI2014001,4071,BNCI2014001:4071,8,7,session_T,run_0,39,feet,0
BNCI2014001-4,BNCI2014001,4072,BNCI2014001:4072,8,7,session_T,run_0,40,feet,0
BNCI2014001-4,BNCI2014001,4073,BNCI2014001:4073,8,7,session_T,run_0,41,tongue,3
BNCI2014001-4,BNCI2014001,4074,BNCI2014001:4074,8,7,session_T,run_0,42,feet,0
BNCI2014001-4,BNCI2014001,4075,BNCI2014001:4075,8,7,session_T,run_0,43,feet,0
BNCI2014001-4,BNCI2014001,4076,BNCI2014001:4076,8,7,session_T,run_0,44,tongue,3
BNCI2014001-4,BNCI2014001,4077,BNCI2014001:4077,8,7,session_T,run_0,45,tongue,3
BNCI2014001-4,BNCI2014001,4078,BNCI2014001:4078,8,7,session_T,run_0,46,tongue,3
BNCI2014001-4,BNCI2014001,4079,BNCI2014001:4079,8,7,session_T,run_0,47,tongue,3
BNCI2014001-4,BNCI2014001,4080,BNCI2014001:4080,8,7,session_T,run_1,48,tongue,3
BNCI2014001-4,BNCI2014001,4081,BNCI2014001:4081,8,7,session_T,run_1,49,feet,0
BNCI2014001-4,BNCI2014001,4082,BNCI2014001:4082,8,7,session_T,run_1,50,right_hand,2
BNCI2014001-4,BNCI2014001,4083,BNCI2014001:4083,8,7,session_T,run_1,51,left_hand,1
BNCI2014001-4,BNCI2014001,4084,BNCI2014001:4084,8,7,session_T,run_1,52,left_hand,1
BNCI2014001-4,BNCI2014001,4085,BNCI2014001:4085,8,7,session_T,run_1,53,right_hand,2
BNCI2014001-4,BNCI2014001,4086,BNCI2014001:4086,8,7,session_T,run_1,54,feet,0
BNCI2014001-4,BNCI2014001,4087,BNCI2014001:4087,8,7,session_T,run_1,55,tongue,3
BNCI2014001-4,BNCI2014001,4088,BNCI2014001:4088,8,7,session_T,run_1,56,right_hand,2
BNCI2014001-4,BNCI2014001,4089,BNCI2014001:4089,8,7,session_T,run_1,57,feet,0
BNCI2014001-4,BNCI2014001,4090,BNCI2014001:4090,8,7,session_T,run_1,58,left_hand,1
BNCI2014001-4,BNCI2014001,4091,BNCI2014001:4091,8,7,session_T,run_1,59,left_hand,1
BNCI2014001-4,BNCI2014001,4092,BNCI2014001:4092,8,7,session_T,run_1,60,left_hand,1
BNCI2014001-4,BNCI2014001,4093,BNCI2014001:4093,8,7,session_T,run_1,61,tongue,3
BNCI2014001-4,BNCI2014001,4094,BNCI2014001:4094,8,7,session_T,run_1,62,right_hand,2
BNCI2014001-4,BNCI2014001,4095,BNCI2014001:4095,8,7,session_T,run_1,63,right_hand,2
BNCI2014001-4,BNCI2014001,4096,BNCI2014001:4096,8,7,session_T,run_1,64,left_hand,1
BNCI2014001-4,BNCI2014001,4097,BNCI2014001:4097,8,7,session_T,run_1,65,left_hand,1
BNCI2014001-4,BNCI2014001,4098,BNCI2014001:4098,8,7,session_T,run_1,66,feet,0
BNCI2014001-4,BNCI2014001,4099,BNCI2014001:4099,8,7,session_T,run_1,67,left_hand,1
BNCI2014001-4,BNCI2014001,4100,BNCI2014001:4100,8,7,session_T,run_1,68,right_hand,2
BNCI2014001-4,BNCI2014001,4101,BNCI2014001:4101,8,7,session_T,run_1,69,tongue,3
BNCI2014001-4,BNCI2014001,4102,BNCI2014001:4102,8,7,session_T,run_1,70,tongue,3
BNCI2014001-4,BNCI2014001,4103,BNCI2014001:4103,8,7,session_T,run_1,71,feet,0
BNCI2014001-4,BNCI2014001,4104,BNCI2014001:4104,8,7,session_T,run_1,72,left_hand,1
BNCI2014001-4,BNCI2014001,4105,BNCI2014001:4105,8,7,session_T,run_1,73,tongue,3
BNCI2014001-4,BNCI2014001,4106,BNCI2014001:4106,8,7,session_T,run_1,74,tongue,3
BNCI2014001-4,BNCI2014001,4107,BNCI2014001:4107,8,7,session_T,run_1,75,right_hand,2
BNCI2014001-4,BNCI2014001,4108,BNCI2014001:4108,8,7,session_T,run_1,76,tongue,3
BNCI2014001-4,BNCI2014001,4109,BNCI2014001:4109,8,7,session_T,run_1,77,tongue,3
BNCI2014001-4,BNCI2014001,4110,BNCI2014001:4110,8,7,session_T,run_1,78,right_hand,2
BNCI2014001-4,BNCI2014001,4111,BNCI2014001:4111,8,7,session_T,run_1,79,left_hand,1
BNCI2014001-4,BNCI2014001,4112,BNCI2014001:4112,8,7,session_T,run_1,80,right_hand,2
BNCI2014001-4,BNCI2014001,4113,BNCI2014001:4113,8,7,session_T,run_1,81,feet,0
BNCI2014001-4,BNCI2014001,4114,BNCI2014001:4114,8,7,session_T,run_1,82,feet,0
BNCI2014001-4,BNCI2014001,4115,BNCI2014001:4115,8,7,session_T,run_1,83,feet,0
BNCI2014001-4,BNCI2014001,4116,BNCI2014001:4116,8,7,session_T,run_1,84,tongue,3
BNCI2014001-4,BNCI2014001,4117,BNCI2014001:4117,8,7,session_T,run_1,85,feet,0
BNCI2014001-4,BNCI2014001,4118,BNCI2014001:4118,8,7,session_T,run_1,86,left_hand,1
BNCI2014001-4,BNCI2014001,4119,BNCI2014001:4119,8,7,session_T,run_1,87,tongue,3
BNCI2014001-4,BNCI2014001,4120,BNCI2014001:4120,8,7,session_T,run_1,88,right_hand,2
BNCI2014001-4,BNCI2014001,4121,BNCI2014001:4121,8,7,session_T,run_1,89,feet,0
BNCI2014001-4,BNCI2014001,4122,BNCI2014001:4122,8,7,session_T,run_1,90,right_hand,2
BNCI2014001-4,BNCI2014001,4123,BNCI2014001:4123,8,7,session_T,run_1,91,feet,0
BNCI2014001-4,BNCI2014001,4124,BNCI2014001:4124,8,7,session_T,run_1,92,tongue,3
BNCI2014001-4,BNCI2014001,4125,BNCI2014001:4125,8,7,session_T,run_1,93,right_hand,2
BNCI2014001-4,BNCI2014001,4126,BNCI2014001:4126,8,7,session_T,run_1,94,feet,0
BNCI2014001-4,BNCI2014001,4127,BNCI2014001:4127,8,7,session_T,run_1,95,left_hand,1
BNCI2014001-4,BNCI2014001,4128,BNCI2014001:4128,8,7,session_T,run_2,96,left_hand,1
BNCI2014001-4,BNCI2014001,4129,BNCI2014001:4129,8,7,session_T,run_2,97,left_hand,1
BNCI2014001-4,BNCI2014001,4130,BNCI2014001:4130,8,7,session_T,run_2,98,tongue,3
BNCI2014001-4,BNCI2014001,4131,BNCI2014001:4131,8,7,session_T,run_2,99,right_hand,2
BNCI2014001-4,BNCI2014001,4132,BNCI2014001:4132,8,7,session_T,run_2,100,left_hand,1
BNCI2014001-4,BNCI2014001,4133,BNCI2014001:4133,8,7,session_T,run_2,101,feet,0
BNCI2014001-4,BNCI2014001,4134,BNCI2014001:4134,8,7,session_T,run_2,102,left_hand,1
BNCI2014001-4,BNCI2014001,4135,BNCI2014001:4135,8,7,session_T,run_2,103,feet,0
BNCI2014001-4,BNCI2014001,4136,BNCI2014001:4136,8,7,session_T,run_2,104,right_hand,2
BNCI2014001-4,BNCI2014001,4137,BNCI2014001:4137,8,7,session_T,run_2,105,tongue,3
BNCI2014001-4,BNCI2014001,4138,BNCI2014001:4138,8,7,session_T,run_2,106,left_hand,1
BNCI2014001-4,BNCI2014001,4139,BNCI2014001:4139,8,7,session_T,run_2,107,feet,0
BNCI2014001-4,BNCI2014001,4140,BNCI2014001:4140,8,7,session_T,run_2,108,feet,0
BNCI2014001-4,BNCI2014001,4141,BNCI2014001:4141,8,7,session_T,run_2,109,left_hand,1
BNCI2014001-4,BNCI2014001,4142,BNCI2014001:4142,8,7,session_T,run_2,110,feet,0
BNCI2014001-4,BNCI2014001,4143,BNCI2014001:4143,8,7,session_T,run_2,111,right_hand,2
BNCI2014001-4,BNCI2014001,4144,BNCI2014001:4144,8,7,session_T,run_2,112,tongue,3
BNCI2014001-4,BNCI2014001,4145,BNCI2014001:4145,8,7,session_T,run_2,113,tongue,3
BNCI2014001-4,BNCI2014001,4146,BNCI2014001:4146,8,7,session_T,run_2,114,tongue,3
BNCI2014001-4,BNCI2014001,4147,BNCI2014001:4147,8,7,session_T,run_2,115,feet,0
BNCI2014001-4,BNCI2014001,4148,BNCI2014001:4148,8,7,session_T,run_2,116,left_hand,1
BNCI2014001-4,BNCI2014001,4149,BNCI2014001:4149,8,7,session_T,run_2,117,tongue,3
BNCI2014001-4,BNCI2014001,4150,BNCI2014001:4150,8,7,session_T,run_2,118,right_hand,2
BNCI2014001-4,BNCI2014001,4151,BNCI2014001:4151,8,7,session_T,run_2,119,tongue,3
BNCI2014001-4,BNCI2014001,4152,BNCI2014001:4152,8,7,session_T,run_2,120,right_hand,2
BNCI2014001-4,BNCI2014001,4153,BNCI2014001:4153,8,7,session_T,run_2,121,left_hand,1
BNCI2014001-4,BNCI2014001,4154,BNCI2014001:4154,8,7,session_T,run_2,122,feet,0
BNCI2014001-4,BNCI2014001,4155,BNCI2014001:4155,8,7,session_T,run_2,123,right_hand,2
BNCI2014001-4,BNCI2014001,4156,BNCI2014001:4156,8,7,session_T,run_2,124,left_hand,1
BNCI2014001-4,BNCI2014001,4157,BNCI2014001:4157,8,7,session_T,run_2,125,feet,0
BNCI2014001-4,BNCI2014001,4158,BNCI2014001:4158,8,7,session_T,run_2,126,feet,0
BNCI2014001-4,BNCI2014001,4159,BNCI2014001:4159,8,7,session_T,run_2,127,left_hand,1
BNCI2014001-4,BNCI2014001,4160,BNCI2014001:4160,8,7,session_T,run_2,128,feet,0
BNCI2014001-4,BNCI2014001,4161,BNCI2014001:4161,8,7,session_T,run_2,129,tongue,3
BNCI2014001-4,BNCI2014001,4162,BNCI2014001:4162,8,7,session_T,run_2,130,tongue,3
BNCI2014001-4,BNCI2014001,4163,BNCI2014001:4163,8,7,session_T,run_2,131,right_hand,2
BNCI2014001-4,BNCI2014001,4164,BNCI2014001:4164,8,7,session_T,run_2,132,left_hand,1
BNCI2014001-4,BNCI2014001,4165,BNCI2014001:4165,8,7,session_T,run_2,133,right_hand,2
BNCI2014001-4,BNCI2014001,4166,BNCI2014001:4166,8,7,session_T,run_2,134,tongue,3
BNCI2014001-4,BNCI2014001,4167,BNCI2014001:4167,8,7,session_T,run_2,135,right_hand,2
BNCI2014001-4,BNCI2014001,4168,BNCI2014001:4168,8,7,session_T,run_2,136,tongue,3
BNCI2014001-4,BNCI2014001,4169,BNCI2014001:4169,8,7,session_T,run_2,137,feet,0
BNCI2014001-4,BNCI2014001,4170,BNCI2014001:4170,8,7,session_T,run_2,138,right_hand,2
BNCI2014001-4,BNCI2014001,4171,BNCI2014001:4171,8,7,session_T,run_2,139,right_hand,2
BNCI2014001-4,BNCI2014001,4172,BNCI2014001:4172,8,7,session_T,run_2,140,right_hand,2
BNCI2014001-4,BNCI2014001,4173,BNCI2014001:4173,8,7,session_T,run_2,141,feet,0
BNCI2014001-4,BNCI2014001,4174,BNCI2014001:4174,8,7,session_T,run_2,142,tongue,3
BNCI2014001-4,BNCI2014001,4175,BNCI2014001:4175,8,7,session_T,run_2,143,left_hand,1
BNCI2014001-4,BNCI2014001,4176,BNCI2014001:4176,8,7,session_T,run_3,144,right_hand,2
BNCI2014001-4,BNCI2014001,4177,BNCI2014001:4177,8,7,session_T,run_3,145,tongue,3
BNCI2014001-4,BNCI2014001,4178,BNCI2014001:4178,8,7,session_T,run_3,146,left_hand,1
BNCI2014001-4,BNCI2014001,4179,BNCI2014001:4179,8,7,session_T,run_3,147,feet,0
BNCI2014001-4,BNCI2014001,4180,BNCI2014001:4180,8,7,session_T,run_3,148,feet,0
BNCI2014001-4,BNCI2014001,4181,BNCI2014001:4181,8,7,session_T,run_3,149,tongue,3
BNCI2014001-4,BNCI2014001,4182,BNCI2014001:4182,8,7,session_T,run_3,150,left_hand,1
BNCI2014001-4,BNCI2014001,4183,BNCI2014001:4183,8,7,session_T,run_3,151,left_hand,1
BNCI2014001-4,BNCI2014001,4184,BNCI2014001:4184,8,7,session_T,run_3,152,feet,0
BNCI2014001-4,BNCI2014001,4185,BNCI2014001:4185,8,7,session_T,run_3,153,right_hand,2
BNCI2014001-4,BNCI2014001,4186,BNCI2014001:4186,8,7,session_T,run_3,154,tongue,3
BNCI2014001-4,BNCI2014001,4187,BNCI2014001:4187,8,7,session_T,run_3,155,tongue,3
BNCI2014001-4,BNCI2014001,4188,BNCI2014001:4188,8,7,session_T,run_3,156,tongue,3
BNCI2014001-4,BNCI2014001,4189,BNCI2014001:4189,8,7,session_T,run_3,157,right_hand,2
BNCI2014001-4,BNCI2014001,4190,BNCI2014001:4190,8,7,session_T,run_3,158,left_hand,1
BNCI2014001-4,BNCI2014001,4191,BNCI2014001:4191,8,7,session_T,run_3,159,feet,0
BNCI2014001-4,BNCI2014001,4192,BNCI2014001:4192,8,7,session_T,run_3,160,right_hand,2
BNCI2014001-4,BNCI2014001,4193,BNCI2014001:4193,8,7,session_T,run_3,161,tongue,3
BNCI2014001-4,BNCI2014001,4194,BNCI2014001:4194,8,7,session_T,run_3,162,left_hand,1
BNCI2014001-4,BNCI2014001,4195,BNCI2014001:4195,8,7,session_T,run_3,163,tongue,3
BNCI2014001-4,BNCI2014001,4196,BNCI2014001:4196,8,7,session_T,run_3,164,feet,0
BNCI2014001-4,BNCI2014001,4197,BNCI2014001:4197,8,7,session_T,run_3,165,right_hand,2
BNCI2014001-4,BNCI2014001,4198,BNCI2014001:4198,8,7,session_T,run_3,166,tongue,3
BNCI2014001-4,BNCI2014001,4199,BNCI2014001:4199,8,7,session_T,run_3,167,tongue,3
BNCI2014001-4,BNCI2014001,4200,BNCI2014001:4200,8,7,session_T,run_3,168,left_hand,1
BNCI2014001-4,BNCI2014001,4201,BNCI2014001:4201,8,7,session_T,run_3,169,right_hand,2
BNCI2014001-4,BNCI2014001,4202,BNCI2014001:4202,8,7,session_T,run_3,170,right_hand,2
BNCI2014001-4,BNCI2014001,4203,BNCI2014001:4203,8,7,session_T,run_3,171,feet,0
BNCI2014001-4,BNCI2014001,4204,BNCI2014001:4204,8,7,session_T,run_3,172,tongue,3
BNCI2014001-4,BNCI2014001,4205,BNCI2014001:4205,8,7,session_T,run_3,173,right_hand,2
BNCI2014001-4,BNCI2014001,4206,BNCI2014001:4206,8,7,session_T,run_3,174,left_hand,1
BNCI2014001-4,BNCI2014001,4207,BNCI2014001:4207,8,7,session_T,run_3,175,left_hand,1
BNCI2014001-4,BNCI2014001,4208,BNCI2014001:4208,8,7,session_T,run_3,176,tongue,3
BNCI2014001-4,BNCI2014001,4209,BNCI2014001:4209,8,7,session_T,run_3,177,right_hand,2
BNCI2014001-4,BNCI2014001,4210,BNCI2014001:4210,8,7,session_T,run_3,178,left_hand,1
BNCI2014001-4,BNCI2014001,4211,BNCI2014001:4211,8,7,session_T,run_3,179,feet,0
BNCI2014001-4,BNCI2014001,4212,BNCI2014001:4212,8,7,session_T,run_3,180,right_hand,2
BNCI2014001-4,BNCI2014001,4213,BNCI2014001:4213,8,7,session_T,run_3,181,right_hand,2
BNCI2014001-4,BNCI2014001,4214,BNCI2014001:4214,8,7,session_T,run_3,182,feet,0
BNCI2014001-4,BNCI2014001,4215,BNCI2014001:4215,8,7,session_T,run_3,183,left_hand,1
BNCI2014001-4,BNCI2014001,4216,BNCI2014001:4216,8,7,session_T,run_3,184,tongue,3
BNCI2014001-4,BNCI2014001,4217,BNCI2014001:4217,8,7,session_T,run_3,185,feet,0
BNCI2014001-4,BNCI2014001,4218,BNCI2014001:4218,8,7,session_T,run_3,186,feet,0
BNCI2014001-4,BNCI2014001,4219,BNCI2014001:4219,8,7,session_T,run_3,187,feet,0
BNCI2014001-4,BNCI2014001,4220,BNCI2014001:4220,8,7,session_T,run_3,188,feet,0
BNCI2014001-4,BNCI2014001,4221,BNCI2014001:4221,8,7,session_T,run_3,189,left_hand,1
BNCI2014001-4,BNCI2014001,4222,BNCI2014001:4222,8,7,session_T,run_3,190,right_hand,2
BNCI2014001-4,BNCI2014001,4223,BNCI2014001:4223,8,7,session_T,run_3,191,left_hand,1
BNCI2014001-4,BNCI2014001,4224,BNCI2014001:4224,8,7,session_T,run_4,192,right_hand,2
BNCI2014001-4,BNCI2014001,4225,BNCI2014001:4225,8,7,session_T,run_4,193,left_hand,1
BNCI2014001-4,BNCI2014001,4226,BNCI2014001:4226,8,7,session_T,run_4,194,left_hand,1
BNCI2014001-4,BNCI2014001,4227,BNCI2014001:4227,8,7,session_T,run_4,195,feet,0
BNCI2014001-4,BNCI2014001,4228,BNCI2014001:4228,8,7,session_T,run_4,196,feet,0
BNCI2014001-4,BNCI2014001,4229,BNCI2014001:4229,8,7,session_T,run_4,197,right_hand,2
BNCI2014001-4,BNCI2014001,4230,BNCI2014001:4230,8,7,session_T,run_4,198,feet,0
BNCI2014001-4,BNCI2014001,4231,BNCI2014001:4231,8,7,session_T,run_4,199,tongue,3
BNCI2014001-4,BNCI2014001,4232,BNCI2014001:4232,8,7,session_T,run_4,200,left_hand,1
BNCI2014001-4,BNCI2014001,4233,BNCI2014001:4233,8,7,session_T,run_4,201,tongue,3
BNCI2014001-4,BNCI2014001,4234,BNCI2014001:4234,8,7,session_T,run_4,202,left_hand,1
BNCI2014001-4,BNCI2014001,4235,BNCI2014001:4235,8,7,session_T,run_4,203,left_hand,1
BNCI2014001-4,BNCI2014001,4236,BNCI2014001:4236,8,7,session_T,run_4,204,right_hand,2
BNCI2014001-4,BNCI2014001,4237,BNCI2014001:4237,8,7,session_T,run_4,205,tongue,3
BNCI2014001-4,BNCI2014001,4238,BNCI2014001:4238,8,7,session_T,run_4,206,feet,0
BNCI2014001-4,BNCI2014001,4239,BNCI2014001:4239,8,7,session_T,run_4,207,right_hand,2
BNCI2014001-4,BNCI2014001,4240,BNCI2014001:4240,8,7,session_T,run_4,208,tongue,3
BNCI2014001-4,BNCI2014001,4241,BNCI2014001:4241,8,7,session_T,run_4,209,feet,0
BNCI2014001-4,BNCI2014001,4242,BNCI2014001:4242,8,7,session_T,run_4,210,tongue,3
BNCI2014001-4,BNCI2014001,4243,BNCI2014001:4243,8,7,session_T,run_4,211,feet,0
BNCI2014001-4,BNCI2014001,4244,BNCI2014001:4244,8,7,session_T,run_4,212,tongue,3
BNCI2014001-4,BNCI2014001,4245,BNCI2014001:4245,8,7,session_T,run_4,213,right_hand,2
BNCI2014001-4,BNCI2014001,4246,BNCI2014001:4246,8,7,session_T,run_4,214,right_hand,2
BNCI2014001-4,BNCI2014001,4247,BNCI2014001:4247,8,7,session_T,run_4,215,tongue,3
BNCI2014001-4,BNCI2014001,4248,BNCI2014001:4248,8,7,session_T,run_4,216,left_hand,1
BNCI2014001-4,BNCI2014001,4249,BNCI2014001:4249,8,7,session_T,run_4,217,right_hand,2
BNCI2014001-4,BNCI2014001,4250,BNCI2014001:4250,8,7,session_T,run_4,218,right_hand,2
BNCI2014001-4,BNCI2014001,4251,BNCI2014001:4251,8,7,session_T,run_4,219,right_hand,2
BNCI2014001-4,BNCI2014001,4252,BNCI2014001:4252,8,7,session_T,run_4,220,feet,0
BNCI2014001-4,BNCI2014001,4253,BNCI2014001:4253,8,7,session_T,run_4,221,tongue,3
BNCI2014001-4,BNCI2014001,4254,BNCI2014001:4254,8,7,session_T,run_4,222,left_hand,1
BNCI2014001-4,BNCI2014001,4255,BNCI2014001:4255,8,7,session_T,run_4,223,tongue,3
BNCI2014001-4,BNCI2014001,4256,BNCI2014001:4256,8,7,session_T,run_4,224,left_hand,1
BNCI2014001-4,BNCI2014001,4257,BNCI2014001:4257,8,7,session_T,run_4,225,feet,0
BNCI2014001-4,BNCI2014001,4258,BNCI2014001:4258,8,7,session_T,run_4,226,left_hand,1
BNCI2014001-4,BNCI2014001,4259,BNCI2014001:4259,8,7,session_T,run_4,227,tongue,3
BNCI2014001-4,BNCI2014001,4260,BNCI2014001:4260,8,7,session_T,run_4,228,left_hand,1
BNCI2014001-4,BNCI2014001,4261,BNCI2014001:4261,8,7,session_T,run_4,229,feet,0
BNCI2014001-4,BNCI2014001,4262,BNCI2014001:4262,8,7,session_T,run_4,230,left_hand,1
BNCI2014001-4,BNCI2014001,4263,BNCI2014001:4263,8,7,session_T,run_4,231,right_hand,2
BNCI2014001-4,BNCI2014001,4264,BNCI2014001:4264,8,7,session_T,run_4,232,feet,0
BNCI2014001-4,BNCI2014001,4265,BNCI2014001:4265,8,7,session_T,run_4,233,feet,0
BNCI2014001-4,BNCI2014001,4266,BNCI2014001:4266,8,7,session_T,run_4,234,tongue,3
BNCI2014001-4,BNCI2014001,4267,BNCI2014001:4267,8,7,session_T,run_4,235,left_hand,1
BNCI2014001-4,BNCI2014001,4268,BNCI2014001:4268,8,7,session_T,run_4,236,right_hand,2
BNCI2014001-4,BNCI2014001,4269,BNCI2014001:4269,8,7,session_T,run_4,237,tongue,3
BNCI2014001-4,BNCI2014001,4270,BNCI2014001:4270,8,7,session_T,run_4,238,right_hand,2
BNCI2014001-4,BNCI2014001,4271,BNCI2014001:4271,8,7,session_T,run_4,239,feet,0
BNCI2014001-4,BNCI2014001,4272,BNCI2014001:4272,8,7,session_T,run_5,240,feet,0
BNCI2014001-4,BNCI2014001,4273,BNCI2014001:4273,8,7,session_T,run_5,241,left_hand,1
BNCI2014001-4,BNCI2014001,4274,BNCI2014001:4274,8,7,session_T,run_5,242,tongue,3
BNCI2014001-4,BNCI2014001,4275,BNCI2014001:4275,8,7,session_T,run_5,243,right_hand,2
BNCI2014001-4,BNCI2014001,4276,BNCI2014001:4276,8,7,session_T,run_5,244,tongue,3
BNCI2014001-4,BNCI2014001,4277,BNCI2014001:4277,8,7,session_T,run_5,245,left_hand,1
BNCI2014001-4,BNCI2014001,4278,BNCI2014001:4278,8,7,session_T,run_5,246,left_hand,1
BNCI2014001-4,BNCI2014001,4279,BNCI2014001:4279,8,7,session_T,run_5,247,feet,0
BNCI2014001-4,BNCI2014001,4280,BNCI2014001:4280,8,7,session_T,run_5,248,feet,0
BNCI2014001-4,BNCI2014001,4281,BNCI2014001:4281,8,7,session_T,run_5,249,right_hand,2
BNCI2014001-4,BNCI2014001,4282,BNCI2014001:4282,8,7,session_T,run_5,250,tongue,3
BNCI2014001-4,BNCI2014001,4283,BNCI2014001:4283,8,7,session_T,run_5,251,right_hand,2
BNCI2014001-4,BNCI2014001,4284,BNCI2014001:4284,8,7,session_T,run_5,252,right_hand,2
BNCI2014001-4,BNCI2014001,4285,BNCI2014001:4285,8,7,session_T,run_5,253,left_hand,1
BNCI2014001-4,BNCI2014001,4286,BNCI2014001:4286,8,7,session_T,run_5,254,right_hand,2
BNCI2014001-4,BNCI2014001,4287,BNCI2014001:4287,8,7,session_T,run_5,255,tongue,3
BNCI2014001-4,BNCI2014001,4288,BNCI2014001:4288,8,7,session_T,run_5,256,tongue,3
BNCI2014001-4,BNCI2014001,4289,BNCI2014001:4289,8,7,session_T,run_5,257,right_hand,2
BNCI2014001-4,BNCI2014001,4290,BNCI2014001:4290,8,7,session_T,run_5,258,right_hand,2
BNCI2014001-4,BNCI2014001,4291,BNCI2014001:4291,8,7,session_T,run_5,259,right_hand,2
BNCI2014001-4,BNCI2014001,4292,BNCI2014001:4292,8,7,session_T,run_5,260,right_hand,2
BNCI2014001-4,BNCI2014001,4293,BNCI2014001:4293,8,7,session_T,run_5,261,tongue,3
BNCI2014001-4,BNCI2014001,4294,BNCI2014001:4294,8,7,session_T,run_5,262,tongue,3
BNCI2014001-4,BNCI2014001,4295,BNCI2014001:4295,8,7,session_T,run_5,263,feet,0
BNCI2014001-4,BNCI2014001,4296,BNCI2014001:4296,8,7,session_T,run_5,264,tongue,3
BNCI2014001-4,BNCI2014001,4297,BNCI2014001:4297,8,7,session_T,run_5,265,left_hand,1
BNCI2014001-4,BNCI2014001,4298,BNCI2014001:4298,8,7,session_T,run_5,266,right_hand,2
BNCI2014001-4,BNCI2014001,4299,BNCI2014001:4299,8,7,session_T,run_5,267,feet,0
BNCI2014001-4,BNCI2014001,4300,BNCI2014001:4300,8,7,session_T,run_5,268,right_hand,2
BNCI2014001-4,BNCI2014001,4301,BNCI2014001:4301,8,7,session_T,run_5,269,left_hand,1
BNCI2014001-4,BNCI2014001,4302,BNCI2014001:4302,8,7,session_T,run_5,270,tongue,3
BNCI2014001-4,BNCI2014001,4303,BNCI2014001:4303,8,7,session_T,run_5,271,left_hand,1
BNCI2014001-4,BNCI2014001,4304,BNCI2014001:4304,8,7,session_T,run_5,272,tongue,3
BNCI2014001-4,BNCI2014001,4305,BNCI2014001:4305,8,7,session_T,run_5,273,left_hand,1
BNCI2014001-4,BNCI2014001,4306,BNCI2014001:4306,8,7,session_T,run_5,274,left_hand,1
BNCI2014001-4,BNCI2014001,4307,BNCI2014001:4307,8,7,session_T,run_5,275,left_hand,1
BNCI2014001-4,BNCI2014001,4308,BNCI2014001:4308,8,7,session_T,run_5,276,left_hand,1
BNCI2014001-4,BNCI2014001,4309,BNCI2014001:4309,8,7,session_T,run_5,277,feet,0
BNCI2014001-4,BNCI2014001,4310,BNCI2014001:4310,8,7,session_T,run_5,278,feet,0
BNCI2014001-4,BNCI2014001,4311,BNCI2014001:4311,8,7,session_T,run_5,279,tongue,3
BNCI2014001-4,BNCI2014001,4312,BNCI2014001:4312,8,7,session_T,run_5,280,right_hand,2
BNCI2014001-4,BNCI2014001,4313,BNCI2014001:4313,8,7,session_T,run_5,281,feet,0
BNCI2014001-4,BNCI2014001,4314,BNCI2014001:4314,8,7,session_T,run_5,282,feet,0
BNCI2014001-4,BNCI2014001,4315,BNCI2014001:4315,8,7,session_T,run_5,283,feet,0
BNCI2014001-4,BNCI2014001,4316,BNCI2014001:4316,8,7,session_T,run_5,284,tongue,3
BNCI2014001-4,BNCI2014001,4317,BNCI2014001:4317,8,7,session_T,run_5,285,feet,0
BNCI2014001-4,BNCI2014001,4318,BNCI2014001:4318,8,7,session_T,run_5,286,left_hand,1
BNCI2014001-4,BNCI2014001,4319,BNCI2014001:4319,8,7,session_T,run_5,287,feet,0
BNCI2014001-4,BNCI2014001,4608,BNCI2014001:4608,9,8,session_T,run_0,0,tongue,3
BNCI2014001-4,BNCI2014001,4609,BNCI2014001:4609,9,8,session_T,run_0,1,right_hand,2
BNCI2014001-4,BNCI2014001,4610,BNCI2014001:4610,9,8,session_T,run_0,2,right_hand,2
BNCI2014001-4,BNCI2014001,4611,BNCI2014001:4611,9,8,session_T,run_0,3,left_hand,1
BNCI2014001-4,BNCI2014001,4612,BNCI2014001:4612,9,8,session_T,run_0,4,tongue,3
BNCI2014001-4,BNCI2014001,4613,BNCI2014001:4613,9,8,session_T,run_0,5,tongue,3
BNCI2014001-4,BNCI2014001,4614,BNCI2014001:4614,9,8,session_T,run_0,6,feet,0
BNCI2014001-4,BNCI2014001,4615,BNCI2014001:4615,9,8,session_T,run_0,7,right_hand,2
BNCI2014001-4,BNCI2014001,4616,BNCI2014001:4616,9,8,session_T,run_0,8,feet,0
BNCI2014001-4,BNCI2014001,4617,BNCI2014001:4617,9,8,session_T,run_0,9,left_hand,1
BNCI2014001-4,BNCI2014001,4618,BNCI2014001:4618,9,8,session_T,run_0,10,left_hand,1
BNCI2014001-4,BNCI2014001,4619,BNCI2014001:4619,9,8,session_T,run_0,11,right_hand,2
BNCI2014001-4,BNCI2014001,4620,BNCI2014001:4620,9,8,session_T,run_0,12,tongue,3
BNCI2014001-4,BNCI2014001,4621,BNCI2014001:4621,9,8,session_T,run_0,13,tongue,3
BNCI2014001-4,BNCI2014001,4622,BNCI2014001:4622,9,8,session_T,run_0,14,right_hand,2
BNCI2014001-4,BNCI2014001,4623,BNCI2014001:4623,9,8,session_T,run_0,15,tongue,3
BNCI2014001-4,BNCI2014001,4624,BNCI2014001:4624,9,8,session_T,run_0,16,feet,0
BNCI2014001-4,BNCI2014001,4625,BNCI2014001:4625,9,8,session_T,run_0,17,feet,0
BNCI2014001-4,BNCI2014001,4626,BNCI2014001:4626,9,8,session_T,run_0,18,feet,0
BNCI2014001-4,BNCI2014001,4627,BNCI2014001:4627,9,8,session_T,run_0,19,left_hand,1
BNCI2014001-4,BNCI2014001,4628,BNCI2014001:4628,9,8,session_T,run_0,20,feet,0
BNCI2014001-4,BNCI2014001,4629,BNCI2014001:4629,9,8,session_T,run_0,21,left_hand,1
BNCI2014001-4,BNCI2014001,4630,BNCI2014001:4630,9,8,session_T,run_0,22,feet,0
BNCI2014001-4,BNCI2014001,4631,BNCI2014001:4631,9,8,session_T,run_0,23,feet,0
BNCI2014001-4,BNCI2014001,4632,BNCI2014001:4632,9,8,session_T,run_0,24,left_hand,1
BNCI2014001-4,BNCI2014001,4633,BNCI2014001:4633,9,8,session_T,run_0,25,left_hand,1
BNCI2014001-4,BNCI2014001,4634,BNCI2014001:4634,9,8,session_T,run_0,26,right_hand,2
BNCI2014001-4,BNCI2014001,4635,BNCI2014001:4635,9,8,session_T,run_0,27,right_hand,2
BNCI2014001-4,BNCI2014001,4636,BNCI2014001:4636,9,8,session_T,run_0,28,left_hand,1
BNCI2014001-4,BNCI2014001,4637,BNCI2014001:4637,9,8,session_T,run_0,29,feet,0
BNCI2014001-4,BNCI2014001,4638,BNCI2014001:4638,9,8,session_T,run_0,30,right_hand,2
BNCI2014001-4,BNCI2014001,4639,BNCI2014001:4639,9,8,session_T,run_0,31,tongue,3
BNCI2014001-4,BNCI2014001,4640,BNCI2014001:4640,9,8,session_T,run_0,32,tongue,3
BNCI2014001-4,BNCI2014001,4641,BNCI2014001:4641,9,8,session_T,run_0,33,left_hand,1
BNCI2014001-4,BNCI2014001,4642,BNCI2014001:4642,9,8,session_T,run_0,34,tongue,3
BNCI2014001-4,BNCI2014001,4643,BNCI2014001:4643,9,8,session_T,run_0,35,left_hand,1
BNCI2014001-4,BNCI2014001,4644,BNCI2014001:4644,9,8,session_T,run_0,36,tongue,3
BNCI2014001-4,BNCI2014001,4645,BNCI2014001:4645,9,8,session_T,run_0,37,right_hand,2
BNCI2014001-4,BNCI2014001,4646,BNCI2014001:4646,9,8,session_T,run_0,38,feet,0
BNCI2014001-4,BNCI2014001,4647,BNCI2014001:4647,9,8,session_T,run_0,39,tongue,3
BNCI2014001-4,BNCI2014001,4648,BNCI2014001:4648,9,8,session_T,run_0,40,right_hand,2
BNCI2014001-4,BNCI2014001,4649,BNCI2014001:4649,9,8,session_T,run_0,41,feet,0
BNCI2014001-4,BNCI2014001,4650,BNCI2014001:4650,9,8,session_T,run_0,42,right_hand,2
BNCI2014001-4,BNCI2014001,4651,BNCI2014001:4651,9,8,session_T,run_0,43,feet,0
BNCI2014001-4,BNCI2014001,4652,BNCI2014001:4652,9,8,session_T,run_0,44,left_hand,1
BNCI2014001-4,BNCI2014001,4653,BNCI2014001:4653,9,8,session_T,run_0,45,right_hand,2
BNCI2014001-4,BNCI2014001,4654,BNCI2014001:4654,9,8,session_T,run_0,46,tongue,3
BNCI2014001-4,BNCI2014001,4655,BNCI2014001:4655,9,8,session_T,run_0,47,left_hand,1
BNCI2014001-4,BNCI2014001,4656,BNCI2014001:4656,9,8,session_T,run_1,48,feet,0
BNCI2014001-4,BNCI2014001,4657,BNCI2014001:4657,9,8,session_T,run_1,49,left_hand,1
BNCI2014001-4,BNCI2014001,4658,BNCI2014001:4658,9,8,session_T,run_1,50,left_hand,1
BNCI2014001-4,BNCI2014001,4659,BNCI2014001:4659,9,8,session_T,run_1,51,tongue,3
BNCI2014001-4,BNCI2014001,4660,BNCI2014001:4660,9,8,session_T,run_1,52,left_hand,1
BNCI2014001-4,BNCI2014001,4661,BNCI2014001:4661,9,8,session_T,run_1,53,tongue,3
BNCI2014001-4,BNCI2014001,4662,BNCI2014001:4662,9,8,session_T,run_1,54,tongue,3
BNCI2014001-4,BNCI2014001,4663,BNCI2014001:4663,9,8,session_T,run_1,55,right_hand,2
BNCI2014001-4,BNCI2014001,4664,BNCI2014001:4664,9,8,session_T,run_1,56,tongue,3
BNCI2014001-4,BNCI2014001,4665,BNCI2014001:4665,9,8,session_T,run_1,57,right_hand,2
BNCI2014001-4,BNCI2014001,4666,BNCI2014001:4666,9,8,session_T,run_1,58,tongue,3
BNCI2014001-4,BNCI2014001,4667,BNCI2014001:4667,9,8,session_T,run_1,59,feet,0
BNCI2014001-4,BNCI2014001,4668,BNCI2014001:4668,9,8,session_T,run_1,60,left_hand,1
BNCI2014001-4,BNCI2014001,4669,BNCI2014001:4669,9,8,session_T,run_1,61,right_hand,2
BNCI2014001-4,BNCI2014001,4670,BNCI2014001:4670,9,8,session_T,run_1,62,feet,0
BNCI2014001-4,BNCI2014001,4671,BNCI2014001:4671,9,8,session_T,run_1,63,left_hand,1
BNCI2014001-4,BNCI2014001,4672,BNCI2014001:4672,9,8,session_T,run_1,64,left_hand,1
BNCI2014001-4,BNCI2014001,4673,BNCI2014001:4673,9,8,session_T,run_1,65,tongue,3
BNCI2014001-4,BNCI2014001,4674,BNCI2014001:4674,9,8,session_T,run_1,66,tongue,3
BNCI2014001-4,BNCI2014001,4675,BNCI2014001:4675,9,8,session_T,run_1,67,right_hand,2
BNCI2014001-4,BNCI2014001,4676,BNCI2014001:4676,9,8,session_T,run_1,68,left_hand,1
BNCI2014001-4,BNCI2014001,4677,BNCI2014001:4677,9,8,session_T,run_1,69,feet,0
BNCI2014001-4,BNCI2014001,4678,BNCI2014001:4678,9,8,session_T,run_1,70,tongue,3
BNCI2014001-4,BNCI2014001,4679,BNCI2014001:4679,9,8,session_T,run_1,71,tongue,3
BNCI2014001-4,BNCI2014001,4680,BNCI2014001:4680,9,8,session_T,run_1,72,tongue,3
BNCI2014001-4,BNCI2014001,4681,BNCI2014001:4681,9,8,session_T,run_1,73,feet,0
BNCI2014001-4,BNCI2014001,4682,BNCI2014001:4682,9,8,session_T,run_1,74,feet,0
BNCI2014001-4,BNCI2014001,4683,BNCI2014001:4683,9,8,session_T,run_1,75,feet,0
BNCI2014001-4,BNCI2014001,4684,BNCI2014001:4684,9,8,session_T,run_1,76,left_hand,1
BNCI2014001-4,BNCI2014001,4685,BNCI2014001:4685,9,8,session_T,run_1,77,right_hand,2
BNCI2014001-4,BNCI2014001,4686,BNCI2014001:4686,9,8,session_T,run_1,78,right_hand,2
BNCI2014001-4,BNCI2014001,4687,BNCI2014001:4687,9,8,session_T,run_1,79,right_hand,2
BNCI2014001-4,BNCI2014001,4688,BNCI2014001:4688,9,8,session_T,run_1,80,feet,0
BNCI2014001-4,BNCI2014001,4689,BNCI2014001:4689,9,8,session_T,run_1,81,feet,0
BNCI2014001-4,BNCI2014001,4690,BNCI2014001:4690,9,8,session_T,run_1,82,right_hand,2
BNCI2014001-4,BNCI2014001,4691,BNCI2014001:4691,9,8,session_T,run_1,83,feet,0
BNCI2014001-4,BNCI2014001,4692,BNCI2014001:4692,9,8,session_T,run_1,84,left_hand,1
BNCI2014001-4,BNCI2014001,4693,BNCI2014001:4693,9,8,session_T,run_1,85,feet,0
BNCI2014001-4,BNCI2014001,4694,BNCI2014001:4694,9,8,session_T,run_1,86,feet,0
BNCI2014001-4,BNCI2014001,4695,BNCI2014001:4695,9,8,session_T,run_1,87,right_hand,2
BNCI2014001-4,BNCI2014001,4696,BNCI2014001:4696,9,8,session_T,run_1,88,right_hand,2
BNCI2014001-4,BNCI2014001,4697,BNCI2014001:4697,9,8,session_T,run_1,89,left_hand,1
BNCI2014001-4,BNCI2014001,4698,BNCI2014001:4698,9,8,session_T,run_1,90,right_hand,2
BNCI2014001-4,BNCI2014001,4699,BNCI2014001:4699,9,8,session_T,run_1,91,left_hand,1
BNCI2014001-4,BNCI2014001,4700,BNCI2014001:4700,9,8,session_T,run_1,92,left_hand,1
BNCI2014001-4,BNCI2014001,4701,BNCI2014001:4701,9,8,session_T,run_1,93,tongue,3
BNCI2014001-4,BNCI2014001,4702,BNCI2014001:4702,9,8,session_T,run_1,94,tongue,3
BNCI2014001-4,BNCI2014001,4703,BNCI2014001:4703,9,8,session_T,run_1,95,right_hand,2
BNCI2014001-4,BNCI2014001,4704,BNCI2014001:4704,9,8,session_T,run_2,96,right_hand,2
BNCI2014001-4,BNCI2014001,4705,BNCI2014001:4705,9,8,session_T,run_2,97,tongue,3
BNCI2014001-4,BNCI2014001,4706,BNCI2014001:4706,9,8,session_T,run_2,98,left_hand,1
BNCI2014001-4,BNCI2014001,4707,BNCI2014001:4707,9,8,session_T,run_2,99,tongue,3
BNCI2014001-4,BNCI2014001,4708,BNCI2014001:4708,9,8,session_T,run_2,100,right_hand,2
BNCI2014001-4,BNCI2014001,4709,BNCI2014001:4709,9,8,session_T,run_2,101,tongue,3
BNCI2014001-4,BNCI2014001,4710,BNCI2014001:4710,9,8,session_T,run_2,102,left_hand,1
BNCI2014001-4,BNCI2014001,4711,BNCI2014001:4711,9,8,session_T,run_2,103,right_hand,2
BNCI2014001-4,BNCI2014001,4712,BNCI2014001:4712,9,8,session_T,run_2,104,tongue,3
BNCI2014001-4,BNCI2014001,4713,BNCI2014001:4713,9,8,session_T,run_2,105,tongue,3
BNCI2014001-4,BNCI2014001,4714,BNCI2014001:4714,9,8,session_T,run_2,106,right_hand,2
BNCI2014001-4,BNCI2014001,4715,BNCI2014001:4715,9,8,session_T,run_2,107,feet,0
BNCI2014001-4,BNCI2014001,4716,BNCI2014001:4716,9,8,session_T,run_2,108,right_hand,2
BNCI2014001-4,BNCI2014001,4717,BNCI2014001:4717,9,8,session_T,run_2,109,left_hand,1
BNCI2014001-4,BNCI2014001,4718,BNCI2014001:4718,9,8,session_T,run_2,110,left_hand,1
BNCI2014001-4,BNCI2014001,4719,BNCI2014001:4719,9,8,session_T,run_2,111,right_hand,2
BNCI2014001-4,BNCI2014001,4720,BNCI2014001:4720,9,8,session_T,run_2,112,tongue,3
BNCI2014001-4,BNCI2014001,4721,BNCI2014001:4721,9,8,session_T,run_2,113,left_hand,1
BNCI2014001-4,BNCI2014001,4722,BNCI2014001:4722,9,8,session_T,run_2,114,tongue,3
BNCI2014001-4,BNCI2014001,4723,BNCI2014001:4723,9,8,session_T,run_2,115,right_hand,2
BNCI2014001-4,BNCI2014001,4724,BNCI2014001:4724,9,8,session_T,run_2,116,left_hand,1
BNCI2014001-4,BNCI2014001,4725,BNCI2014001:4725,9,8,session_T,run_2,117,feet,0
BNCI2014001-4,BNCI2014001,4726,BNCI2014001:4726,9,8,session_T,run_2,118,feet,0
BNCI2014001-4,BNCI2014001,4727,BNCI2014001:4727,9,8,session_T,run_2,119,left_hand,1
BNCI2014001-4,BNCI2014001,4728,BNCI2014001:4728,9,8,session_T,run_2,120,right_hand,2
BNCI2014001-4,BNCI2014001,4729,BNCI2014001:4729,9,8,session_T,run_2,121,tongue,3
BNCI2014001-4,BNCI2014001,4730,BNCI2014001:4730,9,8,session_T,run_2,122,feet,0
BNCI2014001-4,BNCI2014001,4731,BNCI2014001:4731,9,8,session_T,run_2,123,feet,0
BNCI2014001-4,BNCI2014001,4732,BNCI2014001:4732,9,8,session_T,run_2,124,feet,0
BNCI2014001-4,BNCI2014001,4733,BNCI2014001:4733,9,8,session_T,run_2,125,feet,0
BNCI2014001-4,BNCI2014001,4734,BNCI2014001:4734,9,8,session_T,run_2,126,left_hand,1
BNCI2014001-4,BNCI2014001,4735,BNCI2014001:4735,9,8,session_T,run_2,127,feet,0
BNCI2014001-4,BNCI2014001,4736,BNCI2014001:4736,9,8,session_T,run_2,128,tongue,3
BNCI2014001-4,BNCI2014001,4737,BNCI2014001:4737,9,8,session_T,run_2,129,feet,0
BNCI2014001-4,BNCI2014001,4738,BNCI2014001:4738,9,8,session_T,run_2,130,left_hand,1
BNCI2014001-4,BNCI2014001,4739,BNCI2014001:4739,9,8,session_T,run_2,131,feet,0
BNCI2014001-4,BNCI2014001,4740,BNCI2014001:4740,9,8,session_T,run_2,132,left_hand,1
BNCI2014001-4,BNCI2014001,4741,BNCI2014001:4741,9,8,session_T,run_2,133,tongue,3
BNCI2014001-4,BNCI2014001,4742,BNCI2014001:4742,9,8,session_T,run_2,134,left_hand,1
BNCI2014001-4,BNCI2014001,4743,BNCI2014001:4743,9,8,session_T,run_2,135,right_hand,2
BNCI2014001-4,BNCI2014001,4744,BNCI2014001:4744,9,8,session_T,run_2,136,feet,0
BNCI2014001-4,BNCI2014001,4745,BNCI2014001:4745,9,8,session_T,run_2,137,right_hand,2
BNCI2014001-4,BNCI2014001,4746,BNCI2014001:4746,9,8,session_T,run_2,138,left_hand,1
BNCI2014001-4,BNCI2014001,4747,BNCI2014001:4747,9,8,session_T,run_2,139,right_hand,2
BNCI2014001-4,BNCI2014001,4748,BNCI2014001:4748,9,8,session_T,run_2,140,right_hand,2
BNCI2014001-4,BNCI2014001,4749,BNCI2014001:4749,9,8,session_T,run_2,141,tongue,3
BNCI2014001-4,BNCI2014001,4750,BNCI2014001:4750,9,8,session_T,run_2,142,feet,0
BNCI2014001-4,BNCI2014001,4751,BNCI2014001:4751,9,8,session_T,run_2,143,tongue,3
BNCI2014001-4,BNCI2014001,4752,BNCI2014001:4752,9,8,session_T,run_3,144,left_hand,1
BNCI2014001-4,BNCI2014001,4753,BNCI2014001:4753,9,8,session_T,run_3,145,left_hand,1
BNCI2014001-4,BNCI2014001,4754,BNCI2014001:4754,9,8,session_T,run_3,146,right_hand,2
BNCI2014001-4,BNCI2014001,4755,BNCI2014001:4755,9,8,session_T,run_3,147,tongue,3
BNCI2014001-4,BNCI2014001,4756,BNCI2014001:4756,9,8,session_T,run_3,148,left_hand,1
BNCI2014001-4,BNCI2014001,4757,BNCI2014001:4757,9,8,session_T,run_3,149,tongue,3
BNCI2014001-4,BNCI2014001,4758,BNCI2014001:4758,9,8,session_T,run_3,150,tongue,3
BNCI2014001-4,BNCI2014001,4759,BNCI2014001:4759,9,8,session_T,run_3,151,tongue,3
BNCI2014001-4,BNCI2014001,4760,BNCI2014001:4760,9,8,session_T,run_3,152,left_hand,1
BNCI2014001-4,BNCI2014001,4761,BNCI2014001:4761,9,8,session_T,run_3,153,feet,0
BNCI2014001-4,BNCI2014001,4762,BNCI2014001:4762,9,8,session_T,run_3,154,tongue,3
BNCI2014001-4,BNCI2014001,4763,BNCI2014001:4763,9,8,session_T,run_3,155,tongue,3
BNCI2014001-4,BNCI2014001,4764,BNCI2014001:4764,9,8,session_T,run_3,156,right_hand,2
BNCI2014001-4,BNCI2014001,4765,BNCI2014001:4765,9,8,session_T,run_3,157,right_hand,2
BNCI2014001-4,BNCI2014001,4766,BNCI2014001:4766,9,8,session_T,run_3,158,tongue,3
BNCI2014001-4,BNCI2014001,4767,BNCI2014001:4767,9,8,session_T,run_3,159,left_hand,1
BNCI2014001-4,BNCI2014001,4768,BNCI2014001:4768,9,8,session_T,run_3,160,tongue,3
BNCI2014001-4,BNCI2014001,4769,BNCI2014001:4769,9,8,session_T,run_3,161,feet,0
BNCI2014001-4,BNCI2014001,4770,BNCI2014001:4770,9,8,session_T,run_3,162,right_hand,2
BNCI2014001-4,BNCI2014001,4771,BNCI2014001:4771,9,8,session_T,run_3,163,feet,0
BNCI2014001-4,BNCI2014001,4772,BNCI2014001:4772,9,8,session_T,run_3,164,right_hand,2
BNCI2014001-4,BNCI2014001,4773,BNCI2014001:4773,9,8,session_T,run_3,165,tongue,3
BNCI2014001-4,BNCI2014001,4774,BNCI2014001:4774,9,8,session_T,run_3,166,left_hand,1
BNCI2014001-4,BNCI2014001,4775,BNCI2014001:4775,9,8,session_T,run_3,167,left_hand,1
BNCI2014001-4,BNCI2014001,4776,BNCI2014001:4776,9,8,session_T,run_3,168,right_hand,2
BNCI2014001-4,BNCI2014001,4777,BNCI2014001:4777,9,8,session_T,run_3,169,feet,0
BNCI2014001-4,BNCI2014001,4778,BNCI2014001:4778,9,8,session_T,run_3,170,left_hand,1
BNCI2014001-4,BNCI2014001,4779,BNCI2014001:4779,9,8,session_T,run_3,171,tongue,3
BNCI2014001-4,BNCI2014001,4780,BNCI2014001:4780,9,8,session_T,run_3,172,left_hand,1
BNCI2014001-4,BNCI2014001,4781,BNCI2014001:4781,9,8,session_T,run_3,173,feet,0
BNCI2014001-4,BNCI2014001,4782,BNCI2014001:4782,9,8,session_T,run_3,174,feet,0
BNCI2014001-4,BNCI2014001,4783,BNCI2014001:4783,9,8,session_T,run_3,175,feet,0
BNCI2014001-4,BNCI2014001,4784,BNCI2014001:4784,9,8,session_T,run_3,176,right_hand,2
BNCI2014001-4,BNCI2014001,4785,BNCI2014001:4785,9,8,session_T,run_3,177,right_hand,2
BNCI2014001-4,BNCI2014001,4786,BNCI2014001:4786,9,8,session_T,run_3,178,right_hand,2
BNCI2014001-4,BNCI2014001,4787,BNCI2014001:4787,9,8,session_T,run_3,179,feet,0
BNCI2014001-4,BNCI2014001,4788,BNCI2014001:4788,9,8,session_T,run_3,180,left_hand,1
BNCI2014001-4,BNCI2014001,4789,BNCI2014001:4789,9,8,session_T,run_3,181,right_hand,2
BNCI2014001-4,BNCI2014001,4790,BNCI2014001:4790,9,8,session_T,run_3,182,left_hand,1
BNCI2014001-4,BNCI2014001,4791,BNCI2014001:4791,9,8,session_T,run_3,183,tongue,3
BNCI2014001-4,BNCI2014001,4792,BNCI2014001:4792,9,8,session_T,run_3,184,tongue,3
BNCI2014001-4,BNCI2014001,4793,BNCI2014001:4793,9,8,session_T,run_3,185,feet,0
BNCI2014001-4,BNCI2014001,4794,BNCI2014001:4794,9,8,session_T,run_3,186,feet,0
BNCI2014001-4,BNCI2014001,4795,BNCI2014001:4795,9,8,session_T,run_3,187,right_hand,2
BNCI2014001-4,BNCI2014001,4796,BNCI2014001:4796,9,8,session_T,run_3,188,right_hand,2
BNCI2014001-4,BNCI2014001,4797,BNCI2014001:4797,9,8,session_T,run_3,189,left_hand,1
BNCI2014001-4,BNCI2014001,4798,BNCI2014001:4798,9,8,session_T,run_3,190,feet,0
BNCI2014001-4,BNCI2014001,4799,BNCI2014001:4799,9,8,session_T,run_3,191,feet,0
BNCI2014001-4,BNCI2014001,4800,BNCI2014001:4800,9,8,session_T,run_4,192,tongue,3
BNCI2014001-4,BNCI2014001,4801,BNCI2014001:4801,9,8,session_T,run_4,193,left_hand,1
BNCI2014001-4,BNCI2014001,4802,BNCI2014001:4802,9,8,session_T,run_4,194,feet,0
BNCI2014001-4,BNCI2014001,4803,BNCI2014001:4803,9,8,session_T,run_4,195,tongue,3
BNCI2014001-4,BNCI2014001,4804,BNCI2014001:4804,9,8,session_T,run_4,196,right_hand,2
BNCI2014001-4,BNCI2014001,4805,BNCI2014001:4805,9,8,session_T,run_4,197,right_hand,2
BNCI2014001-4,BNCI2014001,4806,BNCI2014001:4806,9,8,session_T,run_4,198,feet,0
BNCI2014001-4,BNCI2014001,4807,BNCI2014001:4807,9,8,session_T,run_4,199,feet,0
BNCI2014001-4,BNCI2014001,4808,BNCI2014001:4808,9,8,session_T,run_4,200,left_hand,1
BNCI2014001-4,BNCI2014001,4809,BNCI2014001:4809,9,8,session_T,run_4,201,left_hand,1
BNCI2014001-4,BNCI2014001,4810,BNCI2014001:4810,9,8,session_T,run_4,202,right_hand,2
BNCI2014001-4,BNCI2014001,4811,BNCI2014001:4811,9,8,session_T,run_4,203,right_hand,2
BNCI2014001-4,BNCI2014001,4812,BNCI2014001:4812,9,8,session_T,run_4,204,left_hand,1
BNCI2014001-4,BNCI2014001,4813,BNCI2014001:4813,9,8,session_T,run_4,205,tongue,3
BNCI2014001-4,BNCI2014001,4814,BNCI2014001:4814,9,8,session_T,run_4,206,left_hand,1
BNCI2014001-4,BNCI2014001,4815,BNCI2014001:4815,9,8,session_T,run_4,207,right_hand,2
BNCI2014001-4,BNCI2014001,4816,BNCI2014001:4816,9,8,session_T,run_4,208,feet,0
BNCI2014001-4,BNCI2014001,4817,BNCI2014001:4817,9,8,session_T,run_4,209,left_hand,1
BNCI2014001-4,BNCI2014001,4818,BNCI2014001:4818,9,8,session_T,run_4,210,tongue,3
BNCI2014001-4,BNCI2014001,4819,BNCI2014001:4819,9,8,session_T,run_4,211,right_hand,2
BNCI2014001-4,BNCI2014001,4820,BNCI2014001:4820,9,8,session_T,run_4,212,right_hand,2
BNCI2014001-4,BNCI2014001,4821,BNCI2014001:4821,9,8,session_T,run_4,213,right_hand,2
BNCI2014001-4,BNCI2014001,4822,BNCI2014001:4822,9,8,session_T,run_4,214,left_hand,1
BNCI2014001-4,BNCI2014001,4823,BNCI2014001:4823,9,8,session_T,run_4,215,right_hand,2
BNCI2014001-4,BNCI2014001,4824,BNCI2014001:4824,9,8,session_T,run_4,216,right_hand,2
BNCI2014001-4,BNCI2014001,4825,BNCI2014001:4825,9,8,session_T,run_4,217,left_hand,1
BNCI2014001-4,BNCI2014001,4826,BNCI2014001:4826,9,8,session_T,run_4,218,tongue,3
BNCI2014001-4,BNCI2014001,4827,BNCI2014001:4827,9,8,session_T,run_4,219,tongue,3
BNCI2014001-4,BNCI2014001,4828,BNCI2014001:4828,9,8,session_T,run_4,220,tongue,3
BNCI2014001-4,BNCI2014001,4829,BNCI2014001:4829,9,8,session_T,run_4,221,left_hand,1
BNCI2014001-4,BNCI2014001,4830,BNCI2014001:4830,9,8,session_T,run_4,222,left_hand,1
BNCI2014001-4,BNCI2014001,4831,BNCI2014001:4831,9,8,session_T,run_4,223,feet,0
BNCI2014001-4,BNCI2014001,4832,BNCI2014001:4832,9,8,session_T,run_4,224,tongue,3
BNCI2014001-4,BNCI2014001,4833,BNCI2014001:4833,9,8,session_T,run_4,225,tongue,3
BNCI2014001-4,BNCI2014001,4834,BNCI2014001:4834,9,8,session_T,run_4,226,feet,0
BNCI2014001-4,BNCI2014001,4835,BNCI2014001:4835,9,8,session_T,run_4,227,right_hand,2
BNCI2014001-4,BNCI2014001,4836,BNCI2014001:4836,9,8,session_T,run_4,228,feet,0
BNCI2014001-4,BNCI2014001,4837,BNCI2014001:4837,9,8,session_T,run_4,229,tongue,3
BNCI2014001-4,BNCI2014001,4838,BNCI2014001:4838,9,8,session_T,run_4,230,tongue,3
BNCI2014001-4,BNCI2014001,4839,BNCI2014001:4839,9,8,session_T,run_4,231,left_hand,1
BNCI2014001-4,BNCI2014001,4840,BNCI2014001:4840,9,8,session_T,run_4,232,feet,0
BNCI2014001-4,BNCI2014001,4841,BNCI2014001:4841,9,8,session_T,run_4,233,feet,0
BNCI2014001-4,BNCI2014001,4842,BNCI2014001:4842,9,8,session_T,run_4,234,feet,0
BNCI2014001-4,BNCI2014001,4843,BNCI2014001:4843,9,8,session_T,run_4,235,feet,0
BNCI2014001-4,BNCI2014001,4844,BNCI2014001:4844,9,8,session_T,run_4,236,left_hand,1
BNCI2014001-4,BNCI2014001,4845,BNCI2014001:4845,9,8,session_T,run_4,237,feet,0
BNCI2014001-4,BNCI2014001,4846,BNCI2014001:4846,9,8,session_T,run_4,238,right_hand,2
BNCI2014001-4,BNCI2014001,4847,BNCI2014001:4847,9,8,session_T,run_4,239,tongue,3
BNCI2014001-4,BNCI2014001,4848,BNCI2014001:4848,9,8,session_T,run_5,240,left_hand,1
BNCI2014001-4,BNCI2014001,4849,BNCI2014001:4849,9,8,session_T,run_5,241,left_hand,1
BNCI2014001-4,BNCI2014001,4850,BNCI2014001:4850,9,8,session_T,run_5,242,feet,0
BNCI2014001-4,BNCI2014001,4851,BNCI2014001:4851,9,8,session_T,run_5,243,feet,0
BNCI2014001-4,BNCI2014001,4852,BNCI2014001:4852,9,8,session_T,run_5,244,left_hand,1
BNCI2014001-4,BNCI2014001,4853,BNCI2014001:4853,9,8,session_T,run_5,245,feet,0
BNCI2014001-4,BNCI2014001,4854,BNCI2014001:4854,9,8,session_T,run_5,246,feet,0
BNCI2014001-4,BNCI2014001,4855,BNCI2014001:4855,9,8,session_T,run_5,247,tongue,3
BNCI2014001-4,BNCI2014001,4856,BNCI2014001:4856,9,8,session_T,run_5,248,right_hand,2
BNCI2014001-4,BNCI2014001,4857,BNCI2014001:4857,9,8,session_T,run_5,249,right_hand,2
BNCI2014001-4,BNCI2014001,4858,BNCI2014001:4858,9,8,session_T,run_5,250,tongue,3
BNCI2014001-4,BNCI2014001,4859,BNCI2014001:4859,9,8,session_T,run_5,251,right_hand,2
BNCI2014001-4,BNCI2014001,4860,BNCI2014001:4860,9,8,session_T,run_5,252,feet,0
BNCI2014001-4,BNCI2014001,4861,BNCI2014001:4861,9,8,session_T,run_5,253,tongue,3
BNCI2014001-4,BNCI2014001,4862,BNCI2014001:4862,9,8,session_T,run_5,254,feet,0
BNCI2014001-4,BNCI2014001,4863,BNCI2014001:4863,9,8,session_T,run_5,255,right_hand,2
BNCI2014001-4,BNCI2014001,4864,BNCI2014001:4864,9,8,session_T,run_5,256,left_hand,1
BNCI2014001-4,BNCI2014001,4865,BNCI2014001:4865,9,8,session_T,run_5,257,right_hand,2
BNCI2014001-4,BNCI2014001,4866,BNCI2014001:4866,9,8,session_T,run_5,258,tongue,3
BNCI2014001-4,BNCI2014001,4867,BNCI2014001:4867,9,8,session_T,run_5,259,left_hand,1
BNCI2014001-4,BNCI2014001,4868,BNCI2014001:4868,9,8,session_T,run_5,260,feet,0
BNCI2014001-4,BNCI2014001,4869,BNCI2014001:4869,9,8,session_T,run_5,261,right_hand,2
BNCI2014001-4,BNCI2014001,4870,BNCI2014001:4870,9,8,session_T,run_5,262,feet,0
BNCI2014001-4,BNCI2014001,4871,BNCI2014001:4871,9,8,session_T,run_5,263,tongue,3
BNCI2014001-4,BNCI2014001,4872,BNCI2014001:4872,9,8,session_T,run_5,264,left_hand,1
BNCI2014001-4,BNCI2014001,4873,BNCI2014001:4873,9,8,session_T,run_5,265,left_hand,1
BNCI2014001-4,BNCI2014001,4874,BNCI2014001:4874,9,8,session_T,run_5,266,right_hand,2
BNCI2014001-4,BNCI2014001,4875,BNCI2014001:4875,9,8,session_T,run_5,267,tongue,3
BNCI2014001-4,BNCI2014001,4876,BNCI2014001:4876,9,8,session_T,run_5,268,left_hand,1
BNCI2014001-4,BNCI2014001,4877,BNCI2014001:4877,9,8,session_T,run_5,269,tongue,3
BNCI2014001-4,BNCI2014001,4878,BNCI2014001:4878,9,8,session_T,run_5,270,right_hand,2
BNCI2014001-4,BNCI2014001,4879,BNCI2014001:4879,9,8,session_T,run_5,271,right_hand,2
BNCI2014001-4,BNCI2014001,4880,BNCI2014001:4880,9,8,session_T,run_5,272,feet,0
BNCI2014001-4,BNCI2014001,4881,BNCI2014001:4881,9,8,session_T,run_5,273,feet,0
BNCI2014001-4,BNCI2014001,4882,BNCI2014001:4882,9,8,session_T,run_5,274,tongue,3
BNCI2014001-4,BNCI2014001,4883,BNCI2014001:4883,9,8,session_T,run_5,275,tongue,3
BNCI2014001-4,BNCI2014001,4884,BNCI2014001:4884,9,8,session_T,run_5,276,feet,0
BNCI2014001-4,BNCI2014001,4885,BNCI2014001:4885,9,8,session_T,run_5,277,left_hand,1
BNCI2014001-4,BNCI2014001,4886,BNCI2014001:4886,9,8,session_T,run_5,278,left_hand,1
BNCI2014001-4,BNCI2014001,4887,BNCI2014001:4887,9,8,session_T,run_5,279,right_hand,2
BNCI2014001-4,BNCI2014001,4888,BNCI2014001:4888,9,8,session_T,run_5,280,left_hand,1
BNCI2014001-4,BNCI2014001,4889,BNCI2014001:4889,9,8,session_T,run_5,281,tongue,3
BNCI2014001-4,BNCI2014001,4890,BNCI2014001:4890,9,8,session_T,run_5,282,right_hand,2
BNCI2014001-4,BNCI2014001,4891,BNCI2014001:4891,9,8,session_T,run_5,283,tongue,3
BNCI2014001-4,BNCI2014001,4892,BNCI2014001:4892,9,8,session_T,run_5,284,tongue,3
BNCI2014001-4,BNCI2014001,4893,BNCI2014001:4893,9,8,session_T,run_5,285,left_hand,1
BNCI2014001-4,BNCI2014001,4894,BNCI2014001:4894,9,8,session_T,run_5,286,right_hand,2
BNCI2014001-4,BNCI2014001,4895,BNCI2014001:4895,9,8,session_T,run_5,287,feet,0
BNCI2014004,BNCI2014004,400,BNCI2014004:400,1,0,session_3,run_0,0,right_hand,1
BNCI2014004,BNCI2014004,401,BNCI2014004:401,1,0,session_3,run_0,1,left_hand,0
BNCI2014004,BNCI2014004,402,BNCI2014004:402,1,0,session_3,run_0,2,right_hand,1
BNCI2014004,BNCI2014004,403,BNCI2014004:403,1,0,session_3,run_0,3,left_hand,0
BNCI2014004,BNCI2014004,404,BNCI2014004:404,1,0,session_3,run_0,4,left_hand,0
BNCI2014004,BNCI2014004,405,BNCI2014004:405,1,0,session_3,run_0,5,left_hand,0
BNCI2014004,BNCI2014004,406,BNCI2014004:406,1,0,session_3,run_0,6,right_hand,1
BNCI2014004,BNCI2014004,407,BNCI2014004:407,1,0,session_3,run_0,7,left_hand,0
BNCI2014004,BNCI2014004,408,BNCI2014004:408,1,0,session_3,run_0,8,left_hand,0
BNCI2014004,BNCI2014004,409,BNCI2014004:409,1,0,session_3,run_0,9,left_hand,0
BNCI2014004,BNCI2014004,410,BNCI2014004:410,1,0,session_3,run_0,10,right_hand,1
BNCI2014004,BNCI2014004,411,BNCI2014004:411,1,0,session_3,run_0,11,left_hand,0
BNCI2014004,BNCI2014004,412,BNCI2014004:412,1,0,session_3,run_0,12,right_hand,1
BNCI2014004,BNCI2014004,413,BNCI2014004:413,1,0,session_3,run_0,13,left_hand,0
BNCI2014004,BNCI2014004,414,BNCI2014004:414,1,0,session_3,run_0,14,right_hand,1
BNCI2014004,BNCI2014004,415,BNCI2014004:415,1,0,session_3,run_0,15,left_hand,0
BNCI2014004,BNCI2014004,416,BNCI2014004:416,1,0,session_3,run_0,16,left_hand,0
BNCI2014004,BNCI2014004,417,BNCI2014004:417,1,0,session_3,run_0,17,left_hand,0
BNCI2014004,BNCI2014004,418,BNCI2014004:418,1,0,session_3,run_0,18,left_hand,0
BNCI2014004,BNCI2014004,419,BNCI2014004:419,1,0,session_3,run_0,19,left_hand,0
BNCI2014004,BNCI2014004,420,BNCI2014004:420,1,0,session_3,run_0,20,right_hand,1
BNCI2014004,BNCI2014004,421,BNCI2014004:421,1,0,session_3,run_0,21,right_hand,1
BNCI2014004,BNCI2014004,422,BNCI2014004:422,1,0,session_3,run_0,22,right_hand,1
BNCI2014004,BNCI2014004,423,BNCI2014004:423,1,0,session_3,run_0,23,left_hand,0
BNCI2014004,BNCI2014004,424,BNCI2014004:424,1,0,session_3,run_0,24,right_hand,1
BNCI2014004,BNCI2014004,425,BNCI2014004:425,1,0,session_3,run_0,25,right_hand,1
BNCI2014004,BNCI2014004,426,BNCI2014004:426,1,0,session_3,run_0,26,right_hand,1
BNCI2014004,BNCI2014004,427,BNCI2014004:427,1,0,session_3,run_0,27,right_hand,1
BNCI2014004,BNCI2014004,428,BNCI2014004:428,1,0,session_3,run_0,28,left_hand,0
BNCI2014004,BNCI2014004,429,BNCI2014004:429,1,0,session_3,run_0,29,right_hand,1
BNCI2014004,BNCI2014004,430,BNCI2014004:430,1,0,session_3,run_0,30,right_hand,1
BNCI2014004,BNCI2014004,431,BNCI2014004:431,1,0,session_3,run_0,31,right_hand,1
BNCI2014004,BNCI2014004,432,BNCI2014004:432,1,0,session_3,run_0,32,left_hand,0
BNCI2014004,BNCI2014004,433,BNCI2014004:433,1,0,session_3,run_0,33,left_hand,0
BNCI2014004,BNCI2014004,434,BNCI2014004:434,1,0,session_3,run_0,34,right_hand,1
BNCI2014004,BNCI2014004,435,BNCI2014004:435,1,0,session_3,run_0,35,right_hand,1
BNCI2014004,BNCI2014004,436,BNCI2014004:436,1,0,session_3,run_0,36,left_hand,0
BNCI2014004,BNCI2014004,437,BNCI2014004:437,1,0,session_3,run_0,37,right_hand,1
BNCI2014004,BNCI2014004,438,BNCI2014004:438,1,0,session_3,run_0,38,left_hand,0
BNCI2014004,BNCI2014004,439,BNCI2014004:439,1,0,session_3,run_0,39,right_hand,1
BNCI2014004,BNCI2014004,440,BNCI2014004:440,1,0,session_3,run_0,40,left_hand,0
BNCI2014004,BNCI2014004,441,BNCI2014004:441,1,0,session_3,run_0,41,right_hand,1
BNCI2014004,BNCI2014004,442,BNCI2014004:442,1,0,session_3,run_0,42,right_hand,1
BNCI2014004,BNCI2014004,443,BNCI2014004:443,1,0,session_3,run_0,43,right_hand,1
BNCI2014004,BNCI2014004,444,BNCI2014004:444,1,0,session_3,run_0,44,left_hand,0
BNCI2014004,BNCI2014004,445,BNCI2014004:445,1,0,session_3,run_0,45,left_hand,0
BNCI2014004,BNCI2014004,446,BNCI2014004:446,1,0,session_3,run_0,46,right_hand,1
BNCI2014004,BNCI2014004,447,BNCI2014004:447,1,0,session_3,run_0,47,right_hand,1
BNCI2014004,BNCI2014004,448,BNCI2014004:448,1,0,session_3,run_0,48,left_hand,0
BNCI2014004,BNCI2014004,449,BNCI2014004:449,1,0,session_3,run_0,49,left_hand,0
BNCI2014004,BNCI2014004,450,BNCI2014004:450,1,0,session_3,run_0,50,left_hand,0
BNCI2014004,BNCI2014004,451,BNCI2014004:451,1,0,session_3,run_0,51,right_hand,1
BNCI2014004,BNCI2014004,452,BNCI2014004:452,1,0,session_3,run_0,52,left_hand,0
BNCI2014004,BNCI2014004,453,BNCI2014004:453,1,0,session_3,run_0,53,left_hand,0
BNCI2014004,BNCI2014004,454,BNCI2014004:454,1,0,session_3,run_0,54,right_hand,1
BNCI2014004,BNCI2014004,455,BNCI2014004:455,1,0,session_3,run_0,55,left_hand,0
BNCI2014004,BNCI2014004,456,BNCI2014004:456,1,0,session_3,run_0,56,left_hand,0
BNCI2014004,BNCI2014004,457,BNCI2014004:457,1,0,session_3,run_0,57,right_hand,1
BNCI2014004,BNCI2014004,458,BNCI2014004:458,1,0,session_3,run_0,58,left_hand,0
BNCI2014004,BNCI2014004,459,BNCI2014004:459,1,0,session_3,run_0,59,right_hand,1
BNCI2014004,BNCI2014004,460,BNCI2014004:460,1,0,session_3,run_0,60,left_hand,0
BNCI2014004,BNCI2014004,461,BNCI2014004:461,1,0,session_3,run_0,61,right_hand,1
BNCI2014004,BNCI2014004,462,BNCI2014004:462,1,0,session_3,run_0,62,left_hand,0
BNCI2014004,BNCI2014004,463,BNCI2014004:463,1,0,session_3,run_0,63,left_hand,0
BNCI2014004,BNCI2014004,464,BNCI2014004:464,1,0,session_3,run_0,64,left_hand,0
BNCI2014004,BNCI2014004,465,BNCI2014004:465,1,0,session_3,run_0,65,left_hand,0
BNCI2014004,BNCI2014004,466,BNCI2014004:466,1,0,session_3,run_0,66,right_hand,1
BNCI2014004,BNCI2014004,467,BNCI2014004:467,1,0,session_3,run_0,67,right_hand,1
BNCI2014004,BNCI2014004,468,BNCI2014004:468,1,0,session_3,run_0,68,right_hand,1
BNCI2014004,BNCI2014004,469,BNCI2014004:469,1,0,session_3,run_0,69,right_hand,1
BNCI2014004,BNCI2014004,470,BNCI2014004:470,1,0,session_3,run_0,70,left_hand,0
BNCI2014004,BNCI2014004,471,BNCI2014004:471,1,0,session_3,run_0,71,right_hand,1
BNCI2014004,BNCI2014004,472,BNCI2014004:472,1,0,session_3,run_0,72,left_hand,0
BNCI2014004,BNCI2014004,473,BNCI2014004:473,1,0,session_3,run_0,73,right_hand,1
BNCI2014004,BNCI2014004,474,BNCI2014004:474,1,0,session_3,run_0,74,right_hand,1
BNCI2014004,BNCI2014004,475,BNCI2014004:475,1,0,session_3,run_0,75,right_hand,1
BNCI2014004,BNCI2014004,476,BNCI2014004:476,1,0,session_3,run_0,76,left_hand,0
BNCI2014004,BNCI2014004,477,BNCI2014004:477,1,0,session_3,run_0,77,right_hand,1
BNCI2014004,BNCI2014004,478,BNCI2014004:478,1,0,session_3,run_0,78,right_hand,1
BNCI2014004,BNCI2014004,479,BNCI2014004:479,1,0,session_3,run_0,79,left_hand,0
BNCI2014004,BNCI2014004,480,BNCI2014004:480,1,0,session_3,run_0,80,right_hand,1
BNCI2014004,BNCI2014004,481,BNCI2014004:481,1,0,session_3,run_0,81,left_hand,0
BNCI2014004,BNCI2014004,482,BNCI2014004:482,1,0,session_3,run_0,82,left_hand,0
BNCI2014004,BNCI2014004,483,BNCI2014004:483,1,0,session_3,run_0,83,left_hand,0
BNCI2014004,BNCI2014004,484,BNCI2014004:484,1,0,session_3,run_0,84,left_hand,0
BNCI2014004,BNCI2014004,485,BNCI2014004:485,1,0,session_3,run_0,85,right_hand,1
BNCI2014004,BNCI2014004,486,BNCI2014004:486,1,0,session_3,run_0,86,left_hand,0
BNCI2014004,BNCI2014004,487,BNCI2014004:487,1,0,session_3,run_0,87,left_hand,0
BNCI2014004,BNCI2014004,488,BNCI2014004:488,1,0,session_3,run_0,88,right_hand,1
BNCI2014004,BNCI2014004,489,BNCI2014004:489,1,0,session_3,run_0,89,left_hand,0
BNCI2014004,BNCI2014004,490,BNCI2014004:490,1,0,session_3,run_0,90,left_hand,0
BNCI2014004,BNCI2014004,491,BNCI2014004:491,1,0,session_3,run_0,91,left_hand,0
BNCI2014004,BNCI2014004,492,BNCI2014004:492,1,0,session_3,run_0,92,left_hand,0
BNCI2014004,BNCI2014004,493,BNCI2014004:493,1,0,session_3,run_0,93,right_hand,1
BNCI2014004,BNCI2014004,494,BNCI2014004:494,1,0,session_3,run_0,94,right_hand,1
BNCI2014004,BNCI2014004,495,BNCI2014004:495,1,0,session_3,run_0,95,left_hand,0
BNCI2014004,BNCI2014004,496,BNCI2014004:496,1,0,session_3,run_0,96,right_hand,1
BNCI2014004,BNCI2014004,497,BNCI2014004:497,1,0,session_3,run_0,97,right_hand,1
BNCI2014004,BNCI2014004,498,BNCI2014004:498,1,0,session_3,run_0,98,right_hand,1
BNCI2014004,BNCI2014004,499,BNCI2014004:499,1,0,session_3,run_0,99,right_hand,1
BNCI2014004,BNCI2014004,500,BNCI2014004:500,1,0,session_3,run_0,100,right_hand,1
BNCI2014004,BNCI2014004,501,BNCI2014004:501,1,0,session_3,run_0,101,right_hand,1
BNCI2014004,BNCI2014004,502,BNCI2014004:502,1,0,session_3,run_0,102,right_hand,1
BNCI2014004,BNCI2014004,503,BNCI2014004:503,1,0,session_3,run_0,103,right_hand,1
BNCI2014004,BNCI2014004,504,BNCI2014004:504,1,0,session_3,run_0,104,left_hand,0
BNCI2014004,BNCI2014004,505,BNCI2014004:505,1,0,session_3,run_0,105,right_hand,1
BNCI2014004,BNCI2014004,506,BNCI2014004:506,1,0,session_3,run_0,106,right_hand,1
BNCI2014004,BNCI2014004,507,BNCI2014004:507,1,0,session_3,run_0,107,left_hand,0
BNCI2014004,BNCI2014004,508,BNCI2014004:508,1,0,session_3,run_0,108,left_hand,0
BNCI2014004,BNCI2014004,509,BNCI2014004:509,1,0,session_3,run_0,109,left_hand,0
BNCI2014004,BNCI2014004,510,BNCI2014004:510,1,0,session_3,run_0,110,left_hand,0
BNCI2014004,BNCI2014004,511,BNCI2014004:511,1,0,session_3,run_0,111,right_hand,1
BNCI2014004,BNCI2014004,512,BNCI2014004:512,1,0,session_3,run_0,112,left_hand,0
BNCI2014004,BNCI2014004,513,BNCI2014004:513,1,0,session_3,run_0,113,right_hand,1
BNCI2014004,BNCI2014004,514,BNCI2014004:514,1,0,session_3,run_0,114,left_hand,0
BNCI2014004,BNCI2014004,515,BNCI2014004:515,1,0,session_3,run_0,115,right_hand,1
BNCI2014004,BNCI2014004,516,BNCI2014004:516,1,0,session_3,run_0,116,left_hand,0
BNCI2014004,BNCI2014004,517,BNCI2014004:517,1,0,session_3,run_0,117,left_hand,0
BNCI2014004,BNCI2014004,518,BNCI2014004:518,1,0,session_3,run_0,118,right_hand,1
BNCI2014004,BNCI2014004,519,BNCI2014004:519,1,0,session_3,run_0,119,right_hand,1
BNCI2014004,BNCI2014004,520,BNCI2014004:520,1,0,session_3,run_0,120,right_hand,1
BNCI2014004,BNCI2014004,521,BNCI2014004:521,1,0,session_3,run_0,121,right_hand,1
BNCI2014004,BNCI2014004,522,BNCI2014004:522,1,0,session_3,run_0,122,left_hand,0
BNCI2014004,BNCI2014004,523,BNCI2014004:523,1,0,session_3,run_0,123,left_hand,0
BNCI2014004,BNCI2014004,524,BNCI2014004:524,1,0,session_3,run_0,124,left_hand,0
BNCI2014004,BNCI2014004,525,BNCI2014004:525,1,0,session_3,run_0,125,right_hand,1
BNCI2014004,BNCI2014004,526,BNCI2014004:526,1,0,session_3,run_0,126,right_hand,1
BNCI2014004,BNCI2014004,527,BNCI2014004:527,1,0,session_3,run_0,127,right_hand,1
BNCI2014004,BNCI2014004,528,BNCI2014004:528,1,0,session_3,run_0,128,left_hand,0
BNCI2014004,BNCI2014004,529,BNCI2014004:529,1,0,session_3,run_0,129,right_hand,1
BNCI2014004,BNCI2014004,530,BNCI2014004:530,1,0,session_3,run_0,130,left_hand,0
BNCI2014004,BNCI2014004,531,BNCI2014004:531,1,0,session_3,run_0,131,right_hand,1
BNCI2014004,BNCI2014004,532,BNCI2014004:532,1,0,session_3,run_0,132,left_hand,0
BNCI2014004,BNCI2014004,533,BNCI2014004:533,1,0,session_3,run_0,133,right_hand,1
BNCI2014004,BNCI2014004,534,BNCI2014004:534,1,0,session_3,run_0,134,right_hand,1
BNCI2014004,BNCI2014004,535,BNCI2014004:535,1,0,session_3,run_0,135,right_hand,1
BNCI2014004,BNCI2014004,536,BNCI2014004:536,1,0,session_3,run_0,136,left_hand,0
BNCI2014004,BNCI2014004,537,BNCI2014004:537,1,0,session_3,run_0,137,right_hand,1
BNCI2014004,BNCI2014004,538,BNCI2014004:538,1,0,session_3,run_0,138,right_hand,1
BNCI2014004,BNCI2014004,539,BNCI2014004:539,1,0,session_3,run_0,139,left_hand,0
BNCI2014004,BNCI2014004,540,BNCI2014004:540,1,0,session_3,run_0,140,left_hand,0
BNCI2014004,BNCI2014004,541,BNCI2014004:541,1,0,session_3,run_0,141,right_hand,1
BNCI2014004,BNCI2014004,542,BNCI2014004:542,1,0,session_3,run_0,142,left_hand,0
BNCI2014004,BNCI2014004,543,BNCI2014004:543,1,0,session_3,run_0,143,right_hand,1
BNCI2014004,BNCI2014004,544,BNCI2014004:544,1,0,session_3,run_0,144,left_hand,0
BNCI2014004,BNCI2014004,545,BNCI2014004:545,1,0,session_3,run_0,145,left_hand,0
BNCI2014004,BNCI2014004,546,BNCI2014004:546,1,0,session_3,run_0,146,right_hand,1
BNCI2014004,BNCI2014004,547,BNCI2014004:547,1,0,session_3,run_0,147,left_hand,0
BNCI2014004,BNCI2014004,548,BNCI2014004:548,1,0,session_3,run_0,148,left_hand,0
BNCI2014004,BNCI2014004,549,BNCI2014004:549,1,0,session_3,run_0,149,right_hand,1
BNCI2014004,BNCI2014004,550,BNCI2014004:550,1,0,session_3,run_0,150,right_hand,1
BNCI2014004,BNCI2014004,551,BNCI2014004:551,1,0,session_3,run_0,151,left_hand,0
BNCI2014004,BNCI2014004,552,BNCI2014004:552,1,0,session_3,run_0,152,left_hand,0
BNCI2014004,BNCI2014004,553,BNCI2014004:553,1,0,session_3,run_0,153,right_hand,1
BNCI2014004,BNCI2014004,554,BNCI2014004:554,1,0,session_3,run_0,154,left_hand,0
BNCI2014004,BNCI2014004,555,BNCI2014004:555,1,0,session_3,run_0,155,left_hand,0
BNCI2014004,BNCI2014004,556,BNCI2014004:556,1,0,session_3,run_0,156,left_hand,0
BNCI2014004,BNCI2014004,557,BNCI2014004:557,1,0,session_3,run_0,157,left_hand,0
BNCI2014004,BNCI2014004,558,BNCI2014004:558,1,0,session_3,run_0,158,right_hand,1
BNCI2014004,BNCI2014004,559,BNCI2014004:559,1,0,session_3,run_0,159,right_hand,1
BNCI2014004,BNCI2014004,1120,BNCI2014004:1120,2,1,session_3,run_0,0,left_hand,0
BNCI2014004,BNCI2014004,1121,BNCI2014004:1121,2,1,session_3,run_0,1,right_hand,1
BNCI2014004,BNCI2014004,1122,BNCI2014004:1122,2,1,session_3,run_0,2,left_hand,0
BNCI2014004,BNCI2014004,1123,BNCI2014004:1123,2,1,session_3,run_0,3,left_hand,0
BNCI2014004,BNCI2014004,1124,BNCI2014004:1124,2,1,session_3,run_0,4,right_hand,1
BNCI2014004,BNCI2014004,1125,BNCI2014004:1125,2,1,session_3,run_0,5,left_hand,0
BNCI2014004,BNCI2014004,1126,BNCI2014004:1126,2,1,session_3,run_0,6,left_hand,0
BNCI2014004,BNCI2014004,1127,BNCI2014004:1127,2,1,session_3,run_0,7,left_hand,0
BNCI2014004,BNCI2014004,1128,BNCI2014004:1128,2,1,session_3,run_0,8,left_hand,0
BNCI2014004,BNCI2014004,1129,BNCI2014004:1129,2,1,session_3,run_0,9,right_hand,1
BNCI2014004,BNCI2014004,1130,BNCI2014004:1130,2,1,session_3,run_0,10,left_hand,0
BNCI2014004,BNCI2014004,1131,BNCI2014004:1131,2,1,session_3,run_0,11,right_hand,1
BNCI2014004,BNCI2014004,1132,BNCI2014004:1132,2,1,session_3,run_0,12,right_hand,1
BNCI2014004,BNCI2014004,1133,BNCI2014004:1133,2,1,session_3,run_0,13,right_hand,1
BNCI2014004,BNCI2014004,1134,BNCI2014004:1134,2,1,session_3,run_0,14,right_hand,1
BNCI2014004,BNCI2014004,1135,BNCI2014004:1135,2,1,session_3,run_0,15,left_hand,0
BNCI2014004,BNCI2014004,1136,BNCI2014004:1136,2,1,session_3,run_0,16,right_hand,1
BNCI2014004,BNCI2014004,1137,BNCI2014004:1137,2,1,session_3,run_0,17,right_hand,1
BNCI2014004,BNCI2014004,1138,BNCI2014004:1138,2,1,session_3,run_0,18,right_hand,1
BNCI2014004,BNCI2014004,1139,BNCI2014004:1139,2,1,session_3,run_0,19,left_hand,0
BNCI2014004,BNCI2014004,1140,BNCI2014004:1140,2,1,session_3,run_0,20,right_hand,1
BNCI2014004,BNCI2014004,1141,BNCI2014004:1141,2,1,session_3,run_0,21,left_hand,0
BNCI2014004,BNCI2014004,1142,BNCI2014004:1142,2,1,session_3,run_0,22,right_hand,1
BNCI2014004,BNCI2014004,1143,BNCI2014004:1143,2,1,session_3,run_0,23,right_hand,1
BNCI2014004,BNCI2014004,1144,BNCI2014004:1144,2,1,session_3,run_0,24,right_hand,1
BNCI2014004,BNCI2014004,1145,BNCI2014004:1145,2,1,session_3,run_0,25,left_hand,0
BNCI2014004,BNCI2014004,1146,BNCI2014004:1146,2,1,session_3,run_0,26,left_hand,0
BNCI2014004,BNCI2014004,1147,BNCI2014004:1147,2,1,session_3,run_0,27,right_hand,1
BNCI2014004,BNCI2014004,1148,BNCI2014004:1148,2,1,session_3,run_0,28,left_hand,0
BNCI2014004,BNCI2014004,1149,BNCI2014004:1149,2,1,session_3,run_0,29,left_hand,0
BNCI2014004,BNCI2014004,1150,BNCI2014004:1150,2,1,session_3,run_0,30,left_hand,0
BNCI2014004,BNCI2014004,1151,BNCI2014004:1151,2,1,session_3,run_0,31,left_hand,0
BNCI2014004,BNCI2014004,1152,BNCI2014004:1152,2,1,session_3,run_0,32,right_hand,1
BNCI2014004,BNCI2014004,1153,BNCI2014004:1153,2,1,session_3,run_0,33,left_hand,0
BNCI2014004,BNCI2014004,1154,BNCI2014004:1154,2,1,session_3,run_0,34,right_hand,1
BNCI2014004,BNCI2014004,1155,BNCI2014004:1155,2,1,session_3,run_0,35,right_hand,1
BNCI2014004,BNCI2014004,1156,BNCI2014004:1156,2,1,session_3,run_0,36,right_hand,1
BNCI2014004,BNCI2014004,1157,BNCI2014004:1157,2,1,session_3,run_0,37,right_hand,1
BNCI2014004,BNCI2014004,1158,BNCI2014004:1158,2,1,session_3,run_0,38,left_hand,0
BNCI2014004,BNCI2014004,1159,BNCI2014004:1159,2,1,session_3,run_0,39,left_hand,0
BNCI2014004,BNCI2014004,1160,BNCI2014004:1160,2,1,session_3,run_0,40,left_hand,0
BNCI2014004,BNCI2014004,1161,BNCI2014004:1161,2,1,session_3,run_0,41,right_hand,1
BNCI2014004,BNCI2014004,1162,BNCI2014004:1162,2,1,session_3,run_0,42,right_hand,1
BNCI2014004,BNCI2014004,1163,BNCI2014004:1163,2,1,session_3,run_0,43,left_hand,0
BNCI2014004,BNCI2014004,1164,BNCI2014004:1164,2,1,session_3,run_0,44,right_hand,1
BNCI2014004,BNCI2014004,1165,BNCI2014004:1165,2,1,session_3,run_0,45,left_hand,0
BNCI2014004,BNCI2014004,1166,BNCI2014004:1166,2,1,session_3,run_0,46,right_hand,1
BNCI2014004,BNCI2014004,1167,BNCI2014004:1167,2,1,session_3,run_0,47,left_hand,0
BNCI2014004,BNCI2014004,1168,BNCI2014004:1168,2,1,session_3,run_0,48,left_hand,0
BNCI2014004,BNCI2014004,1169,BNCI2014004:1169,2,1,session_3,run_0,49,right_hand,1
BNCI2014004,BNCI2014004,1170,BNCI2014004:1170,2,1,session_3,run_0,50,left_hand,0
BNCI2014004,BNCI2014004,1171,BNCI2014004:1171,2,1,session_3,run_0,51,left_hand,0
BNCI2014004,BNCI2014004,1172,BNCI2014004:1172,2,1,session_3,run_0,52,left_hand,0
BNCI2014004,BNCI2014004,1173,BNCI2014004:1173,2,1,session_3,run_0,53,left_hand,0
BNCI2014004,BNCI2014004,1174,BNCI2014004:1174,2,1,session_3,run_0,54,left_hand,0
BNCI2014004,BNCI2014004,1175,BNCI2014004:1175,2,1,session_3,run_0,55,left_hand,0
BNCI2014004,BNCI2014004,1176,BNCI2014004:1176,2,1,session_3,run_0,56,right_hand,1
BNCI2014004,BNCI2014004,1177,BNCI2014004:1177,2,1,session_3,run_0,57,right_hand,1
BNCI2014004,BNCI2014004,1178,BNCI2014004:1178,2,1,session_3,run_0,58,right_hand,1
BNCI2014004,BNCI2014004,1179,BNCI2014004:1179,2,1,session_3,run_0,59,right_hand,1
BNCI2014004,BNCI2014004,1180,BNCI2014004:1180,2,1,session_3,run_0,60,right_hand,1
BNCI2014004,BNCI2014004,1181,BNCI2014004:1181,2,1,session_3,run_0,61,left_hand,0
BNCI2014004,BNCI2014004,1182,BNCI2014004:1182,2,1,session_3,run_0,62,right_hand,1
BNCI2014004,BNCI2014004,1183,BNCI2014004:1183,2,1,session_3,run_0,63,right_hand,1
BNCI2014004,BNCI2014004,1184,BNCI2014004:1184,2,1,session_3,run_0,64,right_hand,1
BNCI2014004,BNCI2014004,1185,BNCI2014004:1185,2,1,session_3,run_0,65,left_hand,0
BNCI2014004,BNCI2014004,1186,BNCI2014004:1186,2,1,session_3,run_0,66,left_hand,0
BNCI2014004,BNCI2014004,1187,BNCI2014004:1187,2,1,session_3,run_0,67,right_hand,1
BNCI2014004,BNCI2014004,1188,BNCI2014004:1188,2,1,session_3,run_0,68,left_hand,0
BNCI2014004,BNCI2014004,1189,BNCI2014004:1189,2,1,session_3,run_0,69,left_hand,0
BNCI2014004,BNCI2014004,1190,BNCI2014004:1190,2,1,session_3,run_0,70,right_hand,1
BNCI2014004,BNCI2014004,1191,BNCI2014004:1191,2,1,session_3,run_0,71,left_hand,0
BNCI2014004,BNCI2014004,1192,BNCI2014004:1192,2,1,session_3,run_0,72,left_hand,0
BNCI2014004,BNCI2014004,1193,BNCI2014004:1193,2,1,session_3,run_0,73,left_hand,0
BNCI2014004,BNCI2014004,1194,BNCI2014004:1194,2,1,session_3,run_0,74,right_hand,1
BNCI2014004,BNCI2014004,1195,BNCI2014004:1195,2,1,session_3,run_0,75,right_hand,1
BNCI2014004,BNCI2014004,1196,BNCI2014004:1196,2,1,session_3,run_0,76,right_hand,1
BNCI2014004,BNCI2014004,1197,BNCI2014004:1197,2,1,session_3,run_0,77,left_hand,0
BNCI2014004,BNCI2014004,1198,BNCI2014004:1198,2,1,session_3,run_0,78,right_hand,1
BNCI2014004,BNCI2014004,1199,BNCI2014004:1199,2,1,session_3,run_0,79,right_hand,1
BNCI2014004,BNCI2014004,1200,BNCI2014004:1200,2,1,session_3,run_0,80,left_hand,0
BNCI2014004,BNCI2014004,1201,BNCI2014004:1201,2,1,session_3,run_0,81,left_hand,0
BNCI2014004,BNCI2014004,1202,BNCI2014004:1202,2,1,session_3,run_0,82,left_hand,0
BNCI2014004,BNCI2014004,1203,BNCI2014004:1203,2,1,session_3,run_0,83,left_hand,0
BNCI2014004,BNCI2014004,1204,BNCI2014004:1204,2,1,session_3,run_0,84,right_hand,1
BNCI2014004,BNCI2014004,1205,BNCI2014004:1205,2,1,session_3,run_0,85,left_hand,0
BNCI2014004,BNCI2014004,1206,BNCI2014004:1206,2,1,session_3,run_0,86,right_hand,1
BNCI2014004,BNCI2014004,1207,BNCI2014004:1207,2,1,session_3,run_0,87,left_hand,0
BNCI2014004,BNCI2014004,1208,BNCI2014004:1208,2,1,session_3,run_0,88,left_hand,0
BNCI2014004,BNCI2014004,1209,BNCI2014004:1209,2,1,session_3,run_0,89,right_hand,1
BNCI2014004,BNCI2014004,1210,BNCI2014004:1210,2,1,session_3,run_0,90,left_hand,0
BNCI2014004,BNCI2014004,1211,BNCI2014004:1211,2,1,session_3,run_0,91,left_hand,0
BNCI2014004,BNCI2014004,1212,BNCI2014004:1212,2,1,session_3,run_0,92,left_hand,0
BNCI2014004,BNCI2014004,1213,BNCI2014004:1213,2,1,session_3,run_0,93,left_hand,0
BNCI2014004,BNCI2014004,1214,BNCI2014004:1214,2,1,session_3,run_0,94,right_hand,1
BNCI2014004,BNCI2014004,1215,BNCI2014004:1215,2,1,session_3,run_0,95,right_hand,1
BNCI2014004,BNCI2014004,1216,BNCI2014004:1216,2,1,session_3,run_0,96,right_hand,1
BNCI2014004,BNCI2014004,1217,BNCI2014004:1217,2,1,session_3,run_0,97,right_hand,1
BNCI2014004,BNCI2014004,1218,BNCI2014004:1218,2,1,session_3,run_0,98,left_hand,0
BNCI2014004,BNCI2014004,1219,BNCI2014004:1219,2,1,session_3,run_0,99,right_hand,1
BNCI2014004,BNCI2014004,1220,BNCI2014004:1220,2,1,session_3,run_0,100,left_hand,0
BNCI2014004,BNCI2014004,1221,BNCI2014004:1221,2,1,session_3,run_0,101,right_hand,1
BNCI2014004,BNCI2014004,1222,BNCI2014004:1222,2,1,session_3,run_0,102,right_hand,1
BNCI2014004,BNCI2014004,1223,BNCI2014004:1223,2,1,session_3,run_0,103,left_hand,0
BNCI2014004,BNCI2014004,1224,BNCI2014004:1224,2,1,session_3,run_0,104,left_hand,0
BNCI2014004,BNCI2014004,1225,BNCI2014004:1225,2,1,session_3,run_0,105,left_hand,0
BNCI2014004,BNCI2014004,1226,BNCI2014004:1226,2,1,session_3,run_0,106,left_hand,0
BNCI2014004,BNCI2014004,1227,BNCI2014004:1227,2,1,session_3,run_0,107,left_hand,0
BNCI2014004,BNCI2014004,1228,BNCI2014004:1228,2,1,session_3,run_0,108,right_hand,1
BNCI2014004,BNCI2014004,1229,BNCI2014004:1229,2,1,session_3,run_0,109,right_hand,1
BNCI2014004,BNCI2014004,1230,BNCI2014004:1230,2,1,session_3,run_0,110,right_hand,1
BNCI2014004,BNCI2014004,1231,BNCI2014004:1231,2,1,session_3,run_0,111,right_hand,1
BNCI2014004,BNCI2014004,1232,BNCI2014004:1232,2,1,session_3,run_0,112,right_hand,1
BNCI2014004,BNCI2014004,1233,BNCI2014004:1233,2,1,session_3,run_0,113,right_hand,1
BNCI2014004,BNCI2014004,1234,BNCI2014004:1234,2,1,session_3,run_0,114,right_hand,1
BNCI2014004,BNCI2014004,1235,BNCI2014004:1235,2,1,session_3,run_0,115,right_hand,1
BNCI2014004,BNCI2014004,1236,BNCI2014004:1236,2,1,session_3,run_0,116,right_hand,1
BNCI2014004,BNCI2014004,1237,BNCI2014004:1237,2,1,session_3,run_0,117,left_hand,0
BNCI2014004,BNCI2014004,1238,BNCI2014004:1238,2,1,session_3,run_0,118,right_hand,1
BNCI2014004,BNCI2014004,1239,BNCI2014004:1239,2,1,session_3,run_0,119,left_hand,0
BNCI2014004,BNCI2014004,1800,BNCI2014004:1800,3,2,session_3,run_0,0,right_hand,1
BNCI2014004,BNCI2014004,1801,BNCI2014004:1801,3,2,session_3,run_0,1,right_hand,1
BNCI2014004,BNCI2014004,1802,BNCI2014004:1802,3,2,session_3,run_0,2,left_hand,0
BNCI2014004,BNCI2014004,1803,BNCI2014004:1803,3,2,session_3,run_0,3,right_hand,1
BNCI2014004,BNCI2014004,1804,BNCI2014004:1804,3,2,session_3,run_0,4,right_hand,1
BNCI2014004,BNCI2014004,1805,BNCI2014004:1805,3,2,session_3,run_0,5,right_hand,1
BNCI2014004,BNCI2014004,1806,BNCI2014004:1806,3,2,session_3,run_0,6,left_hand,0
BNCI2014004,BNCI2014004,1807,BNCI2014004:1807,3,2,session_3,run_0,7,right_hand,1
BNCI2014004,BNCI2014004,1808,BNCI2014004:1808,3,2,session_3,run_0,8,left_hand,0
BNCI2014004,BNCI2014004,1809,BNCI2014004:1809,3,2,session_3,run_0,9,right_hand,1
BNCI2014004,BNCI2014004,1810,BNCI2014004:1810,3,2,session_3,run_0,10,left_hand,0
BNCI2014004,BNCI2014004,1811,BNCI2014004:1811,3,2,session_3,run_0,11,right_hand,1
BNCI2014004,BNCI2014004,1812,BNCI2014004:1812,3,2,session_3,run_0,12,left_hand,0
BNCI2014004,BNCI2014004,1813,BNCI2014004:1813,3,2,session_3,run_0,13,right_hand,1
BNCI2014004,BNCI2014004,1814,BNCI2014004:1814,3,2,session_3,run_0,14,left_hand,0
BNCI2014004,BNCI2014004,1815,BNCI2014004:1815,3,2,session_3,run_0,15,left_hand,0
BNCI2014004,BNCI2014004,1816,BNCI2014004:1816,3,2,session_3,run_0,16,right_hand,1
BNCI2014004,BNCI2014004,1817,BNCI2014004:1817,3,2,session_3,run_0,17,right_hand,1
BNCI2014004,BNCI2014004,1818,BNCI2014004:1818,3,2,session_3,run_0,18,left_hand,0
BNCI2014004,BNCI2014004,1819,BNCI2014004:1819,3,2,session_3,run_0,19,left_hand,0
BNCI2014004,BNCI2014004,1820,BNCI2014004:1820,3,2,session_3,run_0,20,left_hand,0
BNCI2014004,BNCI2014004,1821,BNCI2014004:1821,3,2,session_3,run_0,21,left_hand,0
BNCI2014004,BNCI2014004,1822,BNCI2014004:1822,3,2,session_3,run_0,22,left_hand,0
BNCI2014004,BNCI2014004,1823,BNCI2014004:1823,3,2,session_3,run_0,23,right_hand,1
BNCI2014004,BNCI2014004,1824,BNCI2014004:1824,3,2,session_3,run_0,24,right_hand,1
BNCI2014004,BNCI2014004,1825,BNCI2014004:1825,3,2,session_3,run_0,25,left_hand,0
BNCI2014004,BNCI2014004,1826,BNCI2014004:1826,3,2,session_3,run_0,26,left_hand,0
BNCI2014004,BNCI2014004,1827,BNCI2014004:1827,3,2,session_3,run_0,27,left_hand,0
BNCI2014004,BNCI2014004,1828,BNCI2014004:1828,3,2,session_3,run_0,28,left_hand,0
BNCI2014004,BNCI2014004,1829,BNCI2014004:1829,3,2,session_3,run_0,29,right_hand,1
BNCI2014004,BNCI2014004,1830,BNCI2014004:1830,3,2,session_3,run_0,30,right_hand,1
BNCI2014004,BNCI2014004,1831,BNCI2014004:1831,3,2,session_3,run_0,31,right_hand,1
BNCI2014004,BNCI2014004,1832,BNCI2014004:1832,3,2,session_3,run_0,32,left_hand,0
BNCI2014004,BNCI2014004,1833,BNCI2014004:1833,3,2,session_3,run_0,33,left_hand,0
BNCI2014004,BNCI2014004,1834,BNCI2014004:1834,3,2,session_3,run_0,34,right_hand,1
BNCI2014004,BNCI2014004,1835,BNCI2014004:1835,3,2,session_3,run_0,35,left_hand,0
BNCI2014004,BNCI2014004,1836,BNCI2014004:1836,3,2,session_3,run_0,36,right_hand,1
BNCI2014004,BNCI2014004,1837,BNCI2014004:1837,3,2,session_3,run_0,37,right_hand,1
BNCI2014004,BNCI2014004,1838,BNCI2014004:1838,3,2,session_3,run_0,38,left_hand,0
BNCI2014004,BNCI2014004,1839,BNCI2014004:1839,3,2,session_3,run_0,39,right_hand,1
BNCI2014004,BNCI2014004,1840,BNCI2014004:1840,3,2,session_3,run_0,40,right_hand,1
BNCI2014004,BNCI2014004,1841,BNCI2014004:1841,3,2,session_3,run_0,41,left_hand,0
BNCI2014004,BNCI2014004,1842,BNCI2014004:1842,3,2,session_3,run_0,42,left_hand,0
BNCI2014004,BNCI2014004,1843,BNCI2014004:1843,3,2,session_3,run_0,43,left_hand,0
BNCI2014004,BNCI2014004,1844,BNCI2014004:1844,3,2,session_3,run_0,44,right_hand,1
BNCI2014004,BNCI2014004,1845,BNCI2014004:1845,3,2,session_3,run_0,45,left_hand,0
BNCI2014004,BNCI2014004,1846,BNCI2014004:1846,3,2,session_3,run_0,46,left_hand,0
BNCI2014004,BNCI2014004,1847,BNCI2014004:1847,3,2,session_3,run_0,47,right_hand,1
BNCI2014004,BNCI2014004,1848,BNCI2014004:1848,3,2,session_3,run_0,48,left_hand,0
BNCI2014004,BNCI2014004,1849,BNCI2014004:1849,3,2,session_3,run_0,49,right_hand,1
BNCI2014004,BNCI2014004,1850,BNCI2014004:1850,3,2,session_3,run_0,50,right_hand,1
BNCI2014004,BNCI2014004,1851,BNCI2014004:1851,3,2,session_3,run_0,51,left_hand,0
BNCI2014004,BNCI2014004,1852,BNCI2014004:1852,3,2,session_3,run_0,52,left_hand,0
BNCI2014004,BNCI2014004,1853,BNCI2014004:1853,3,2,session_3,run_0,53,right_hand,1
BNCI2014004,BNCI2014004,1854,BNCI2014004:1854,3,2,session_3,run_0,54,right_hand,1
BNCI2014004,BNCI2014004,1855,BNCI2014004:1855,3,2,session_3,run_0,55,right_hand,1
BNCI2014004,BNCI2014004,1856,BNCI2014004:1856,3,2,session_3,run_0,56,left_hand,0
BNCI2014004,BNCI2014004,1857,BNCI2014004:1857,3,2,session_3,run_0,57,right_hand,1
BNCI2014004,BNCI2014004,1858,BNCI2014004:1858,3,2,session_3,run_0,58,right_hand,1
BNCI2014004,BNCI2014004,1859,BNCI2014004:1859,3,2,session_3,run_0,59,left_hand,0
BNCI2014004,BNCI2014004,1860,BNCI2014004:1860,3,2,session_3,run_0,60,left_hand,0
BNCI2014004,BNCI2014004,1861,BNCI2014004:1861,3,2,session_3,run_0,61,left_hand,0
BNCI2014004,BNCI2014004,1862,BNCI2014004:1862,3,2,session_3,run_0,62,left_hand,0
BNCI2014004,BNCI2014004,1863,BNCI2014004:1863,3,2,session_3,run_0,63,left_hand,0
BNCI2014004,BNCI2014004,1864,BNCI2014004:1864,3,2,session_3,run_0,64,right_hand,1
BNCI2014004,BNCI2014004,1865,BNCI2014004:1865,3,2,session_3,run_0,65,right_hand,1
BNCI2014004,BNCI2014004,1866,BNCI2014004:1866,3,2,session_3,run_0,66,right_hand,1
BNCI2014004,BNCI2014004,1867,BNCI2014004:1867,3,2,session_3,run_0,67,right_hand,1
BNCI2014004,BNCI2014004,1868,BNCI2014004:1868,3,2,session_3,run_0,68,left_hand,0
BNCI2014004,BNCI2014004,1869,BNCI2014004:1869,3,2,session_3,run_0,69,right_hand,1
BNCI2014004,BNCI2014004,1870,BNCI2014004:1870,3,2,session_3,run_0,70,right_hand,1
BNCI2014004,BNCI2014004,1871,BNCI2014004:1871,3,2,session_3,run_0,71,right_hand,1
BNCI2014004,BNCI2014004,1872,BNCI2014004:1872,3,2,session_3,run_0,72,left_hand,0
BNCI2014004,BNCI2014004,1873,BNCI2014004:1873,3,2,session_3,run_0,73,left_hand,0
BNCI2014004,BNCI2014004,1874,BNCI2014004:1874,3,2,session_3,run_0,74,left_hand,0
BNCI2014004,BNCI2014004,1875,BNCI2014004:1875,3,2,session_3,run_0,75,right_hand,1
BNCI2014004,BNCI2014004,1876,BNCI2014004:1876,3,2,session_3,run_0,76,right_hand,1
BNCI2014004,BNCI2014004,1877,BNCI2014004:1877,3,2,session_3,run_0,77,left_hand,0
BNCI2014004,BNCI2014004,1878,BNCI2014004:1878,3,2,session_3,run_0,78,left_hand,0
BNCI2014004,BNCI2014004,1879,BNCI2014004:1879,3,2,session_3,run_0,79,right_hand,1
BNCI2014004,BNCI2014004,1880,BNCI2014004:1880,3,2,session_3,run_0,80,left_hand,0
BNCI2014004,BNCI2014004,1881,BNCI2014004:1881,3,2,session_3,run_0,81,left_hand,0
BNCI2014004,BNCI2014004,1882,BNCI2014004:1882,3,2,session_3,run_0,82,left_hand,0
BNCI2014004,BNCI2014004,1883,BNCI2014004:1883,3,2,session_3,run_0,83,left_hand,0
BNCI2014004,BNCI2014004,1884,BNCI2014004:1884,3,2,session_3,run_0,84,right_hand,1
BNCI2014004,BNCI2014004,1885,BNCI2014004:1885,3,2,session_3,run_0,85,right_hand,1
BNCI2014004,BNCI2014004,1886,BNCI2014004:1886,3,2,session_3,run_0,86,left_hand,0
BNCI2014004,BNCI2014004,1887,BNCI2014004:1887,3,2,session_3,run_0,87,right_hand,1
BNCI2014004,BNCI2014004,1888,BNCI2014004:1888,3,2,session_3,run_0,88,right_hand,1
BNCI2014004,BNCI2014004,1889,BNCI2014004:1889,3,2,session_3,run_0,89,right_hand,1
BNCI2014004,BNCI2014004,1890,BNCI2014004:1890,3,2,session_3,run_0,90,left_hand,0
BNCI2014004,BNCI2014004,1891,BNCI2014004:1891,3,2,session_3,run_0,91,right_hand,1
BNCI2014004,BNCI2014004,1892,BNCI2014004:1892,3,2,session_3,run_0,92,left_hand,0
BNCI2014004,BNCI2014004,1893,BNCI2014004:1893,3,2,session_3,run_0,93,left_hand,0
BNCI2014004,BNCI2014004,1894,BNCI2014004:1894,3,2,session_3,run_0,94,left_hand,0
BNCI2014004,BNCI2014004,1895,BNCI2014004:1895,3,2,session_3,run_0,95,right_hand,1
BNCI2014004,BNCI2014004,1896,BNCI2014004:1896,3,2,session_3,run_0,96,right_hand,1
BNCI2014004,BNCI2014004,1897,BNCI2014004:1897,3,2,session_3,run_0,97,right_hand,1
BNCI2014004,BNCI2014004,1898,BNCI2014004:1898,3,2,session_3,run_0,98,right_hand,1
BNCI2014004,BNCI2014004,1899,BNCI2014004:1899,3,2,session_3,run_0,99,left_hand,0
BNCI2014004,BNCI2014004,1900,BNCI2014004:1900,3,2,session_3,run_0,100,left_hand,0
BNCI2014004,BNCI2014004,1901,BNCI2014004:1901,3,2,session_3,run_0,101,right_hand,1
BNCI2014004,BNCI2014004,1902,BNCI2014004:1902,3,2,session_3,run_0,102,right_hand,1
BNCI2014004,BNCI2014004,1903,BNCI2014004:1903,3,2,session_3,run_0,103,right_hand,1
BNCI2014004,BNCI2014004,1904,BNCI2014004:1904,3,2,session_3,run_0,104,right_hand,1
BNCI2014004,BNCI2014004,1905,BNCI2014004:1905,3,2,session_3,run_0,105,left_hand,0
BNCI2014004,BNCI2014004,1906,BNCI2014004:1906,3,2,session_3,run_0,106,right_hand,1
BNCI2014004,BNCI2014004,1907,BNCI2014004:1907,3,2,session_3,run_0,107,right_hand,1
BNCI2014004,BNCI2014004,1908,BNCI2014004:1908,3,2,session_3,run_0,108,left_hand,0
BNCI2014004,BNCI2014004,1909,BNCI2014004:1909,3,2,session_3,run_0,109,left_hand,0
BNCI2014004,BNCI2014004,1910,BNCI2014004:1910,3,2,session_3,run_0,110,right_hand,1
BNCI2014004,BNCI2014004,1911,BNCI2014004:1911,3,2,session_3,run_0,111,left_hand,0
BNCI2014004,BNCI2014004,1912,BNCI2014004:1912,3,2,session_3,run_0,112,right_hand,1
BNCI2014004,BNCI2014004,1913,BNCI2014004:1913,3,2,session_3,run_0,113,right_hand,1
BNCI2014004,BNCI2014004,1914,BNCI2014004:1914,3,2,session_3,run_0,114,left_hand,0
BNCI2014004,BNCI2014004,1915,BNCI2014004:1915,3,2,session_3,run_0,115,left_hand,0
BNCI2014004,BNCI2014004,1916,BNCI2014004:1916,3,2,session_3,run_0,116,left_hand,0
BNCI2014004,BNCI2014004,1917,BNCI2014004:1917,3,2,session_3,run_0,117,right_hand,1
BNCI2014004,BNCI2014004,1918,BNCI2014004:1918,3,2,session_3,run_0,118,left_hand,0
BNCI2014004,BNCI2014004,1919,BNCI2014004:1919,3,2,session_3,run_0,119,left_hand,0
BNCI2014004,BNCI2014004,1920,BNCI2014004:1920,3,2,session_3,run_0,120,right_hand,1
BNCI2014004,BNCI2014004,1921,BNCI2014004:1921,3,2,session_3,run_0,121,left_hand,0
BNCI2014004,BNCI2014004,1922,BNCI2014004:1922,3,2,session_3,run_0,122,right_hand,1
BNCI2014004,BNCI2014004,1923,BNCI2014004:1923,3,2,session_3,run_0,123,right_hand,1
BNCI2014004,BNCI2014004,1924,BNCI2014004:1924,3,2,session_3,run_0,124,left_hand,0
BNCI2014004,BNCI2014004,1925,BNCI2014004:1925,3,2,session_3,run_0,125,right_hand,1
BNCI2014004,BNCI2014004,1926,BNCI2014004:1926,3,2,session_3,run_0,126,left_hand,0
BNCI2014004,BNCI2014004,1927,BNCI2014004:1927,3,2,session_3,run_0,127,right_hand,1
BNCI2014004,BNCI2014004,1928,BNCI2014004:1928,3,2,session_3,run_0,128,right_hand,1
BNCI2014004,BNCI2014004,1929,BNCI2014004:1929,3,2,session_3,run_0,129,right_hand,1
BNCI2014004,BNCI2014004,1930,BNCI2014004:1930,3,2,session_3,run_0,130,right_hand,1
BNCI2014004,BNCI2014004,1931,BNCI2014004:1931,3,2,session_3,run_0,131,left_hand,0
BNCI2014004,BNCI2014004,1932,BNCI2014004:1932,3,2,session_3,run_0,132,right_hand,1
BNCI2014004,BNCI2014004,1933,BNCI2014004:1933,3,2,session_3,run_0,133,right_hand,1
BNCI2014004,BNCI2014004,1934,BNCI2014004:1934,3,2,session_3,run_0,134,left_hand,0
BNCI2014004,BNCI2014004,1935,BNCI2014004:1935,3,2,session_3,run_0,135,left_hand,0
BNCI2014004,BNCI2014004,1936,BNCI2014004:1936,3,2,session_3,run_0,136,left_hand,0
BNCI2014004,BNCI2014004,1937,BNCI2014004:1937,3,2,session_3,run_0,137,right_hand,1
BNCI2014004,BNCI2014004,1938,BNCI2014004:1938,3,2,session_3,run_0,138,left_hand,0
BNCI2014004,BNCI2014004,1939,BNCI2014004:1939,3,2,session_3,run_0,139,right_hand,1
BNCI2014004,BNCI2014004,1940,BNCI2014004:1940,3,2,session_3,run_0,140,left_hand,0
BNCI2014004,BNCI2014004,1941,BNCI2014004:1941,3,2,session_3,run_0,141,right_hand,1
BNCI2014004,BNCI2014004,1942,BNCI2014004:1942,3,2,session_3,run_0,142,left_hand,0
BNCI2014004,BNCI2014004,1943,BNCI2014004:1943,3,2,session_3,run_0,143,right_hand,1
BNCI2014004,BNCI2014004,1944,BNCI2014004:1944,3,2,session_3,run_0,144,left_hand,0
BNCI2014004,BNCI2014004,1945,BNCI2014004:1945,3,2,session_3,run_0,145,right_hand,1
BNCI2014004,BNCI2014004,1946,BNCI2014004:1946,3,2,session_3,run_0,146,left_hand,0
BNCI2014004,BNCI2014004,1947,BNCI2014004:1947,3,2,session_3,run_0,147,left_hand,0
BNCI2014004,BNCI2014004,1948,BNCI2014004:1948,3,2,session_3,run_0,148,left_hand,0
BNCI2014004,BNCI2014004,1949,BNCI2014004:1949,3,2,session_3,run_0,149,left_hand,0
BNCI2014004,BNCI2014004,1950,BNCI2014004:1950,3,2,session_3,run_0,150,left_hand,0
BNCI2014004,BNCI2014004,1951,BNCI2014004:1951,3,2,session_3,run_0,151,right_hand,1
BNCI2014004,BNCI2014004,1952,BNCI2014004:1952,3,2,session_3,run_0,152,left_hand,0
BNCI2014004,BNCI2014004,1953,BNCI2014004:1953,3,2,session_3,run_0,153,right_hand,1
BNCI2014004,BNCI2014004,1954,BNCI2014004:1954,3,2,session_3,run_0,154,left_hand,0
BNCI2014004,BNCI2014004,1955,BNCI2014004:1955,3,2,session_3,run_0,155,left_hand,0
BNCI2014004,BNCI2014004,1956,BNCI2014004:1956,3,2,session_3,run_0,156,right_hand,1
BNCI2014004,BNCI2014004,1957,BNCI2014004:1957,3,2,session_3,run_0,157,right_hand,1
BNCI2014004,BNCI2014004,1958,BNCI2014004:1958,3,2,session_3,run_0,158,left_hand,0
BNCI2014004,BNCI2014004,1959,BNCI2014004:1959,3,2,session_3,run_0,159,right_hand,1
BNCI2014004,BNCI2014004,2540,BNCI2014004:2540,4,3,session_3,run_0,0,right_hand,1
BNCI2014004,BNCI2014004,2541,BNCI2014004:2541,4,3,session_3,run_0,1,left_hand,0
BNCI2014004,BNCI2014004,2542,BNCI2014004:2542,4,3,session_3,run_0,2,left_hand,0
BNCI2014004,BNCI2014004,2543,BNCI2014004:2543,4,3,session_3,run_0,3,right_hand,1
BNCI2014004,BNCI2014004,2544,BNCI2014004:2544,4,3,session_3,run_0,4,left_hand,0
BNCI2014004,BNCI2014004,2545,BNCI2014004:2545,4,3,session_3,run_0,5,right_hand,1
BNCI2014004,BNCI2014004,2546,BNCI2014004:2546,4,3,session_3,run_0,6,left_hand,0
BNCI2014004,BNCI2014004,2547,BNCI2014004:2547,4,3,session_3,run_0,7,left_hand,0
BNCI2014004,BNCI2014004,2548,BNCI2014004:2548,4,3,session_3,run_0,8,left_hand,0
BNCI2014004,BNCI2014004,2549,BNCI2014004:2549,4,3,session_3,run_0,9,right_hand,1
BNCI2014004,BNCI2014004,2550,BNCI2014004:2550,4,3,session_3,run_0,10,left_hand,0
BNCI2014004,BNCI2014004,2551,BNCI2014004:2551,4,3,session_3,run_0,11,right_hand,1
BNCI2014004,BNCI2014004,2552,BNCI2014004:2552,4,3,session_3,run_0,12,left_hand,0
BNCI2014004,BNCI2014004,2553,BNCI2014004:2553,4,3,session_3,run_0,13,right_hand,1
BNCI2014004,BNCI2014004,2554,BNCI2014004:2554,4,3,session_3,run_0,14,left_hand,0
BNCI2014004,BNCI2014004,2555,BNCI2014004:2555,4,3,session_3,run_0,15,right_hand,1
BNCI2014004,BNCI2014004,2556,BNCI2014004:2556,4,3,session_3,run_0,16,left_hand,0
BNCI2014004,BNCI2014004,2557,BNCI2014004:2557,4,3,session_3,run_0,17,right_hand,1
BNCI2014004,BNCI2014004,2558,BNCI2014004:2558,4,3,session_3,run_0,18,right_hand,1
BNCI2014004,BNCI2014004,2559,BNCI2014004:2559,4,3,session_3,run_0,19,right_hand,1
BNCI2014004,BNCI2014004,2560,BNCI2014004:2560,4,3,session_3,run_0,20,left_hand,0
BNCI2014004,BNCI2014004,2561,BNCI2014004:2561,4,3,session_3,run_0,21,left_hand,0
BNCI2014004,BNCI2014004,2562,BNCI2014004:2562,4,3,session_3,run_0,22,left_hand,0
BNCI2014004,BNCI2014004,2563,BNCI2014004:2563,4,3,session_3,run_0,23,right_hand,1
BNCI2014004,BNCI2014004,2564,BNCI2014004:2564,4,3,session_3,run_0,24,right_hand,1
BNCI2014004,BNCI2014004,2565,BNCI2014004:2565,4,3,session_3,run_0,25,left_hand,0
BNCI2014004,BNCI2014004,2566,BNCI2014004:2566,4,3,session_3,run_0,26,left_hand,0
BNCI2014004,BNCI2014004,2567,BNCI2014004:2567,4,3,session_3,run_0,27,right_hand,1
BNCI2014004,BNCI2014004,2568,BNCI2014004:2568,4,3,session_3,run_0,28,left_hand,0
BNCI2014004,BNCI2014004,2569,BNCI2014004:2569,4,3,session_3,run_0,29,right_hand,1
BNCI2014004,BNCI2014004,2570,BNCI2014004:2570,4,3,session_3,run_0,30,left_hand,0
BNCI2014004,BNCI2014004,2571,BNCI2014004:2571,4,3,session_3,run_0,31,right_hand,1
BNCI2014004,BNCI2014004,2572,BNCI2014004:2572,4,3,session_3,run_0,32,right_hand,1
BNCI2014004,BNCI2014004,2573,BNCI2014004:2573,4,3,session_3,run_0,33,right_hand,1
BNCI2014004,BNCI2014004,2574,BNCI2014004:2574,4,3,session_3,run_0,34,left_hand,0
BNCI2014004,BNCI2014004,2575,BNCI2014004:2575,4,3,session_3,run_0,35,right_hand,1
BNCI2014004,BNCI2014004,2576,BNCI2014004:2576,4,3,session_3,run_0,36,left_hand,0
BNCI2014004,BNCI2014004,2577,BNCI2014004:2577,4,3,session_3,run_0,37,right_hand,1
BNCI2014004,BNCI2014004,2578,BNCI2014004:2578,4,3,session_3,run_0,38,right_hand,1
BNCI2014004,BNCI2014004,2579,BNCI2014004:2579,4,3,session_3,run_0,39,left_hand,0
BNCI2014004,BNCI2014004,2580,BNCI2014004:2580,4,3,session_3,run_0,40,right_hand,1
BNCI2014004,BNCI2014004,2581,BNCI2014004:2581,4,3,session_3,run_0,41,left_hand,0
BNCI2014004,BNCI2014004,2582,BNCI2014004:2582,4,3,session_3,run_0,42,right_hand,1
BNCI2014004,BNCI2014004,2583,BNCI2014004:2583,4,3,session_3,run_0,43,right_hand,1
BNCI2014004,BNCI2014004,2584,BNCI2014004:2584,4,3,session_3,run_0,44,left_hand,0
BNCI2014004,BNCI2014004,2585,BNCI2014004:2585,4,3,session_3,run_0,45,right_hand,1
BNCI2014004,BNCI2014004,2586,BNCI2014004:2586,4,3,session_3,run_0,46,left_hand,0
BNCI2014004,BNCI2014004,2587,BNCI2014004:2587,4,3,session_3,run_0,47,left_hand,0
BNCI2014004,BNCI2014004,2588,BNCI2014004:2588,4,3,session_3,run_0,48,right_hand,1
BNCI2014004,BNCI2014004,2589,BNCI2014004:2589,4,3,session_3,run_0,49,left_hand,0
BNCI2014004,BNCI2014004,2590,BNCI2014004:2590,4,3,session_3,run_0,50,left_hand,0
BNCI2014004,BNCI2014004,2591,BNCI2014004:2591,4,3,session_3,run_0,51,right_hand,1
BNCI2014004,BNCI2014004,2592,BNCI2014004:2592,4,3,session_3,run_0,52,right_hand,1
BNCI2014004,BNCI2014004,2593,BNCI2014004:2593,4,3,session_3,run_0,53,right_hand,1
BNCI2014004,BNCI2014004,2594,BNCI2014004:2594,4,3,session_3,run_0,54,left_hand,0
BNCI2014004,BNCI2014004,2595,BNCI2014004:2595,4,3,session_3,run_0,55,right_hand,1
BNCI2014004,BNCI2014004,2596,BNCI2014004:2596,4,3,session_3,run_0,56,right_hand,1
BNCI2014004,BNCI2014004,2597,BNCI2014004:2597,4,3,session_3,run_0,57,left_hand,0
BNCI2014004,BNCI2014004,2598,BNCI2014004:2598,4,3,session_3,run_0,58,left_hand,0
BNCI2014004,BNCI2014004,2599,BNCI2014004:2599,4,3,session_3,run_0,59,left_hand,0
BNCI2014004,BNCI2014004,2600,BNCI2014004:2600,4,3,session_3,run_0,60,left_hand,0
BNCI2014004,BNCI2014004,2601,BNCI2014004:2601,4,3,session_3,run_0,61,left_hand,0
BNCI2014004,BNCI2014004,2602,BNCI2014004:2602,4,3,session_3,run_0,62,left_hand,0
BNCI2014004,BNCI2014004,2603,BNCI2014004:2603,4,3,session_3,run_0,63,left_hand,0
BNCI2014004,BNCI2014004,2604,BNCI2014004:2604,4,3,session_3,run_0,64,right_hand,1
BNCI2014004,BNCI2014004,2605,BNCI2014004:2605,4,3,session_3,run_0,65,left_hand,0
BNCI2014004,BNCI2014004,2606,BNCI2014004:2606,4,3,session_3,run_0,66,right_hand,1
BNCI2014004,BNCI2014004,2607,BNCI2014004:2607,4,3,session_3,run_0,67,right_hand,1
BNCI2014004,BNCI2014004,2608,BNCI2014004:2608,4,3,session_3,run_0,68,left_hand,0
BNCI2014004,BNCI2014004,2609,BNCI2014004:2609,4,3,session_3,run_0,69,right_hand,1
BNCI2014004,BNCI2014004,2610,BNCI2014004:2610,4,3,session_3,run_0,70,right_hand,1
BNCI2014004,BNCI2014004,2611,BNCI2014004:2611,4,3,session_3,run_0,71,left_hand,0
BNCI2014004,BNCI2014004,2612,BNCI2014004:2612,4,3,session_3,run_0,72,right_hand,1
BNCI2014004,BNCI2014004,2613,BNCI2014004:2613,4,3,session_3,run_0,73,left_hand,0
BNCI2014004,BNCI2014004,2614,BNCI2014004:2614,4,3,session_3,run_0,74,right_hand,1
BNCI2014004,BNCI2014004,2615,BNCI2014004:2615,4,3,session_3,run_0,75,right_hand,1
BNCI2014004,BNCI2014004,2616,BNCI2014004:2616,4,3,session_3,run_0,76,left_hand,0
BNCI2014004,BNCI2014004,2617,BNCI2014004:2617,4,3,session_3,run_0,77,left_hand,0
BNCI2014004,BNCI2014004,2618,BNCI2014004:2618,4,3,session_3,run_0,78,right_hand,1
BNCI2014004,BNCI2014004,2619,BNCI2014004:2619,4,3,session_3,run_0,79,right_hand,1
BNCI2014004,BNCI2014004,2620,BNCI2014004:2620,4,3,session_3,run_0,80,left_hand,0
BNCI2014004,BNCI2014004,2621,BNCI2014004:2621,4,3,session_3,run_0,81,left_hand,0
BNCI2014004,BNCI2014004,2622,BNCI2014004:2622,4,3,session_3,run_0,82,right_hand,1
BNCI2014004,BNCI2014004,2623,BNCI2014004:2623,4,3,session_3,run_0,83,left_hand,0
BNCI2014004,BNCI2014004,2624,BNCI2014004:2624,4,3,session_3,run_0,84,left_hand,0
BNCI2014004,BNCI2014004,2625,BNCI2014004:2625,4,3,session_3,run_0,85,left_hand,0
BNCI2014004,BNCI2014004,2626,BNCI2014004:2626,4,3,session_3,run_0,86,right_hand,1
BNCI2014004,BNCI2014004,2627,BNCI2014004:2627,4,3,session_3,run_0,87,right_hand,1
BNCI2014004,BNCI2014004,2628,BNCI2014004:2628,4,3,session_3,run_0,88,right_hand,1
BNCI2014004,BNCI2014004,2629,BNCI2014004:2629,4,3,session_3,run_0,89,left_hand,0
BNCI2014004,BNCI2014004,2630,BNCI2014004:2630,4,3,session_3,run_0,90,right_hand,1
BNCI2014004,BNCI2014004,2631,BNCI2014004:2631,4,3,session_3,run_0,91,right_hand,1
BNCI2014004,BNCI2014004,2632,BNCI2014004:2632,4,3,session_3,run_0,92,left_hand,0
BNCI2014004,BNCI2014004,2633,BNCI2014004:2633,4,3,session_3,run_0,93,left_hand,0
BNCI2014004,BNCI2014004,2634,BNCI2014004:2634,4,3,session_3,run_0,94,right_hand,1
BNCI2014004,BNCI2014004,2635,BNCI2014004:2635,4,3,session_3,run_0,95,left_hand,0
BNCI2014004,BNCI2014004,2636,BNCI2014004:2636,4,3,session_3,run_0,96,right_hand,1
BNCI2014004,BNCI2014004,2637,BNCI2014004:2637,4,3,session_3,run_0,97,right_hand,1
BNCI2014004,BNCI2014004,2638,BNCI2014004:2638,4,3,session_3,run_0,98,left_hand,0
BNCI2014004,BNCI2014004,2639,BNCI2014004:2639,4,3,session_3,run_0,99,left_hand,0
BNCI2014004,BNCI2014004,2640,BNCI2014004:2640,4,3,session_3,run_0,100,left_hand,0
BNCI2014004,BNCI2014004,2641,BNCI2014004:2641,4,3,session_3,run_0,101,left_hand,0
BNCI2014004,BNCI2014004,2642,BNCI2014004:2642,4,3,session_3,run_0,102,left_hand,0
BNCI2014004,BNCI2014004,2643,BNCI2014004:2643,4,3,session_3,run_0,103,right_hand,1
BNCI2014004,BNCI2014004,2644,BNCI2014004:2644,4,3,session_3,run_0,104,right_hand,1
BNCI2014004,BNCI2014004,2645,BNCI2014004:2645,4,3,session_3,run_0,105,right_hand,1
BNCI2014004,BNCI2014004,2646,BNCI2014004:2646,4,3,session_3,run_0,106,right_hand,1
BNCI2014004,BNCI2014004,2647,BNCI2014004:2647,4,3,session_3,run_0,107,right_hand,1
BNCI2014004,BNCI2014004,2648,BNCI2014004:2648,4,3,session_3,run_0,108,left_hand,0
BNCI2014004,BNCI2014004,2649,BNCI2014004:2649,4,3,session_3,run_0,109,left_hand,0
BNCI2014004,BNCI2014004,2650,BNCI2014004:2650,4,3,session_3,run_0,110,right_hand,1
BNCI2014004,BNCI2014004,2651,BNCI2014004:2651,4,3,session_3,run_0,111,left_hand,0
BNCI2014004,BNCI2014004,2652,BNCI2014004:2652,4,3,session_3,run_0,112,right_hand,1
BNCI2014004,BNCI2014004,2653,BNCI2014004:2653,4,3,session_3,run_0,113,left_hand,0
BNCI2014004,BNCI2014004,2654,BNCI2014004:2654,4,3,session_3,run_0,114,right_hand,1
BNCI2014004,BNCI2014004,2655,BNCI2014004:2655,4,3,session_3,run_0,115,right_hand,1
BNCI2014004,BNCI2014004,2656,BNCI2014004:2656,4,3,session_3,run_0,116,right_hand,1
BNCI2014004,BNCI2014004,2657,BNCI2014004:2657,4,3,session_3,run_0,117,left_hand,0
BNCI2014004,BNCI2014004,2658,BNCI2014004:2658,4,3,session_3,run_0,118,right_hand,1
BNCI2014004,BNCI2014004,2659,BNCI2014004:2659,4,3,session_3,run_0,119,left_hand,0
BNCI2014004,BNCI2014004,2660,BNCI2014004:2660,4,3,session_3,run_0,120,right_hand,1
BNCI2014004,BNCI2014004,2661,BNCI2014004:2661,4,3,session_3,run_0,121,left_hand,0
BNCI2014004,BNCI2014004,2662,BNCI2014004:2662,4,3,session_3,run_0,122,right_hand,1
BNCI2014004,BNCI2014004,2663,BNCI2014004:2663,4,3,session_3,run_0,123,right_hand,1
BNCI2014004,BNCI2014004,2664,BNCI2014004:2664,4,3,session_3,run_0,124,right_hand,1
BNCI2014004,BNCI2014004,2665,BNCI2014004:2665,4,3,session_3,run_0,125,left_hand,0
BNCI2014004,BNCI2014004,2666,BNCI2014004:2666,4,3,session_3,run_0,126,left_hand,0
BNCI2014004,BNCI2014004,2667,BNCI2014004:2667,4,3,session_3,run_0,127,right_hand,1
BNCI2014004,BNCI2014004,2668,BNCI2014004:2668,4,3,session_3,run_0,128,left_hand,0
BNCI2014004,BNCI2014004,2669,BNCI2014004:2669,4,3,session_3,run_0,129,right_hand,1
BNCI2014004,BNCI2014004,2670,BNCI2014004:2670,4,3,session_3,run_0,130,left_hand,0
BNCI2014004,BNCI2014004,2671,BNCI2014004:2671,4,3,session_3,run_0,131,right_hand,1
BNCI2014004,BNCI2014004,2672,BNCI2014004:2672,4,3,session_3,run_0,132,left_hand,0
BNCI2014004,BNCI2014004,2673,BNCI2014004:2673,4,3,session_3,run_0,133,right_hand,1
BNCI2014004,BNCI2014004,2674,BNCI2014004:2674,4,3,session_3,run_0,134,right_hand,1
BNCI2014004,BNCI2014004,2675,BNCI2014004:2675,4,3,session_3,run_0,135,right_hand,1
BNCI2014004,BNCI2014004,2676,BNCI2014004:2676,4,3,session_3,run_0,136,right_hand,1
BNCI2014004,BNCI2014004,2677,BNCI2014004:2677,4,3,session_3,run_0,137,left_hand,0
BNCI2014004,BNCI2014004,2678,BNCI2014004:2678,4,3,session_3,run_0,138,left_hand,0
BNCI2014004,BNCI2014004,2679,BNCI2014004:2679,4,3,session_3,run_0,139,right_hand,1
BNCI2014004,BNCI2014004,2680,BNCI2014004:2680,4,3,session_3,run_0,140,left_hand,0
BNCI2014004,BNCI2014004,2681,BNCI2014004:2681,4,3,session_3,run_0,141,left_hand,0
BNCI2014004,BNCI2014004,2682,BNCI2014004:2682,4,3,session_3,run_0,142,right_hand,1
BNCI2014004,BNCI2014004,2683,BNCI2014004:2683,4,3,session_3,run_0,143,left_hand,0
BNCI2014004,BNCI2014004,2684,BNCI2014004:2684,4,3,session_3,run_0,144,right_hand,1
BNCI2014004,BNCI2014004,2685,BNCI2014004:2685,4,3,session_3,run_0,145,left_hand,0
BNCI2014004,BNCI2014004,2686,BNCI2014004:2686,4,3,session_3,run_0,146,right_hand,1
BNCI2014004,BNCI2014004,2687,BNCI2014004:2687,4,3,session_3,run_0,147,left_hand,0
BNCI2014004,BNCI2014004,2688,BNCI2014004:2688,4,3,session_3,run_0,148,right_hand,1
BNCI2014004,BNCI2014004,2689,BNCI2014004:2689,4,3,session_3,run_0,149,left_hand,0
BNCI2014004,BNCI2014004,2690,BNCI2014004:2690,4,3,session_3,run_0,150,left_hand,0
BNCI2014004,BNCI2014004,2691,BNCI2014004:2691,4,3,session_3,run_0,151,left_hand,0
BNCI2014004,BNCI2014004,2692,BNCI2014004:2692,4,3,session_3,run_0,152,left_hand,0
BNCI2014004,BNCI2014004,2693,BNCI2014004:2693,4,3,session_3,run_0,153,right_hand,1
BNCI2014004,BNCI2014004,2694,BNCI2014004:2694,4,3,session_3,run_0,154,right_hand,1
BNCI2014004,BNCI2014004,2695,BNCI2014004:2695,4,3,session_3,run_0,155,left_hand,0
BNCI2014004,BNCI2014004,2696,BNCI2014004:2696,4,3,session_3,run_0,156,left_hand,0
BNCI2014004,BNCI2014004,2697,BNCI2014004:2697,4,3,session_3,run_0,157,right_hand,1
BNCI2014004,BNCI2014004,2698,BNCI2014004:2698,4,3,session_3,run_0,158,right_hand,1
BNCI2014004,BNCI2014004,2699,BNCI2014004:2699,4,3,session_3,run_0,159,left_hand,0
BNCI2014004,BNCI2014004,3280,BNCI2014004:3280,5,4,session_3,run_0,0,left_hand,0
BNCI2014004,BNCI2014004,3281,BNCI2014004:3281,5,4,session_3,run_0,1,right_hand,1
BNCI2014004,BNCI2014004,3282,BNCI2014004:3282,5,4,session_3,run_0,2,left_hand,0
BNCI2014004,BNCI2014004,3283,BNCI2014004:3283,5,4,session_3,run_0,3,left_hand,0
BNCI2014004,BNCI2014004,3284,BNCI2014004:3284,5,4,session_3,run_0,4,left_hand,0
BNCI2014004,BNCI2014004,3285,BNCI2014004:3285,5,4,session_3,run_0,5,right_hand,1
BNCI2014004,BNCI2014004,3286,BNCI2014004:3286,5,4,session_3,run_0,6,left_hand,0
BNCI2014004,BNCI2014004,3287,BNCI2014004:3287,5,4,session_3,run_0,7,right_hand,1
BNCI2014004,BNCI2014004,3288,BNCI2014004:3288,5,4,session_3,run_0,8,left_hand,0
BNCI2014004,BNCI2014004,3289,BNCI2014004:3289,5,4,session_3,run_0,9,right_hand,1
BNCI2014004,BNCI2014004,3290,BNCI2014004:3290,5,4,session_3,run_0,10,right_hand,1
BNCI2014004,BNCI2014004,3291,BNCI2014004:3291,5,4,session_3,run_0,11,left_hand,0
BNCI2014004,BNCI2014004,3292,BNCI2014004:3292,5,4,session_3,run_0,12,right_hand,1
BNCI2014004,BNCI2014004,3293,BNCI2014004:3293,5,4,session_3,run_0,13,right_hand,1
BNCI2014004,BNCI2014004,3294,BNCI2014004:3294,5,4,session_3,run_0,14,left_hand,0
BNCI2014004,BNCI2014004,3295,BNCI2014004:3295,5,4,session_3,run_0,15,right_hand,1
BNCI2014004,BNCI2014004,3296,BNCI2014004:3296,5,4,session_3,run_0,16,left_hand,0
BNCI2014004,BNCI2014004,3297,BNCI2014004:3297,5,4,session_3,run_0,17,left_hand,0
BNCI2014004,BNCI2014004,3298,BNCI2014004:3298,5,4,session_3,run_0,18,left_hand,0
BNCI2014004,BNCI2014004,3299,BNCI2014004:3299,5,4,session_3,run_0,19,right_hand,1
BNCI2014004,BNCI2014004,3300,BNCI2014004:3300,5,4,session_3,run_0,20,left_hand,0
BNCI2014004,BNCI2014004,3301,BNCI2014004:3301,5,4,session_3,run_0,21,left_hand,0
BNCI2014004,BNCI2014004,3302,BNCI2014004:3302,5,4,session_3,run_0,22,right_hand,1
BNCI2014004,BNCI2014004,3303,BNCI2014004:3303,5,4,session_3,run_0,23,right_hand,1
BNCI2014004,BNCI2014004,3304,BNCI2014004:3304,5,4,session_3,run_0,24,right_hand,1
BNCI2014004,BNCI2014004,3305,BNCI2014004:3305,5,4,session_3,run_0,25,left_hand,0
BNCI2014004,BNCI2014004,3306,BNCI2014004:3306,5,4,session_3,run_0,26,right_hand,1
BNCI2014004,BNCI2014004,3307,BNCI2014004:3307,5,4,session_3,run_0,27,left_hand,0
BNCI2014004,BNCI2014004,3308,BNCI2014004:3308,5,4,session_3,run_0,28,right_hand,1
BNCI2014004,BNCI2014004,3309,BNCI2014004:3309,5,4,session_3,run_0,29,right_hand,1
BNCI2014004,BNCI2014004,3310,BNCI2014004:3310,5,4,session_3,run_0,30,left_hand,0
BNCI2014004,BNCI2014004,3311,BNCI2014004:3311,5,4,session_3,run_0,31,right_hand,1
BNCI2014004,BNCI2014004,3312,BNCI2014004:3312,5,4,session_3,run_0,32,left_hand,0
BNCI2014004,BNCI2014004,3313,BNCI2014004:3313,5,4,session_3,run_0,33,right_hand,1
BNCI2014004,BNCI2014004,3314,BNCI2014004:3314,5,4,session_3,run_0,34,right_hand,1
BNCI2014004,BNCI2014004,3315,BNCI2014004:3315,5,4,session_3,run_0,35,right_hand,1
BNCI2014004,BNCI2014004,3316,BNCI2014004:3316,5,4,session_3,run_0,36,left_hand,0
BNCI2014004,BNCI2014004,3317,BNCI2014004:3317,5,4,session_3,run_0,37,left_hand,0
BNCI2014004,BNCI2014004,3318,BNCI2014004:3318,5,4,session_3,run_0,38,right_hand,1
BNCI2014004,BNCI2014004,3319,BNCI2014004:3319,5,4,session_3,run_0,39,left_hand,0
BNCI2014004,BNCI2014004,3320,BNCI2014004:3320,5,4,session_3,run_0,40,right_hand,1
BNCI2014004,BNCI2014004,3321,BNCI2014004:3321,5,4,session_3,run_0,41,left_hand,0
BNCI2014004,BNCI2014004,3322,BNCI2014004:3322,5,4,session_3,run_0,42,right_hand,1
BNCI2014004,BNCI2014004,3323,BNCI2014004:3323,5,4,session_3,run_0,43,left_hand,0
BNCI2014004,BNCI2014004,3324,BNCI2014004:3324,5,4,session_3,run_0,44,right_hand,1
BNCI2014004,BNCI2014004,3325,BNCI2014004:3325,5,4,session_3,run_0,45,right_hand,1
BNCI2014004,BNCI2014004,3326,BNCI2014004:3326,5,4,session_3,run_0,46,left_hand,0
BNCI2014004,BNCI2014004,3327,BNCI2014004:3327,5,4,session_3,run_0,47,left_hand,0
BNCI2014004,BNCI2014004,3328,BNCI2014004:3328,5,4,session_3,run_0,48,right_hand,1
BNCI2014004,BNCI2014004,3329,BNCI2014004:3329,5,4,session_3,run_0,49,left_hand,0
BNCI2014004,BNCI2014004,3330,BNCI2014004:3330,5,4,session_3,run_0,50,left_hand,0
BNCI2014004,BNCI2014004,3331,BNCI2014004:3331,5,4,session_3,run_0,51,right_hand,1
BNCI2014004,BNCI2014004,3332,BNCI2014004:3332,5,4,session_3,run_0,52,right_hand,1
BNCI2014004,BNCI2014004,3333,BNCI2014004:3333,5,4,session_3,run_0,53,right_hand,1
BNCI2014004,BNCI2014004,3334,BNCI2014004:3334,5,4,session_3,run_0,54,right_hand,1
BNCI2014004,BNCI2014004,3335,BNCI2014004:3335,5,4,session_3,run_0,55,right_hand,1
BNCI2014004,BNCI2014004,3336,BNCI2014004:3336,5,4,session_3,run_0,56,right_hand,1
BNCI2014004,BNCI2014004,3337,BNCI2014004:3337,5,4,session_3,run_0,57,right_hand,1
BNCI2014004,BNCI2014004,3338,BNCI2014004:3338,5,4,session_3,run_0,58,right_hand,1
BNCI2014004,BNCI2014004,3339,BNCI2014004:3339,5,4,session_3,run_0,59,left_hand,0
BNCI2014004,BNCI2014004,3340,BNCI2014004:3340,5,4,session_3,run_0,60,left_hand,0
BNCI2014004,BNCI2014004,3341,BNCI2014004:3341,5,4,session_3,run_0,61,right_hand,1
BNCI2014004,BNCI2014004,3342,BNCI2014004:3342,5,4,session_3,run_0,62,left_hand,0
BNCI2014004,BNCI2014004,3343,BNCI2014004:3343,5,4,session_3,run_0,63,left_hand,0
BNCI2014004,BNCI2014004,3344,BNCI2014004:3344,5,4,session_3,run_0,64,left_hand,0
BNCI2014004,BNCI2014004,3345,BNCI2014004:3345,5,4,session_3,run_0,65,right_hand,1
BNCI2014004,BNCI2014004,3346,BNCI2014004:3346,5,4,session_3,run_0,66,right_hand,1
BNCI2014004,BNCI2014004,3347,BNCI2014004:3347,5,4,session_3,run_0,67,right_hand,1
BNCI2014004,BNCI2014004,3348,BNCI2014004:3348,5,4,session_3,run_0,68,right_hand,1
BNCI2014004,BNCI2014004,3349,BNCI2014004:3349,5,4,session_3,run_0,69,left_hand,0
BNCI2014004,BNCI2014004,3350,BNCI2014004:3350,5,4,session_3,run_0,70,left_hand,0
BNCI2014004,BNCI2014004,3351,BNCI2014004:3351,5,4,session_3,run_0,71,left_hand,0
BNCI2014004,BNCI2014004,3352,BNCI2014004:3352,5,4,session_3,run_0,72,left_hand,0
BNCI2014004,BNCI2014004,3353,BNCI2014004:3353,5,4,session_3,run_0,73,left_hand,0
BNCI2014004,BNCI2014004,3354,BNCI2014004:3354,5,4,session_3,run_0,74,left_hand,0
BNCI2014004,BNCI2014004,3355,BNCI2014004:3355,5,4,session_3,run_0,75,left_hand,0
BNCI2014004,BNCI2014004,3356,BNCI2014004:3356,5,4,session_3,run_0,76,left_hand,0
BNCI2014004,BNCI2014004,3357,BNCI2014004:3357,5,4,session_3,run_0,77,left_hand,0
BNCI2014004,BNCI2014004,3358,BNCI2014004:3358,5,4,session_3,run_0,78,right_hand,1
BNCI2014004,BNCI2014004,3359,BNCI2014004:3359,5,4,session_3,run_0,79,right_hand,1
BNCI2014004,BNCI2014004,3360,BNCI2014004:3360,5,4,session_3,run_0,80,right_hand,1
BNCI2014004,BNCI2014004,3361,BNCI2014004:3361,5,4,session_3,run_0,81,left_hand,0
BNCI2014004,BNCI2014004,3362,BNCI2014004:3362,5,4,session_3,run_0,82,right_hand,1
BNCI2014004,BNCI2014004,3363,BNCI2014004:3363,5,4,session_3,run_0,83,left_hand,0
BNCI2014004,BNCI2014004,3364,BNCI2014004:3364,5,4,session_3,run_0,84,right_hand,1
BNCI2014004,BNCI2014004,3365,BNCI2014004:3365,5,4,session_3,run_0,85,left_hand,0
BNCI2014004,BNCI2014004,3366,BNCI2014004:3366,5,4,session_3,run_0,86,right_hand,1
BNCI2014004,BNCI2014004,3367,BNCI2014004:3367,5,4,session_3,run_0,87,right_hand,1
BNCI2014004,BNCI2014004,3368,BNCI2014004:3368,5,4,session_3,run_0,88,left_hand,0
BNCI2014004,BNCI2014004,3369,BNCI2014004:3369,5,4,session_3,run_0,89,left_hand,0
BNCI2014004,BNCI2014004,3370,BNCI2014004:3370,5,4,session_3,run_0,90,left_hand,0
BNCI2014004,BNCI2014004,3371,BNCI2014004:3371,5,4,session_3,run_0,91,left_hand,0
BNCI2014004,BNCI2014004,3372,BNCI2014004:3372,5,4,session_3,run_0,92,left_hand,0
BNCI2014004,BNCI2014004,3373,BNCI2014004:3373,5,4,session_3,run_0,93,right_hand,1
BNCI2014004,BNCI2014004,3374,BNCI2014004:3374,5,4,session_3,run_0,94,right_hand,1
BNCI2014004,BNCI2014004,3375,BNCI2014004:3375,5,4,session_3,run_0,95,right_hand,1
BNCI2014004,BNCI2014004,3376,BNCI2014004:3376,5,4,session_3,run_0,96,left_hand,0
BNCI2014004,BNCI2014004,3377,BNCI2014004:3377,5,4,session_3,run_0,97,left_hand,0
BNCI2014004,BNCI2014004,3378,BNCI2014004:3378,5,4,session_3,run_0,98,right_hand,1
BNCI2014004,BNCI2014004,3379,BNCI2014004:3379,5,4,session_3,run_0,99,right_hand,1
BNCI2014004,BNCI2014004,3380,BNCI2014004:3380,5,4,session_3,run_0,100,left_hand,0
BNCI2014004,BNCI2014004,3381,BNCI2014004:3381,5,4,session_3,run_0,101,right_hand,1
BNCI2014004,BNCI2014004,3382,BNCI2014004:3382,5,4,session_3,run_0,102,left_hand,0
BNCI2014004,BNCI2014004,3383,BNCI2014004:3383,5,4,session_3,run_0,103,left_hand,0
BNCI2014004,BNCI2014004,3384,BNCI2014004:3384,5,4,session_3,run_0,104,right_hand,1
BNCI2014004,BNCI2014004,3385,BNCI2014004:3385,5,4,session_3,run_0,105,left_hand,0
BNCI2014004,BNCI2014004,3386,BNCI2014004:3386,5,4,session_3,run_0,106,left_hand,0
BNCI2014004,BNCI2014004,3387,BNCI2014004:3387,5,4,session_3,run_0,107,right_hand,1
BNCI2014004,BNCI2014004,3388,BNCI2014004:3388,5,4,session_3,run_0,108,left_hand,0
BNCI2014004,BNCI2014004,3389,BNCI2014004:3389,5,4,session_3,run_0,109,right_hand,1
BNCI2014004,BNCI2014004,3390,BNCI2014004:3390,5,4,session_3,run_0,110,right_hand,1
BNCI2014004,BNCI2014004,3391,BNCI2014004:3391,5,4,session_3,run_0,111,right_hand,1
BNCI2014004,BNCI2014004,3392,BNCI2014004:3392,5,4,session_3,run_0,112,right_hand,1
BNCI2014004,BNCI2014004,3393,BNCI2014004:3393,5,4,session_3,run_0,113,left_hand,0
BNCI2014004,BNCI2014004,3394,BNCI2014004:3394,5,4,session_3,run_0,114,left_hand,0
BNCI2014004,BNCI2014004,3395,BNCI2014004:3395,5,4,session_3,run_0,115,right_hand,1
BNCI2014004,BNCI2014004,3396,BNCI2014004:3396,5,4,session_3,run_0,116,left_hand,0
BNCI2014004,BNCI2014004,3397,BNCI2014004:3397,5,4,session_3,run_0,117,left_hand,0
BNCI2014004,BNCI2014004,3398,BNCI2014004:3398,5,4,session_3,run_0,118,right_hand,1
BNCI2014004,BNCI2014004,3399,BNCI2014004:3399,5,4,session_3,run_0,119,right_hand,1
BNCI2014004,BNCI2014004,3400,BNCI2014004:3400,5,4,session_3,run_0,120,left_hand,0
BNCI2014004,BNCI2014004,3401,BNCI2014004:3401,5,4,session_3,run_0,121,left_hand,0
BNCI2014004,BNCI2014004,3402,BNCI2014004:3402,5,4,session_3,run_0,122,right_hand,1
BNCI2014004,BNCI2014004,3403,BNCI2014004:3403,5,4,session_3,run_0,123,right_hand,1
BNCI2014004,BNCI2014004,3404,BNCI2014004:3404,5,4,session_3,run_0,124,left_hand,0
BNCI2014004,BNCI2014004,3405,BNCI2014004:3405,5,4,session_3,run_0,125,left_hand,0
BNCI2014004,BNCI2014004,3406,BNCI2014004:3406,5,4,session_3,run_0,126,left_hand,0
BNCI2014004,BNCI2014004,3407,BNCI2014004:3407,5,4,session_3,run_0,127,right_hand,1
BNCI2014004,BNCI2014004,3408,BNCI2014004:3408,5,4,session_3,run_0,128,left_hand,0
BNCI2014004,BNCI2014004,3409,BNCI2014004:3409,5,4,session_3,run_0,129,left_hand,0
BNCI2014004,BNCI2014004,3410,BNCI2014004:3410,5,4,session_3,run_0,130,right_hand,1
BNCI2014004,BNCI2014004,3411,BNCI2014004:3411,5,4,session_3,run_0,131,left_hand,0
BNCI2014004,BNCI2014004,3412,BNCI2014004:3412,5,4,session_3,run_0,132,right_hand,1
BNCI2014004,BNCI2014004,3413,BNCI2014004:3413,5,4,session_3,run_0,133,left_hand,0
BNCI2014004,BNCI2014004,3414,BNCI2014004:3414,5,4,session_3,run_0,134,left_hand,0
BNCI2014004,BNCI2014004,3415,BNCI2014004:3415,5,4,session_3,run_0,135,left_hand,0
BNCI2014004,BNCI2014004,3416,BNCI2014004:3416,5,4,session_3,run_0,136,left_hand,0
BNCI2014004,BNCI2014004,3417,BNCI2014004:3417,5,4,session_3,run_0,137,right_hand,1
BNCI2014004,BNCI2014004,3418,BNCI2014004:3418,5,4,session_3,run_0,138,right_hand,1
BNCI2014004,BNCI2014004,3419,BNCI2014004:3419,5,4,session_3,run_0,139,left_hand,0
BNCI2014004,BNCI2014004,3420,BNCI2014004:3420,5,4,session_3,run_0,140,left_hand,0
BNCI2014004,BNCI2014004,3421,BNCI2014004:3421,5,4,session_3,run_0,141,left_hand,0
BNCI2014004,BNCI2014004,3422,BNCI2014004:3422,5,4,session_3,run_0,142,right_hand,1
BNCI2014004,BNCI2014004,3423,BNCI2014004:3423,5,4,session_3,run_0,143,right_hand,1
BNCI2014004,BNCI2014004,3424,BNCI2014004:3424,5,4,session_3,run_0,144,right_hand,1
BNCI2014004,BNCI2014004,3425,BNCI2014004:3425,5,4,session_3,run_0,145,right_hand,1
BNCI2014004,BNCI2014004,3426,BNCI2014004:3426,5,4,session_3,run_0,146,left_hand,0
BNCI2014004,BNCI2014004,3427,BNCI2014004:3427,5,4,session_3,run_0,147,right_hand,1
BNCI2014004,BNCI2014004,3428,BNCI2014004:3428,5,4,session_3,run_0,148,right_hand,1
BNCI2014004,BNCI2014004,3429,BNCI2014004:3429,5,4,session_3,run_0,149,right_hand,1
BNCI2014004,BNCI2014004,3430,BNCI2014004:3430,5,4,session_3,run_0,150,right_hand,1
BNCI2014004,BNCI2014004,3431,BNCI2014004:3431,5,4,session_3,run_0,151,right_hand,1
BNCI2014004,BNCI2014004,3432,BNCI2014004:3432,5,4,session_3,run_0,152,right_hand,1
BNCI2014004,BNCI2014004,3433,BNCI2014004:3433,5,4,session_3,run_0,153,left_hand,0
BNCI2014004,BNCI2014004,3434,BNCI2014004:3434,5,4,session_3,run_0,154,left_hand,0
BNCI2014004,BNCI2014004,3435,BNCI2014004:3435,5,4,session_3,run_0,155,right_hand,1
BNCI2014004,BNCI2014004,3436,BNCI2014004:3436,5,4,session_3,run_0,156,left_hand,0
BNCI2014004,BNCI2014004,3437,BNCI2014004:3437,5,4,session_3,run_0,157,left_hand,0
BNCI2014004,BNCI2014004,3438,BNCI2014004:3438,5,4,session_3,run_0,158,right_hand,1
BNCI2014004,BNCI2014004,3439,BNCI2014004:3439,5,4,session_3,run_0,159,right_hand,1
BNCI2014004,BNCI2014004,4000,BNCI2014004:4000,6,5,session_3,run_0,0,right_hand,1
BNCI2014004,BNCI2014004,4001,BNCI2014004:4001,6,5,session_3,run_0,1,left_hand,0
BNCI2014004,BNCI2014004,4002,BNCI2014004:4002,6,5,session_3,run_0,2,right_hand,1
BNCI2014004,BNCI2014004,4003,BNCI2014004:4003,6,5,session_3,run_0,3,left_hand,0
BNCI2014004,BNCI2014004,4004,BNCI2014004:4004,6,5,session_3,run_0,4,left_hand,0
BNCI2014004,BNCI2014004,4005,BNCI2014004:4005,6,5,session_3,run_0,5,left_hand,0
BNCI2014004,BNCI2014004,4006,BNCI2014004:4006,6,5,session_3,run_0,6,right_hand,1
BNCI2014004,BNCI2014004,4007,BNCI2014004:4007,6,5,session_3,run_0,7,left_hand,0
BNCI2014004,BNCI2014004,4008,BNCI2014004:4008,6,5,session_3,run_0,8,left_hand,0
BNCI2014004,BNCI2014004,4009,BNCI2014004:4009,6,5,session_3,run_0,9,left_hand,0
BNCI2014004,BNCI2014004,4010,BNCI2014004:4010,6,5,session_3,run_0,10,right_hand,1
BNCI2014004,BNCI2014004,4011,BNCI2014004:4011,6,5,session_3,run_0,11,left_hand,0
BNCI2014004,BNCI2014004,4012,BNCI2014004:4012,6,5,session_3,run_0,12,right_hand,1
BNCI2014004,BNCI2014004,4013,BNCI2014004:4013,6,5,session_3,run_0,13,left_hand,0
BNCI2014004,BNCI2014004,4014,BNCI2014004:4014,6,5,session_3,run_0,14,right_hand,1
BNCI2014004,BNCI2014004,4015,BNCI2014004:4015,6,5,session_3,run_0,15,left_hand,0
BNCI2014004,BNCI2014004,4016,BNCI2014004:4016,6,5,session_3,run_0,16,left_hand,0
BNCI2014004,BNCI2014004,4017,BNCI2014004:4017,6,5,session_3,run_0,17,left_hand,0
BNCI2014004,BNCI2014004,4018,BNCI2014004:4018,6,5,session_3,run_0,18,left_hand,0
BNCI2014004,BNCI2014004,4019,BNCI2014004:4019,6,5,session_3,run_0,19,left_hand,0
BNCI2014004,BNCI2014004,4020,BNCI2014004:4020,6,5,session_3,run_0,20,right_hand,1
BNCI2014004,BNCI2014004,4021,BNCI2014004:4021,6,5,session_3,run_0,21,right_hand,1
BNCI2014004,BNCI2014004,4022,BNCI2014004:4022,6,5,session_3,run_0,22,right_hand,1
BNCI2014004,BNCI2014004,4023,BNCI2014004:4023,6,5,session_3,run_0,23,left_hand,0
BNCI2014004,BNCI2014004,4024,BNCI2014004:4024,6,5,session_3,run_0,24,right_hand,1
BNCI2014004,BNCI2014004,4025,BNCI2014004:4025,6,5,session_3,run_0,25,right_hand,1
BNCI2014004,BNCI2014004,4026,BNCI2014004:4026,6,5,session_3,run_0,26,right_hand,1
BNCI2014004,BNCI2014004,4027,BNCI2014004:4027,6,5,session_3,run_0,27,right_hand,1
BNCI2014004,BNCI2014004,4028,BNCI2014004:4028,6,5,session_3,run_0,28,left_hand,0
BNCI2014004,BNCI2014004,4029,BNCI2014004:4029,6,5,session_3,run_0,29,right_hand,1
BNCI2014004,BNCI2014004,4030,BNCI2014004:4030,6,5,session_3,run_0,30,right_hand,1
BNCI2014004,BNCI2014004,4031,BNCI2014004:4031,6,5,session_3,run_0,31,right_hand,1
BNCI2014004,BNCI2014004,4032,BNCI2014004:4032,6,5,session_3,run_0,32,left_hand,0
BNCI2014004,BNCI2014004,4033,BNCI2014004:4033,6,5,session_3,run_0,33,left_hand,0
BNCI2014004,BNCI2014004,4034,BNCI2014004:4034,6,5,session_3,run_0,34,right_hand,1
BNCI2014004,BNCI2014004,4035,BNCI2014004:4035,6,5,session_3,run_0,35,right_hand,1
BNCI2014004,BNCI2014004,4036,BNCI2014004:4036,6,5,session_3,run_0,36,left_hand,0
BNCI2014004,BNCI2014004,4037,BNCI2014004:4037,6,5,session_3,run_0,37,right_hand,1
BNCI2014004,BNCI2014004,4038,BNCI2014004:4038,6,5,session_3,run_0,38,left_hand,0
BNCI2014004,BNCI2014004,4039,BNCI2014004:4039,6,5,session_3,run_0,39,right_hand,1
BNCI2014004,BNCI2014004,4040,BNCI2014004:4040,6,5,session_3,run_0,40,right_hand,1
BNCI2014004,BNCI2014004,4041,BNCI2014004:4041,6,5,session_3,run_0,41,left_hand,0
BNCI2014004,BNCI2014004,4042,BNCI2014004:4042,6,5,session_3,run_0,42,left_hand,0
BNCI2014004,BNCI2014004,4043,BNCI2014004:4043,6,5,session_3,run_0,43,right_hand,1
BNCI2014004,BNCI2014004,4044,BNCI2014004:4044,6,5,session_3,run_0,44,left_hand,0
BNCI2014004,BNCI2014004,4045,BNCI2014004:4045,6,5,session_3,run_0,45,left_hand,0
BNCI2014004,BNCI2014004,4046,BNCI2014004:4046,6,5,session_3,run_0,46,left_hand,0
BNCI2014004,BNCI2014004,4047,BNCI2014004:4047,6,5,session_3,run_0,47,right_hand,1
BNCI2014004,BNCI2014004,4048,BNCI2014004:4048,6,5,session_3,run_0,48,left_hand,0
BNCI2014004,BNCI2014004,4049,BNCI2014004:4049,6,5,session_3,run_0,49,left_hand,0
BNCI2014004,BNCI2014004,4050,BNCI2014004:4050,6,5,session_3,run_0,50,right_hand,1
BNCI2014004,BNCI2014004,4051,BNCI2014004:4051,6,5,session_3,run_0,51,right_hand,1
BNCI2014004,BNCI2014004,4052,BNCI2014004:4052,6,5,session_3,run_0,52,right_hand,1
BNCI2014004,BNCI2014004,4053,BNCI2014004:4053,6,5,session_3,run_0,53,left_hand,0
BNCI2014004,BNCI2014004,4054,BNCI2014004:4054,6,5,session_3,run_0,54,right_hand,1
BNCI2014004,BNCI2014004,4055,BNCI2014004:4055,6,5,session_3,run_0,55,right_hand,1
BNCI2014004,BNCI2014004,4056,BNCI2014004:4056,6,5,session_3,run_0,56,right_hand,1
BNCI2014004,BNCI2014004,4057,BNCI2014004:4057,6,5,session_3,run_0,57,left_hand,0
BNCI2014004,BNCI2014004,4058,BNCI2014004:4058,6,5,session_3,run_0,58,right_hand,1
BNCI2014004,BNCI2014004,4059,BNCI2014004:4059,6,5,session_3,run_0,59,left_hand,0
BNCI2014004,BNCI2014004,4060,BNCI2014004:4060,6,5,session_3,run_0,60,right_hand,1
BNCI2014004,BNCI2014004,4061,BNCI2014004:4061,6,5,session_3,run_0,61,left_hand,0
BNCI2014004,BNCI2014004,4062,BNCI2014004:4062,6,5,session_3,run_0,62,right_hand,1
BNCI2014004,BNCI2014004,4063,BNCI2014004:4063,6,5,session_3,run_0,63,right_hand,1
BNCI2014004,BNCI2014004,4064,BNCI2014004:4064,6,5,session_3,run_0,64,right_hand,1
BNCI2014004,BNCI2014004,4065,BNCI2014004:4065,6,5,session_3,run_0,65,left_hand,0
BNCI2014004,BNCI2014004,4066,BNCI2014004:4066,6,5,session_3,run_0,66,left_hand,0
BNCI2014004,BNCI2014004,4067,BNCI2014004:4067,6,5,session_3,run_0,67,left_hand,0
BNCI2014004,BNCI2014004,4068,BNCI2014004:4068,6,5,session_3,run_0,68,left_hand,0
BNCI2014004,BNCI2014004,4069,BNCI2014004:4069,6,5,session_3,run_0,69,left_hand,0
BNCI2014004,BNCI2014004,4070,BNCI2014004:4070,6,5,session_3,run_0,70,right_hand,1
BNCI2014004,BNCI2014004,4071,BNCI2014004:4071,6,5,session_3,run_0,71,right_hand,1
BNCI2014004,BNCI2014004,4072,BNCI2014004:4072,6,5,session_3,run_0,72,right_hand,1
BNCI2014004,BNCI2014004,4073,BNCI2014004:4073,6,5,session_3,run_0,73,left_hand,0
BNCI2014004,BNCI2014004,4074,BNCI2014004:4074,6,5,session_3,run_0,74,left_hand,0
BNCI2014004,BNCI2014004,4075,BNCI2014004:4075,6,5,session_3,run_0,75,right_hand,1
BNCI2014004,BNCI2014004,4076,BNCI2014004:4076,6,5,session_3,run_0,76,right_hand,1
BNCI2014004,BNCI2014004,4077,BNCI2014004:4077,6,5,session_3,run_0,77,left_hand,0
BNCI2014004,BNCI2014004,4078,BNCI2014004:4078,6,5,session_3,run_0,78,left_hand,0
BNCI2014004,BNCI2014004,4079,BNCI2014004:4079,6,5,session_3,run_0,79,right_hand,1
BNCI2014004,BNCI2014004,4080,BNCI2014004:4080,6,5,session_3,run_0,80,right_hand,1
BNCI2014004,BNCI2014004,4081,BNCI2014004:4081,6,5,session_3,run_0,81,right_hand,1
BNCI2014004,BNCI2014004,4082,BNCI2014004:4082,6,5,session_3,run_0,82,right_hand,1
BNCI2014004,BNCI2014004,4083,BNCI2014004:4083,6,5,session_3,run_0,83,left_hand,0
BNCI2014004,BNCI2014004,4084,BNCI2014004:4084,6,5,session_3,run_0,84,right_hand,1
BNCI2014004,BNCI2014004,4085,BNCI2014004:4085,6,5,session_3,run_0,85,left_hand,0
BNCI2014004,BNCI2014004,4086,BNCI2014004:4086,6,5,session_3,run_0,86,left_hand,0
BNCI2014004,BNCI2014004,4087,BNCI2014004:4087,6,5,session_3,run_0,87,right_hand,1
BNCI2014004,BNCI2014004,4088,BNCI2014004:4088,6,5,session_3,run_0,88,right_hand,1
BNCI2014004,BNCI2014004,4089,BNCI2014004:4089,6,5,session_3,run_0,89,left_hand,0
BNCI2014004,BNCI2014004,4090,BNCI2014004:4090,6,5,session_3,run_0,90,left_hand,0
BNCI2014004,BNCI2014004,4091,BNCI2014004:4091,6,5,session_3,run_0,91,left_hand,0
BNCI2014004,BNCI2014004,4092,BNCI2014004:4092,6,5,session_3,run_0,92,left_hand,0
BNCI2014004,BNCI2014004,4093,BNCI2014004:4093,6,5,session_3,run_0,93,left_hand,0
BNCI2014004,BNCI2014004,4094,BNCI2014004:4094,6,5,session_3,run_0,94,left_hand,0
BNCI2014004,BNCI2014004,4095,BNCI2014004:4095,6,5,session_3,run_0,95,left_hand,0
BNCI2014004,BNCI2014004,4096,BNCI2014004:4096,6,5,session_3,run_0,96,right_hand,1
BNCI2014004,BNCI2014004,4097,BNCI2014004:4097,6,5,session_3,run_0,97,right_hand,1
BNCI2014004,BNCI2014004,4098,BNCI2014004:4098,6,5,session_3,run_0,98,right_hand,1
BNCI2014004,BNCI2014004,4099,BNCI2014004:4099,6,5,session_3,run_0,99,right_hand,1
BNCI2014004,BNCI2014004,4100,BNCI2014004:4100,6,5,session_3,run_0,100,right_hand,1
BNCI2014004,BNCI2014004,4101,BNCI2014004:4101,6,5,session_3,run_0,101,left_hand,0
BNCI2014004,BNCI2014004,4102,BNCI2014004:4102,6,5,session_3,run_0,102,left_hand,0
BNCI2014004,BNCI2014004,4103,BNCI2014004:4103,6,5,session_3,run_0,103,right_hand,1
BNCI2014004,BNCI2014004,4104,BNCI2014004:4104,6,5,session_3,run_0,104,left_hand,0
BNCI2014004,BNCI2014004,4105,BNCI2014004:4105,6,5,session_3,run_0,105,left_hand,0
BNCI2014004,BNCI2014004,4106,BNCI2014004:4106,6,5,session_3,run_0,106,right_hand,1
BNCI2014004,BNCI2014004,4107,BNCI2014004:4107,6,5,session_3,run_0,107,left_hand,0
BNCI2014004,BNCI2014004,4108,BNCI2014004:4108,6,5,session_3,run_0,108,left_hand,0
BNCI2014004,BNCI2014004,4109,BNCI2014004:4109,6,5,session_3,run_0,109,left_hand,0
BNCI2014004,BNCI2014004,4110,BNCI2014004:4110,6,5,session_3,run_0,110,left_hand,0
BNCI2014004,BNCI2014004,4111,BNCI2014004:4111,6,5,session_3,run_0,111,right_hand,1
BNCI2014004,BNCI2014004,4112,BNCI2014004:4112,6,5,session_3,run_0,112,right_hand,1
BNCI2014004,BNCI2014004,4113,BNCI2014004:4113,6,5,session_3,run_0,113,right_hand,1
BNCI2014004,BNCI2014004,4114,BNCI2014004:4114,6,5,session_3,run_0,114,right_hand,1
BNCI2014004,BNCI2014004,4115,BNCI2014004:4115,6,5,session_3,run_0,115,right_hand,1
BNCI2014004,BNCI2014004,4116,BNCI2014004:4116,6,5,session_3,run_0,116,left_hand,0
BNCI2014004,BNCI2014004,4117,BNCI2014004:4117,6,5,session_3,run_0,117,right_hand,1
BNCI2014004,BNCI2014004,4118,BNCI2014004:4118,6,5,session_3,run_0,118,right_hand,1
BNCI2014004,BNCI2014004,4119,BNCI2014004:4119,6,5,session_3,run_0,119,left_hand,0
BNCI2014004,BNCI2014004,4120,BNCI2014004:4120,6,5,session_3,run_0,120,left_hand,0
BNCI2014004,BNCI2014004,4121,BNCI2014004:4121,6,5,session_3,run_0,121,left_hand,0
BNCI2014004,BNCI2014004,4122,BNCI2014004:4122,6,5,session_3,run_0,122,left_hand,0
BNCI2014004,BNCI2014004,4123,BNCI2014004:4123,6,5,session_3,run_0,123,left_hand,0
BNCI2014004,BNCI2014004,4124,BNCI2014004:4124,6,5,session_3,run_0,124,left_hand,0
BNCI2014004,BNCI2014004,4125,BNCI2014004:4125,6,5,session_3,run_0,125,left_hand,0
BNCI2014004,BNCI2014004,4126,BNCI2014004:4126,6,5,session_3,run_0,126,right_hand,1
BNCI2014004,BNCI2014004,4127,BNCI2014004:4127,6,5,session_3,run_0,127,left_hand,0
BNCI2014004,BNCI2014004,4128,BNCI2014004:4128,6,5,session_3,run_0,128,right_hand,1
BNCI2014004,BNCI2014004,4129,BNCI2014004:4129,6,5,session_3,run_0,129,left_hand,0
BNCI2014004,BNCI2014004,4130,BNCI2014004:4130,6,5,session_3,run_0,130,right_hand,1
BNCI2014004,BNCI2014004,4131,BNCI2014004:4131,6,5,session_3,run_0,131,right_hand,1
BNCI2014004,BNCI2014004,4132,BNCI2014004:4132,6,5,session_3,run_0,132,left_hand,0
BNCI2014004,BNCI2014004,4133,BNCI2014004:4133,6,5,session_3,run_0,133,left_hand,0
BNCI2014004,BNCI2014004,4134,BNCI2014004:4134,6,5,session_3,run_0,134,right_hand,1
BNCI2014004,BNCI2014004,4135,BNCI2014004:4135,6,5,session_3,run_0,135,right_hand,1
BNCI2014004,BNCI2014004,4136,BNCI2014004:4136,6,5,session_3,run_0,136,right_hand,1
BNCI2014004,BNCI2014004,4137,BNCI2014004:4137,6,5,session_3,run_0,137,right_hand,1
BNCI2014004,BNCI2014004,4138,BNCI2014004:4138,6,5,session_3,run_0,138,left_hand,0
BNCI2014004,BNCI2014004,4139,BNCI2014004:4139,6,5,session_3,run_0,139,left_hand,0
BNCI2014004,BNCI2014004,4140,BNCI2014004:4140,6,5,session_3,run_0,140,left_hand,0
BNCI2014004,BNCI2014004,4141,BNCI2014004:4141,6,5,session_3,run_0,141,left_hand,0
BNCI2014004,BNCI2014004,4142,BNCI2014004:4142,6,5,session_3,run_0,142,right_hand,1
BNCI2014004,BNCI2014004,4143,BNCI2014004:4143,6,5,session_3,run_0,143,left_hand,0
BNCI2014004,BNCI2014004,4144,BNCI2014004:4144,6,5,session_3,run_0,144,left_hand,0
BNCI2014004,BNCI2014004,4145,BNCI2014004:4145,6,5,session_3,run_0,145,right_hand,1
BNCI2014004,BNCI2014004,4146,BNCI2014004:4146,6,5,session_3,run_0,146,right_hand,1
BNCI2014004,BNCI2014004,4147,BNCI2014004:4147,6,5,session_3,run_0,147,left_hand,0
BNCI2014004,BNCI2014004,4148,BNCI2014004:4148,6,5,session_3,run_0,148,left_hand,0
BNCI2014004,BNCI2014004,4149,BNCI2014004:4149,6,5,session_3,run_0,149,right_hand,1
BNCI2014004,BNCI2014004,4150,BNCI2014004:4150,6,5,session_3,run_0,150,right_hand,1
BNCI2014004,BNCI2014004,4151,BNCI2014004:4151,6,5,session_3,run_0,151,right_hand,1
BNCI2014004,BNCI2014004,4152,BNCI2014004:4152,6,5,session_3,run_0,152,right_hand,1
BNCI2014004,BNCI2014004,4153,BNCI2014004:4153,6,5,session_3,run_0,153,right_hand,1
BNCI2014004,BNCI2014004,4154,BNCI2014004:4154,6,5,session_3,run_0,154,right_hand,1
BNCI2014004,BNCI2014004,4155,BNCI2014004:4155,6,5,session_3,run_0,155,right_hand,1
BNCI2014004,BNCI2014004,4156,BNCI2014004:4156,6,5,session_3,run_0,156,left_hand,0
BNCI2014004,BNCI2014004,4157,BNCI2014004:4157,6,5,session_3,run_0,157,right_hand,1
BNCI2014004,BNCI2014004,4158,BNCI2014004:4158,6,5,session_3,run_0,158,right_hand,1
BNCI2014004,BNCI2014004,4159,BNCI2014004:4159,6,5,session_3,run_0,159,left_hand,0
BNCI2014004,BNCI2014004,4720,BNCI2014004:4720,7,6,session_3,run_0,0,left_hand,0
BNCI2014004,BNCI2014004,4721,BNCI2014004:4721,7,6,session_3,run_0,1,right_hand,1
BNCI2014004,BNCI2014004,4722,BNCI2014004:4722,7,6,session_3,run_0,2,left_hand,0
BNCI2014004,BNCI2014004,4723,BNCI2014004:4723,7,6,session_3,run_0,3,left_hand,0
BNCI2014004,BNCI2014004,4724,BNCI2014004:4724,7,6,session_3,run_0,4,left_hand,0
BNCI2014004,BNCI2014004,4725,BNCI2014004:4725,7,6,session_3,run_0,5,right_hand,1
BNCI2014004,BNCI2014004,4726,BNCI2014004:4726,7,6,session_3,run_0,6,right_hand,1
BNCI2014004,BNCI2014004,4727,BNCI2014004:4727,7,6,session_3,run_0,7,left_hand,0
BNCI2014004,BNCI2014004,4728,BNCI2014004:4728,7,6,session_3,run_0,8,right_hand,1
BNCI2014004,BNCI2014004,4729,BNCI2014004:4729,7,6,session_3,run_0,9,left_hand,0
BNCI2014004,BNCI2014004,4730,BNCI2014004:4730,7,6,session_3,run_0,10,right_hand,1
BNCI2014004,BNCI2014004,4731,BNCI2014004:4731,7,6,session_3,run_0,11,right_hand,1
BNCI2014004,BNCI2014004,4732,BNCI2014004:4732,7,6,session_3,run_0,12,left_hand,0
BNCI2014004,BNCI2014004,4733,BNCI2014004:4733,7,6,session_3,run_0,13,left_hand,0
BNCI2014004,BNCI2014004,4734,BNCI2014004:4734,7,6,session_3,run_0,14,left_hand,0
BNCI2014004,BNCI2014004,4735,BNCI2014004:4735,7,6,session_3,run_0,15,left_hand,0
BNCI2014004,BNCI2014004,4736,BNCI2014004:4736,7,6,session_3,run_0,16,left_hand,0
BNCI2014004,BNCI2014004,4737,BNCI2014004:4737,7,6,session_3,run_0,17,left_hand,0
BNCI2014004,BNCI2014004,4738,BNCI2014004:4738,7,6,session_3,run_0,18,left_hand,0
BNCI2014004,BNCI2014004,4739,BNCI2014004:4739,7,6,session_3,run_0,19,right_hand,1
BNCI2014004,BNCI2014004,4740,BNCI2014004:4740,7,6,session_3,run_0,20,right_hand,1
BNCI2014004,BNCI2014004,4741,BNCI2014004:4741,7,6,session_3,run_0,21,right_hand,1
BNCI2014004,BNCI2014004,4742,BNCI2014004:4742,7,6,session_3,run_0,22,left_hand,0
BNCI2014004,BNCI2014004,4743,BNCI2014004:4743,7,6,session_3,run_0,23,right_hand,1
BNCI2014004,BNCI2014004,4744,BNCI2014004:4744,7,6,session_3,run_0,24,right_hand,1
BNCI2014004,BNCI2014004,4745,BNCI2014004:4745,7,6,session_3,run_0,25,left_hand,0
BNCI2014004,BNCI2014004,4746,BNCI2014004:4746,7,6,session_3,run_0,26,right_hand,1
BNCI2014004,BNCI2014004,4747,BNCI2014004:4747,7,6,session_3,run_0,27,right_hand,1
BNCI2014004,BNCI2014004,4748,BNCI2014004:4748,7,6,session_3,run_0,28,right_hand,1
BNCI2014004,BNCI2014004,4749,BNCI2014004:4749,7,6,session_3,run_0,29,left_hand,0
BNCI2014004,BNCI2014004,4750,BNCI2014004:4750,7,6,session_3,run_0,30,left_hand,0
BNCI2014004,BNCI2014004,4751,BNCI2014004:4751,7,6,session_3,run_0,31,right_hand,1
BNCI2014004,BNCI2014004,4752,BNCI2014004:4752,7,6,session_3,run_0,32,right_hand,1
BNCI2014004,BNCI2014004,4753,BNCI2014004:4753,7,6,session_3,run_0,33,right_hand,1
BNCI2014004,BNCI2014004,4754,BNCI2014004:4754,7,6,session_3,run_0,34,right_hand,1
BNCI2014004,BNCI2014004,4755,BNCI2014004:4755,7,6,session_3,run_0,35,right_hand,1
BNCI2014004,BNCI2014004,4756,BNCI2014004:4756,7,6,session_3,run_0,36,left_hand,0
BNCI2014004,BNCI2014004,4757,BNCI2014004:4757,7,6,session_3,run_0,37,left_hand,0
BNCI2014004,BNCI2014004,4758,BNCI2014004:4758,7,6,session_3,run_0,38,right_hand,1
BNCI2014004,BNCI2014004,4759,BNCI2014004:4759,7,6,session_3,run_0,39,left_hand,0
BNCI2014004,BNCI2014004,4760,BNCI2014004:4760,7,6,session_3,run_0,40,right_hand,1
BNCI2014004,BNCI2014004,4761,BNCI2014004:4761,7,6,session_3,run_0,41,left_hand,0
BNCI2014004,BNCI2014004,4762,BNCI2014004:4762,7,6,session_3,run_0,42,left_hand,0
BNCI2014004,BNCI2014004,4763,BNCI2014004:4763,7,6,session_3,run_0,43,left_hand,0
BNCI2014004,BNCI2014004,4764,BNCI2014004:4764,7,6,session_3,run_0,44,left_hand,0
BNCI2014004,BNCI2014004,4765,BNCI2014004:4765,7,6,session_3,run_0,45,right_hand,1
BNCI2014004,BNCI2014004,4766,BNCI2014004:4766,7,6,session_3,run_0,46,left_hand,0
BNCI2014004,BNCI2014004,4767,BNCI2014004:4767,7,6,session_3,run_0,47,right_hand,1
BNCI2014004,BNCI2014004,4768,BNCI2014004:4768,7,6,session_3,run_0,48,right_hand,1
BNCI2014004,BNCI2014004,4769,BNCI2014004:4769,7,6,session_3,run_0,49,right_hand,1
BNCI2014004,BNCI2014004,4770,BNCI2014004:4770,7,6,session_3,run_0,50,left_hand,0
BNCI2014004,BNCI2014004,4771,BNCI2014004:4771,7,6,session_3,run_0,51,left_hand,0
BNCI2014004,BNCI2014004,4772,BNCI2014004:4772,7,6,session_3,run_0,52,right_hand,1
BNCI2014004,BNCI2014004,4773,BNCI2014004:4773,7,6,session_3,run_0,53,left_hand,0
BNCI2014004,BNCI2014004,4774,BNCI2014004:4774,7,6,session_3,run_0,54,right_hand,1
BNCI2014004,BNCI2014004,4775,BNCI2014004:4775,7,6,session_3,run_0,55,right_hand,1
BNCI2014004,BNCI2014004,4776,BNCI2014004:4776,7,6,session_3,run_0,56,left_hand,0
BNCI2014004,BNCI2014004,4777,BNCI2014004:4777,7,6,session_3,run_0,57,left_hand,0
BNCI2014004,BNCI2014004,4778,BNCI2014004:4778,7,6,session_3,run_0,58,left_hand,0
BNCI2014004,BNCI2014004,4779,BNCI2014004:4779,7,6,session_3,run_0,59,right_hand,1
BNCI2014004,BNCI2014004,4780,BNCI2014004:4780,7,6,session_3,run_0,60,right_hand,1
BNCI2014004,BNCI2014004,4781,BNCI2014004:4781,7,6,session_3,run_0,61,left_hand,0
BNCI2014004,BNCI2014004,4782,BNCI2014004:4782,7,6,session_3,run_0,62,right_hand,1
BNCI2014004,BNCI2014004,4783,BNCI2014004:4783,7,6,session_3,run_0,63,right_hand,1
BNCI2014004,BNCI2014004,4784,BNCI2014004:4784,7,6,session_3,run_0,64,right_hand,1
BNCI2014004,BNCI2014004,4785,BNCI2014004:4785,7,6,session_3,run_0,65,right_hand,1
BNCI2014004,BNCI2014004,4786,BNCI2014004:4786,7,6,session_3,run_0,66,right_hand,1
BNCI2014004,BNCI2014004,4787,BNCI2014004:4787,7,6,session_3,run_0,67,left_hand,0
BNCI2014004,BNCI2014004,4788,BNCI2014004:4788,7,6,session_3,run_0,68,left_hand,0
BNCI2014004,BNCI2014004,4789,BNCI2014004:4789,7,6,session_3,run_0,69,left_hand,0
BNCI2014004,BNCI2014004,4790,BNCI2014004:4790,7,6,session_3,run_0,70,left_hand,0
BNCI2014004,BNCI2014004,4791,BNCI2014004:4791,7,6,session_3,run_0,71,left_hand,0
BNCI2014004,BNCI2014004,4792,BNCI2014004:4792,7,6,session_3,run_0,72,left_hand,0
BNCI2014004,BNCI2014004,4793,BNCI2014004:4793,7,6,session_3,run_0,73,right_hand,1
BNCI2014004,BNCI2014004,4794,BNCI2014004:4794,7,6,session_3,run_0,74,right_hand,1
BNCI2014004,BNCI2014004,4795,BNCI2014004:4795,7,6,session_3,run_0,75,right_hand,1
BNCI2014004,BNCI2014004,4796,BNCI2014004:4796,7,6,session_3,run_0,76,right_hand,1
BNCI2014004,BNCI2014004,4797,BNCI2014004:4797,7,6,session_3,run_0,77,right_hand,1
BNCI2014004,BNCI2014004,4798,BNCI2014004:4798,7,6,session_3,run_0,78,left_hand,0
BNCI2014004,BNCI2014004,4799,BNCI2014004:4799,7,6,session_3,run_0,79,left_hand,0
BNCI2014004,BNCI2014004,4800,BNCI2014004:4800,7,6,session_3,run_0,80,right_hand,1
BNCI2014004,BNCI2014004,4801,BNCI2014004:4801,7,6,session_3,run_0,81,right_hand,1
BNCI2014004,BNCI2014004,4802,BNCI2014004:4802,7,6,session_3,run_0,82,right_hand,1
BNCI2014004,BNCI2014004,4803,BNCI2014004:4803,7,6,session_3,run_0,83,right_hand,1
BNCI2014004,BNCI2014004,4804,BNCI2014004:4804,7,6,session_3,run_0,84,left_hand,0
BNCI2014004,BNCI2014004,4805,BNCI2014004:4805,7,6,session_3,run_0,85,right_hand,1
BNCI2014004,BNCI2014004,4806,BNCI2014004:4806,7,6,session_3,run_0,86,left_hand,0
BNCI2014004,BNCI2014004,4807,BNCI2014004:4807,7,6,session_3,run_0,87,left_hand,0
BNCI2014004,BNCI2014004,4808,BNCI2014004:4808,7,6,session_3,run_0,88,left_hand,0
BNCI2014004,BNCI2014004,4809,BNCI2014004:4809,7,6,session_3,run_0,89,right_hand,1
BNCI2014004,BNCI2014004,4810,BNCI2014004:4810,7,6,session_3,run_0,90,left_hand,0
BNCI2014004,BNCI2014004,4811,BNCI2014004:4811,7,6,session_3,run_0,91,left_hand,0
BNCI2014004,BNCI2014004,4812,BNCI2014004:4812,7,6,session_3,run_0,92,right_hand,1
BNCI2014004,BNCI2014004,4813,BNCI2014004:4813,7,6,session_3,run_0,93,right_hand,1
BNCI2014004,BNCI2014004,4814,BNCI2014004:4814,7,6,session_3,run_0,94,left_hand,0
BNCI2014004,BNCI2014004,4815,BNCI2014004:4815,7,6,session_3,run_0,95,right_hand,1
BNCI2014004,BNCI2014004,4816,BNCI2014004:4816,7,6,session_3,run_0,96,right_hand,1
BNCI2014004,BNCI2014004,4817,BNCI2014004:4817,7,6,session_3,run_0,97,left_hand,0
BNCI2014004,BNCI2014004,4818,BNCI2014004:4818,7,6,session_3,run_0,98,left_hand,0
BNCI2014004,BNCI2014004,4819,BNCI2014004:4819,7,6,session_3,run_0,99,right_hand,1
BNCI2014004,BNCI2014004,4820,BNCI2014004:4820,7,6,session_3,run_0,100,right_hand,1
BNCI2014004,BNCI2014004,4821,BNCI2014004:4821,7,6,session_3,run_0,101,right_hand,1
BNCI2014004,BNCI2014004,4822,BNCI2014004:4822,7,6,session_3,run_0,102,left_hand,0
BNCI2014004,BNCI2014004,4823,BNCI2014004:4823,7,6,session_3,run_0,103,left_hand,0
BNCI2014004,BNCI2014004,4824,BNCI2014004:4824,7,6,session_3,run_0,104,left_hand,0
BNCI2014004,BNCI2014004,4825,BNCI2014004:4825,7,6,session_3,run_0,105,right_hand,1
BNCI2014004,BNCI2014004,4826,BNCI2014004:4826,7,6,session_3,run_0,106,right_hand,1
BNCI2014004,BNCI2014004,4827,BNCI2014004:4827,7,6,session_3,run_0,107,left_hand,0
BNCI2014004,BNCI2014004,4828,BNCI2014004:4828,7,6,session_3,run_0,108,left_hand,0
BNCI2014004,BNCI2014004,4829,BNCI2014004:4829,7,6,session_3,run_0,109,left_hand,0
BNCI2014004,BNCI2014004,4830,BNCI2014004:4830,7,6,session_3,run_0,110,right_hand,1
BNCI2014004,BNCI2014004,4831,BNCI2014004:4831,7,6,session_3,run_0,111,left_hand,0
BNCI2014004,BNCI2014004,4832,BNCI2014004:4832,7,6,session_3,run_0,112,left_hand,0
BNCI2014004,BNCI2014004,4833,BNCI2014004:4833,7,6,session_3,run_0,113,right_hand,1
BNCI2014004,BNCI2014004,4834,BNCI2014004:4834,7,6,session_3,run_0,114,right_hand,1
BNCI2014004,BNCI2014004,4835,BNCI2014004:4835,7,6,session_3,run_0,115,right_hand,1
BNCI2014004,BNCI2014004,4836,BNCI2014004:4836,7,6,session_3,run_0,116,left_hand,0
BNCI2014004,BNCI2014004,4837,BNCI2014004:4837,7,6,session_3,run_0,117,left_hand,0
BNCI2014004,BNCI2014004,4838,BNCI2014004:4838,7,6,session_3,run_0,118,right_hand,1
BNCI2014004,BNCI2014004,4839,BNCI2014004:4839,7,6,session_3,run_0,119,left_hand,0
BNCI2014004,BNCI2014004,4840,BNCI2014004:4840,7,6,session_3,run_0,120,left_hand,0
BNCI2014004,BNCI2014004,4841,BNCI2014004:4841,7,6,session_3,run_0,121,right_hand,1
BNCI2014004,BNCI2014004,4842,BNCI2014004:4842,7,6,session_3,run_0,122,left_hand,0
BNCI2014004,BNCI2014004,4843,BNCI2014004:4843,7,6,session_3,run_0,123,right_hand,1
BNCI2014004,BNCI2014004,4844,BNCI2014004:4844,7,6,session_3,run_0,124,right_hand,1
BNCI2014004,BNCI2014004,4845,BNCI2014004:4845,7,6,session_3,run_0,125,right_hand,1
BNCI2014004,BNCI2014004,4846,BNCI2014004:4846,7,6,session_3,run_0,126,right_hand,1
BNCI2014004,BNCI2014004,4847,BNCI2014004:4847,7,6,session_3,run_0,127,right_hand,1
BNCI2014004,BNCI2014004,4848,BNCI2014004:4848,7,6,session_3,run_0,128,left_hand,0
BNCI2014004,BNCI2014004,4849,BNCI2014004:4849,7,6,session_3,run_0,129,left_hand,0
BNCI2014004,BNCI2014004,4850,BNCI2014004:4850,7,6,session_3,run_0,130,left_hand,0
BNCI2014004,BNCI2014004,4851,BNCI2014004:4851,7,6,session_3,run_0,131,left_hand,0
BNCI2014004,BNCI2014004,4852,BNCI2014004:4852,7,6,session_3,run_0,132,left_hand,0
BNCI2014004,BNCI2014004,4853,BNCI2014004:4853,7,6,session_3,run_0,133,left_hand,0
BNCI2014004,BNCI2014004,4854,BNCI2014004:4854,7,6,session_3,run_0,134,left_hand,0
BNCI2014004,BNCI2014004,4855,BNCI2014004:4855,7,6,session_3,run_0,135,right_hand,1
BNCI2014004,BNCI2014004,4856,BNCI2014004:4856,7,6,session_3,run_0,136,left_hand,0
BNCI2014004,BNCI2014004,4857,BNCI2014004:4857,7,6,session_3,run_0,137,right_hand,1
BNCI2014004,BNCI2014004,4858,BNCI2014004:4858,7,6,session_3,run_0,138,right_hand,1
BNCI2014004,BNCI2014004,4859,BNCI2014004:4859,7,6,session_3,run_0,139,left_hand,0
BNCI2014004,BNCI2014004,4860,BNCI2014004:4860,7,6,session_3,run_0,140,right_hand,1
BNCI2014004,BNCI2014004,4861,BNCI2014004:4861,7,6,session_3,run_0,141,right_hand,1
BNCI2014004,BNCI2014004,4862,BNCI2014004:4862,7,6,session_3,run_0,142,right_hand,1
BNCI2014004,BNCI2014004,4863,BNCI2014004:4863,7,6,session_3,run_0,143,left_hand,0
BNCI2014004,BNCI2014004,4864,BNCI2014004:4864,7,6,session_3,run_0,144,right_hand,1
BNCI2014004,BNCI2014004,4865,BNCI2014004:4865,7,6,session_3,run_0,145,left_hand,0
BNCI2014004,BNCI2014004,4866,BNCI2014004:4866,7,6,session_3,run_0,146,left_hand,0
BNCI2014004,BNCI2014004,4867,BNCI2014004:4867,7,6,session_3,run_0,147,left_hand,0
BNCI2014004,BNCI2014004,4868,BNCI2014004:4868,7,6,session_3,run_0,148,right_hand,1
BNCI2014004,BNCI2014004,4869,BNCI2014004:4869,7,6,session_3,run_0,149,right_hand,1
BNCI2014004,BNCI2014004,4870,BNCI2014004:4870,7,6,session_3,run_0,150,right_hand,1
BNCI2014004,BNCI2014004,4871,BNCI2014004:4871,7,6,session_3,run_0,151,right_hand,1
BNCI2014004,BNCI2014004,4872,BNCI2014004:4872,7,6,session_3,run_0,152,left_hand,0
BNCI2014004,BNCI2014004,4873,BNCI2014004:4873,7,6,session_3,run_0,153,left_hand,0
BNCI2014004,BNCI2014004,4874,BNCI2014004:4874,7,6,session_3,run_0,154,right_hand,1
BNCI2014004,BNCI2014004,4875,BNCI2014004:4875,7,6,session_3,run_0,155,right_hand,1
BNCI2014004,BNCI2014004,4876,BNCI2014004:4876,7,6,session_3,run_0,156,right_hand,1
BNCI2014004,BNCI2014004,4877,BNCI2014004:4877,7,6,session_3,run_0,157,left_hand,0
BNCI2014004,BNCI2014004,4878,BNCI2014004:4878,7,6,session_3,run_0,158,left_hand,0
BNCI2014004,BNCI2014004,4879,BNCI2014004:4879,7,6,session_3,run_0,159,left_hand,0
BNCI2014004,BNCI2014004,5480,BNCI2014004:5480,8,7,session_3,run_0,0,left_hand,0
BNCI2014004,BNCI2014004,5481,BNCI2014004:5481,8,7,session_3,run_0,1,left_hand,0
BNCI2014004,BNCI2014004,5482,BNCI2014004:5482,8,7,session_3,run_0,2,left_hand,0
BNCI2014004,BNCI2014004,5483,BNCI2014004:5483,8,7,session_3,run_0,3,left_hand,0
BNCI2014004,BNCI2014004,5484,BNCI2014004:5484,8,7,session_3,run_0,4,left_hand,0
BNCI2014004,BNCI2014004,5485,BNCI2014004:5485,8,7,session_3,run_0,5,right_hand,1
BNCI2014004,BNCI2014004,5486,BNCI2014004:5486,8,7,session_3,run_0,6,left_hand,0
BNCI2014004,BNCI2014004,5487,BNCI2014004:5487,8,7,session_3,run_0,7,right_hand,1
BNCI2014004,BNCI2014004,5488,BNCI2014004:5488,8,7,session_3,run_0,8,right_hand,1
BNCI2014004,BNCI2014004,5489,BNCI2014004:5489,8,7,session_3,run_0,9,right_hand,1
BNCI2014004,BNCI2014004,5490,BNCI2014004:5490,8,7,session_3,run_0,10,right_hand,1
BNCI2014004,BNCI2014004,5491,BNCI2014004:5491,8,7,session_3,run_0,11,right_hand,1
BNCI2014004,BNCI2014004,5492,BNCI2014004:5492,8,7,session_3,run_0,12,right_hand,1
BNCI2014004,BNCI2014004,5493,BNCI2014004:5493,8,7,session_3,run_0,13,left_hand,0
BNCI2014004,BNCI2014004,5494,BNCI2014004:5494,8,7,session_3,run_0,14,left_hand,0
BNCI2014004,BNCI2014004,5495,BNCI2014004:5495,8,7,session_3,run_0,15,left_hand,0
BNCI2014004,BNCI2014004,5496,BNCI2014004:5496,8,7,session_3,run_0,16,left_hand,0
BNCI2014004,BNCI2014004,5497,BNCI2014004:5497,8,7,session_3,run_0,17,left_hand,0
BNCI2014004,BNCI2014004,5498,BNCI2014004:5498,8,7,session_3,run_0,18,right_hand,1
BNCI2014004,BNCI2014004,5499,BNCI2014004:5499,8,7,session_3,run_0,19,right_hand,1
BNCI2014004,BNCI2014004,5500,BNCI2014004:5500,8,7,session_3,run_0,20,left_hand,0
BNCI2014004,BNCI2014004,5501,BNCI2014004:5501,8,7,session_3,run_0,21,right_hand,1
BNCI2014004,BNCI2014004,5502,BNCI2014004:5502,8,7,session_3,run_0,22,right_hand,1
BNCI2014004,BNCI2014004,5503,BNCI2014004:5503,8,7,session_3,run_0,23,left_hand,0
BNCI2014004,BNCI2014004,5504,BNCI2014004:5504,8,7,session_3,run_0,24,right_hand,1
BNCI2014004,BNCI2014004,5505,BNCI2014004:5505,8,7,session_3,run_0,25,left_hand,0
BNCI2014004,BNCI2014004,5506,BNCI2014004:5506,8,7,session_3,run_0,26,left_hand,0
BNCI2014004,BNCI2014004,5507,BNCI2014004:5507,8,7,session_3,run_0,27,left_hand,0
BNCI2014004,BNCI2014004,5508,BNCI2014004:5508,8,7,session_3,run_0,28,right_hand,1
BNCI2014004,BNCI2014004,5509,BNCI2014004:5509,8,7,session_3,run_0,29,left_hand,0
BNCI2014004,BNCI2014004,5510,BNCI2014004:5510,8,7,session_3,run_0,30,right_hand,1
BNCI2014004,BNCI2014004,5511,BNCI2014004:5511,8,7,session_3,run_0,31,right_hand,1
BNCI2014004,BNCI2014004,5512,BNCI2014004:5512,8,7,session_3,run_0,32,right_hand,1
BNCI2014004,BNCI2014004,5513,BNCI2014004:5513,8,7,session_3,run_0,33,right_hand,1
BNCI2014004,BNCI2014004,5514,BNCI2014004:5514,8,7,session_3,run_0,34,left_hand,0
BNCI2014004,BNCI2014004,5515,BNCI2014004:5515,8,7,session_3,run_0,35,left_hand,0
BNCI2014004,BNCI2014004,5516,BNCI2014004:5516,8,7,session_3,run_0,36,right_hand,1
BNCI2014004,BNCI2014004,5517,BNCI2014004:5517,8,7,session_3,run_0,37,right_hand,1
BNCI2014004,BNCI2014004,5518,BNCI2014004:5518,8,7,session_3,run_0,38,left_hand,0
BNCI2014004,BNCI2014004,5519,BNCI2014004:5519,8,7,session_3,run_0,39,right_hand,1
BNCI2014004,BNCI2014004,5520,BNCI2014004:5520,8,7,session_3,run_0,40,left_hand,0
BNCI2014004,BNCI2014004,5521,BNCI2014004:5521,8,7,session_3,run_0,41,right_hand,1
BNCI2014004,BNCI2014004,5522,BNCI2014004:5522,8,7,session_3,run_0,42,left_hand,0
BNCI2014004,BNCI2014004,5523,BNCI2014004:5523,8,7,session_3,run_0,43,right_hand,1
BNCI2014004,BNCI2014004,5524,BNCI2014004:5524,8,7,session_3,run_0,44,left_hand,0
BNCI2014004,BNCI2014004,5525,BNCI2014004:5525,8,7,session_3,run_0,45,left_hand,0
BNCI2014004,BNCI2014004,5526,BNCI2014004:5526,8,7,session_3,run_0,46,left_hand,0
BNCI2014004,BNCI2014004,5527,BNCI2014004:5527,8,7,session_3,run_0,47,right_hand,1
BNCI2014004,BNCI2014004,5528,BNCI2014004:5528,8,7,session_3,run_0,48,right_hand,1
BNCI2014004,BNCI2014004,5529,BNCI2014004:5529,8,7,session_3,run_0,49,right_hand,1
BNCI2014004,BNCI2014004,5530,BNCI2014004:5530,8,7,session_3,run_0,50,right_hand,1
BNCI2014004,BNCI2014004,5531,BNCI2014004:5531,8,7,session_3,run_0,51,left_hand,0
BNCI2014004,BNCI2014004,5532,BNCI2014004:5532,8,7,session_3,run_0,52,right_hand,1
BNCI2014004,BNCI2014004,5533,BNCI2014004:5533,8,7,session_3,run_0,53,left_hand,0
BNCI2014004,BNCI2014004,5534,BNCI2014004:5534,8,7,session_3,run_0,54,left_hand,0
BNCI2014004,BNCI2014004,5535,BNCI2014004:5535,8,7,session_3,run_0,55,left_hand,0
BNCI2014004,BNCI2014004,5536,BNCI2014004:5536,8,7,session_3,run_0,56,left_hand,0
BNCI2014004,BNCI2014004,5537,BNCI2014004:5537,8,7,session_3,run_0,57,left_hand,0
BNCI2014004,BNCI2014004,5538,BNCI2014004:5538,8,7,session_3,run_0,58,left_hand,0
BNCI2014004,BNCI2014004,5539,BNCI2014004:5539,8,7,session_3,run_0,59,right_hand,1
BNCI2014004,BNCI2014004,5540,BNCI2014004:5540,8,7,session_3,run_0,60,right_hand,1
BNCI2014004,BNCI2014004,5541,BNCI2014004:5541,8,7,session_3,run_0,61,left_hand,0
BNCI2014004,BNCI2014004,5542,BNCI2014004:5542,8,7,session_3,run_0,62,right_hand,1
BNCI2014004,BNCI2014004,5543,BNCI2014004:5543,8,7,session_3,run_0,63,right_hand,1
BNCI2014004,BNCI2014004,5544,BNCI2014004:5544,8,7,session_3,run_0,64,right_hand,1
BNCI2014004,BNCI2014004,5545,BNCI2014004:5545,8,7,session_3,run_0,65,right_hand,1
BNCI2014004,BNCI2014004,5546,BNCI2014004:5546,8,7,session_3,run_0,66,left_hand,0
BNCI2014004,BNCI2014004,5547,BNCI2014004:5547,8,7,session_3,run_0,67,left_hand,0
BNCI2014004,BNCI2014004,5548,BNCI2014004:5548,8,7,session_3,run_0,68,right_hand,1
BNCI2014004,BNCI2014004,5549,BNCI2014004:5549,8,7,session_3,run_0,69,left_hand,0
BNCI2014004,BNCI2014004,5550,BNCI2014004:5550,8,7,session_3,run_0,70,right_hand,1
BNCI2014004,BNCI2014004,5551,BNCI2014004:5551,8,7,session_3,run_0,71,left_hand,0
BNCI2014004,BNCI2014004,5552,BNCI2014004:5552,8,7,session_3,run_0,72,right_hand,1
BNCI2014004,BNCI2014004,5553,BNCI2014004:5553,8,7,session_3,run_0,73,left_hand,0
BNCI2014004,BNCI2014004,5554,BNCI2014004:5554,8,7,session_3,run_0,74,right_hand,1
BNCI2014004,BNCI2014004,5555,BNCI2014004:5555,8,7,session_3,run_0,75,left_hand,0
BNCI2014004,BNCI2014004,5556,BNCI2014004:5556,8,7,session_3,run_0,76,right_hand,1
BNCI2014004,BNCI2014004,5557,BNCI2014004:5557,8,7,session_3,run_0,77,right_hand,1
BNCI2014004,BNCI2014004,5558,BNCI2014004:5558,8,7,session_3,run_0,78,right_hand,1
BNCI2014004,BNCI2014004,5559,BNCI2014004:5559,8,7,session_3,run_0,79,left_hand,0
BNCI2014004,BNCI2014004,5560,BNCI2014004:5560,8,7,session_3,run_0,80,left_hand,0
BNCI2014004,BNCI2014004,5561,BNCI2014004:5561,8,7,session_3,run_0,81,left_hand,0
BNCI2014004,BNCI2014004,5562,BNCI2014004:5562,8,7,session_3,run_0,82,right_hand,1
BNCI2014004,BNCI2014004,5563,BNCI2014004:5563,8,7,session_3,run_0,83,right_hand,1
BNCI2014004,BNCI2014004,5564,BNCI2014004:5564,8,7,session_3,run_0,84,right_hand,1
BNCI2014004,BNCI2014004,5565,BNCI2014004:5565,8,7,session_3,run_0,85,left_hand,0
BNCI2014004,BNCI2014004,5566,BNCI2014004:5566,8,7,session_3,run_0,86,left_hand,0
BNCI2014004,BNCI2014004,5567,BNCI2014004:5567,8,7,session_3,run_0,87,left_hand,0
BNCI2014004,BNCI2014004,5568,BNCI2014004:5568,8,7,session_3,run_0,88,right_hand,1
BNCI2014004,BNCI2014004,5569,BNCI2014004:5569,8,7,session_3,run_0,89,right_hand,1
BNCI2014004,BNCI2014004,5570,BNCI2014004:5570,8,7,session_3,run_0,90,right_hand,1
BNCI2014004,BNCI2014004,5571,BNCI2014004:5571,8,7,session_3,run_0,91,right_hand,1
BNCI2014004,BNCI2014004,5572,BNCI2014004:5572,8,7,session_3,run_0,92,right_hand,1
BNCI2014004,BNCI2014004,5573,BNCI2014004:5573,8,7,session_3,run_0,93,left_hand,0
BNCI2014004,BNCI2014004,5574,BNCI2014004:5574,8,7,session_3,run_0,94,right_hand,1
BNCI2014004,BNCI2014004,5575,BNCI2014004:5575,8,7,session_3,run_0,95,right_hand,1
BNCI2014004,BNCI2014004,5576,BNCI2014004:5576,8,7,session_3,run_0,96,left_hand,0
BNCI2014004,BNCI2014004,5577,BNCI2014004:5577,8,7,session_3,run_0,97,left_hand,0
BNCI2014004,BNCI2014004,5578,BNCI2014004:5578,8,7,session_3,run_0,98,left_hand,0
BNCI2014004,BNCI2014004,5579,BNCI2014004:5579,8,7,session_3,run_0,99,right_hand,1
BNCI2014004,BNCI2014004,5580,BNCI2014004:5580,8,7,session_3,run_0,100,left_hand,0
BNCI2014004,BNCI2014004,5581,BNCI2014004:5581,8,7,session_3,run_0,101,right_hand,1
BNCI2014004,BNCI2014004,5582,BNCI2014004:5582,8,7,session_3,run_0,102,left_hand,0
BNCI2014004,BNCI2014004,5583,BNCI2014004:5583,8,7,session_3,run_0,103,right_hand,1
BNCI2014004,BNCI2014004,5584,BNCI2014004:5584,8,7,session_3,run_0,104,right_hand,1
BNCI2014004,BNCI2014004,5585,BNCI2014004:5585,8,7,session_3,run_0,105,left_hand,0
BNCI2014004,BNCI2014004,5586,BNCI2014004:5586,8,7,session_3,run_0,106,right_hand,1
BNCI2014004,BNCI2014004,5587,BNCI2014004:5587,8,7,session_3,run_0,107,left_hand,0
BNCI2014004,BNCI2014004,5588,BNCI2014004:5588,8,7,session_3,run_0,108,right_hand,1
BNCI2014004,BNCI2014004,5589,BNCI2014004:5589,8,7,session_3,run_0,109,left_hand,0
BNCI2014004,BNCI2014004,5590,BNCI2014004:5590,8,7,session_3,run_0,110,left_hand,0
BNCI2014004,BNCI2014004,5591,BNCI2014004:5591,8,7,session_3,run_0,111,left_hand,0
BNCI2014004,BNCI2014004,5592,BNCI2014004:5592,8,7,session_3,run_0,112,right_hand,1
BNCI2014004,BNCI2014004,5593,BNCI2014004:5593,8,7,session_3,run_0,113,right_hand,1
BNCI2014004,BNCI2014004,5594,BNCI2014004:5594,8,7,session_3,run_0,114,left_hand,0
BNCI2014004,BNCI2014004,5595,BNCI2014004:5595,8,7,session_3,run_0,115,left_hand,0
BNCI2014004,BNCI2014004,5596,BNCI2014004:5596,8,7,session_3,run_0,116,right_hand,1
BNCI2014004,BNCI2014004,5597,BNCI2014004:5597,8,7,session_3,run_0,117,left_hand,0
BNCI2014004,BNCI2014004,5598,BNCI2014004:5598,8,7,session_3,run_0,118,right_hand,1
BNCI2014004,BNCI2014004,5599,BNCI2014004:5599,8,7,session_3,run_0,119,left_hand,0
BNCI2014004,BNCI2014004,5600,BNCI2014004:5600,8,7,session_3,run_0,120,left_hand,0
BNCI2014004,BNCI2014004,5601,BNCI2014004:5601,8,7,session_3,run_0,121,left_hand,0
BNCI2014004,BNCI2014004,5602,BNCI2014004:5602,8,7,session_3,run_0,122,left_hand,0
BNCI2014004,BNCI2014004,5603,BNCI2014004:5603,8,7,session_3,run_0,123,left_hand,0
BNCI2014004,BNCI2014004,5604,BNCI2014004:5604,8,7,session_3,run_0,124,left_hand,0
BNCI2014004,BNCI2014004,5605,BNCI2014004:5605,8,7,session_3,run_0,125,left_hand,0
BNCI2014004,BNCI2014004,5606,BNCI2014004:5606,8,7,session_3,run_0,126,left_hand,0
BNCI2014004,BNCI2014004,5607,BNCI2014004:5607,8,7,session_3,run_0,127,right_hand,1
BNCI2014004,BNCI2014004,5608,BNCI2014004:5608,8,7,session_3,run_0,128,right_hand,1
BNCI2014004,BNCI2014004,5609,BNCI2014004:5609,8,7,session_3,run_0,129,right_hand,1
BNCI2014004,BNCI2014004,5610,BNCI2014004:5610,8,7,session_3,run_0,130,left_hand,0
BNCI2014004,BNCI2014004,5611,BNCI2014004:5611,8,7,session_3,run_0,131,right_hand,1
BNCI2014004,BNCI2014004,5612,BNCI2014004:5612,8,7,session_3,run_0,132,left_hand,0
BNCI2014004,BNCI2014004,5613,BNCI2014004:5613,8,7,session_3,run_0,133,left_hand,0
BNCI2014004,BNCI2014004,5614,BNCI2014004:5614,8,7,session_3,run_0,134,left_hand,0
BNCI2014004,BNCI2014004,5615,BNCI2014004:5615,8,7,session_3,run_0,135,left_hand,0
BNCI2014004,BNCI2014004,5616,BNCI2014004:5616,8,7,session_3,run_0,136,left_hand,0
BNCI2014004,BNCI2014004,5617,BNCI2014004:5617,8,7,session_3,run_0,137,left_hand,0
BNCI2014004,BNCI2014004,5618,BNCI2014004:5618,8,7,session_3,run_0,138,right_hand,1
BNCI2014004,BNCI2014004,5619,BNCI2014004:5619,8,7,session_3,run_0,139,right_hand,1
BNCI2014004,BNCI2014004,5620,BNCI2014004:5620,8,7,session_3,run_0,140,right_hand,1
BNCI2014004,BNCI2014004,5621,BNCI2014004:5621,8,7,session_3,run_0,141,right_hand,1
BNCI2014004,BNCI2014004,5622,BNCI2014004:5622,8,7,session_3,run_0,142,left_hand,0
BNCI2014004,BNCI2014004,5623,BNCI2014004:5623,8,7,session_3,run_0,143,right_hand,1
BNCI2014004,BNCI2014004,5624,BNCI2014004:5624,8,7,session_3,run_0,144,left_hand,0
BNCI2014004,BNCI2014004,5625,BNCI2014004:5625,8,7,session_3,run_0,145,right_hand,1
BNCI2014004,BNCI2014004,5626,BNCI2014004:5626,8,7,session_3,run_0,146,right_hand,1
BNCI2014004,BNCI2014004,5627,BNCI2014004:5627,8,7,session_3,run_0,147,left_hand,0
BNCI2014004,BNCI2014004,5628,BNCI2014004:5628,8,7,session_3,run_0,148,right_hand,1
BNCI2014004,BNCI2014004,5629,BNCI2014004:5629,8,7,session_3,run_0,149,right_hand,1
BNCI2014004,BNCI2014004,5630,BNCI2014004:5630,8,7,session_3,run_0,150,right_hand,1
BNCI2014004,BNCI2014004,5631,BNCI2014004:5631,8,7,session_3,run_0,151,left_hand,0
BNCI2014004,BNCI2014004,5632,BNCI2014004:5632,8,7,session_3,run_0,152,right_hand,1
BNCI2014004,BNCI2014004,5633,BNCI2014004:5633,8,7,session_3,run_0,153,right_hand,1
BNCI2014004,BNCI2014004,5634,BNCI2014004:5634,8,7,session_3,run_0,154,right_hand,1
BNCI2014004,BNCI2014004,5635,BNCI2014004:5635,8,7,session_3,run_0,155,left_hand,0
BNCI2014004,BNCI2014004,5636,BNCI2014004:5636,8,7,session_3,run_0,156,right_hand,1
BNCI2014004,BNCI2014004,5637,BNCI2014004:5637,8,7,session_3,run_0,157,right_hand,1
BNCI2014004,BNCI2014004,5638,BNCI2014004:5638,8,7,session_3,run_0,158,right_hand,1
BNCI2014004,BNCI2014004,5639,BNCI2014004:5639,8,7,session_3,run_0,159,left_hand,0
BNCI2014004,BNCI2014004,6200,BNCI2014004:6200,9,8,session_3,run_0,0,right_hand,1
BNCI2014004,BNCI2014004,6201,BNCI2014004:6201,9,8,session_3,run_0,1,left_hand,0
BNCI2014004,BNCI2014004,6202,BNCI2014004:6202,9,8,session_3,run_0,2,left_hand,0
BNCI2014004,BNCI2014004,6203,BNCI2014004:6203,9,8,session_3,run_0,3,right_hand,1
BNCI2014004,BNCI2014004,6204,BNCI2014004:6204,9,8,session_3,run_0,4,left_hand,0
BNCI2014004,BNCI2014004,6205,BNCI2014004:6205,9,8,session_3,run_0,5,right_hand,1
BNCI2014004,BNCI2014004,6206,BNCI2014004:6206,9,8,session_3,run_0,6,left_hand,0
BNCI2014004,BNCI2014004,6207,BNCI2014004:6207,9,8,session_3,run_0,7,right_hand,1
BNCI2014004,BNCI2014004,6208,BNCI2014004:6208,9,8,session_3,run_0,8,left_hand,0
BNCI2014004,BNCI2014004,6209,BNCI2014004:6209,9,8,session_3,run_0,9,right_hand,1
BNCI2014004,BNCI2014004,6210,BNCI2014004:6210,9,8,session_3,run_0,10,left_hand,0
BNCI2014004,BNCI2014004,6211,BNCI2014004:6211,9,8,session_3,run_0,11,left_hand,0
BNCI2014004,BNCI2014004,6212,BNCI2014004:6212,9,8,session_3,run_0,12,right_hand,1
BNCI2014004,BNCI2014004,6213,BNCI2014004:6213,9,8,session_3,run_0,13,left_hand,0
BNCI2014004,BNCI2014004,6214,BNCI2014004:6214,9,8,session_3,run_0,14,right_hand,1
BNCI2014004,BNCI2014004,6215,BNCI2014004:6215,9,8,session_3,run_0,15,left_hand,0
BNCI2014004,BNCI2014004,6216,BNCI2014004:6216,9,8,session_3,run_0,16,right_hand,1
BNCI2014004,BNCI2014004,6217,BNCI2014004:6217,9,8,session_3,run_0,17,left_hand,0
BNCI2014004,BNCI2014004,6218,BNCI2014004:6218,9,8,session_3,run_0,18,right_hand,1
BNCI2014004,BNCI2014004,6219,BNCI2014004:6219,9,8,session_3,run_0,19,left_hand,0
BNCI2014004,BNCI2014004,6220,BNCI2014004:6220,9,8,session_3,run_0,20,left_hand,0
BNCI2014004,BNCI2014004,6221,BNCI2014004:6221,9,8,session_3,run_0,21,left_hand,0
BNCI2014004,BNCI2014004,6222,BNCI2014004:6222,9,8,session_3,run_0,22,right_hand,1
BNCI2014004,BNCI2014004,6223,BNCI2014004:6223,9,8,session_3,run_0,23,right_hand,1
BNCI2014004,BNCI2014004,6224,BNCI2014004:6224,9,8,session_3,run_0,24,left_hand,0
BNCI2014004,BNCI2014004,6225,BNCI2014004:6225,9,8,session_3,run_0,25,left_hand,0
BNCI2014004,BNCI2014004,6226,BNCI2014004:6226,9,8,session_3,run_0,26,right_hand,1
BNCI2014004,BNCI2014004,6227,BNCI2014004:6227,9,8,session_3,run_0,27,left_hand,0
BNCI2014004,BNCI2014004,6228,BNCI2014004:6228,9,8,session_3,run_0,28,right_hand,1
BNCI2014004,BNCI2014004,6229,BNCI2014004:6229,9,8,session_3,run_0,29,left_hand,0
BNCI2014004,BNCI2014004,6230,BNCI2014004:6230,9,8,session_3,run_0,30,right_hand,1
BNCI2014004,BNCI2014004,6231,BNCI2014004:6231,9,8,session_3,run_0,31,right_hand,1
BNCI2014004,BNCI2014004,6232,BNCI2014004:6232,9,8,session_3,run_0,32,right_hand,1
BNCI2014004,BNCI2014004,6233,BNCI2014004:6233,9,8,session_3,run_0,33,right_hand,1
BNCI2014004,BNCI2014004,6234,BNCI2014004:6234,9,8,session_3,run_0,34,right_hand,1
BNCI2014004,BNCI2014004,6235,BNCI2014004:6235,9,8,session_3,run_0,35,left_hand,0
BNCI2014004,BNCI2014004,6236,BNCI2014004:6236,9,8,session_3,run_0,36,right_hand,1
BNCI2014004,BNCI2014004,6237,BNCI2014004:6237,9,8,session_3,run_0,37,right_hand,1
BNCI2014004,BNCI2014004,6238,BNCI2014004:6238,9,8,session_3,run_0,38,left_hand,0
BNCI2014004,BNCI2014004,6239,BNCI2014004:6239,9,8,session_3,run_0,39,left_hand,0
BNCI2014004,BNCI2014004,6240,BNCI2014004:6240,9,8,session_3,run_0,40,right_hand,1
BNCI2014004,BNCI2014004,6241,BNCI2014004:6241,9,8,session_3,run_0,41,left_hand,0
BNCI2014004,BNCI2014004,6242,BNCI2014004:6242,9,8,session_3,run_0,42,right_hand,1
BNCI2014004,BNCI2014004,6243,BNCI2014004:6243,9,8,session_3,run_0,43,right_hand,1
BNCI2014004,BNCI2014004,6244,BNCI2014004:6244,9,8,session_3,run_0,44,left_hand,0
BNCI2014004,BNCI2014004,6245,BNCI2014004:6245,9,8,session_3,run_0,45,right_hand,1
BNCI2014004,BNCI2014004,6246,BNCI2014004:6246,9,8,session_3,run_0,46,left_hand,0
BNCI2014004,BNCI2014004,6247,BNCI2014004:6247,9,8,session_3,run_0,47,left_hand,0
BNCI2014004,BNCI2014004,6248,BNCI2014004:6248,9,8,session_3,run_0,48,right_hand,1
BNCI2014004,BNCI2014004,6249,BNCI2014004:6249,9,8,session_3,run_0,49,left_hand,0
BNCI2014004,BNCI2014004,6250,BNCI2014004:6250,9,8,session_3,run_0,50,left_hand,0
BNCI2014004,BNCI2014004,6251,BNCI2014004:6251,9,8,session_3,run_0,51,right_hand,1
BNCI2014004,BNCI2014004,6252,BNCI2014004:6252,9,8,session_3,run_0,52,right_hand,1
BNCI2014004,BNCI2014004,6253,BNCI2014004:6253,9,8,session_3,run_0,53,right_hand,1
BNCI2014004,BNCI2014004,6254,BNCI2014004:6254,9,8,session_3,run_0,54,left_hand,0
BNCI2014004,BNCI2014004,6255,BNCI2014004:6255,9,8,session_3,run_0,55,right_hand,1
BNCI2014004,BNCI2014004,6256,BNCI2014004:6256,9,8,session_3,run_0,56,right_hand,1
BNCI2014004,BNCI2014004,6257,BNCI2014004:6257,9,8,session_3,run_0,57,left_hand,0
BNCI2014004,BNCI2014004,6258,BNCI2014004:6258,9,8,session_3,run_0,58,left_hand,0
BNCI2014004,BNCI2014004,6259,BNCI2014004:6259,9,8,session_3,run_0,59,left_hand,0
BNCI2014004,BNCI2014004,6260,BNCI2014004:6260,9,8,session_3,run_0,60,left_hand,0
BNCI2014004,BNCI2014004,6261,BNCI2014004:6261,9,8,session_3,run_0,61,left_hand,0
BNCI2014004,BNCI2014004,6262,BNCI2014004:6262,9,8,session_3,run_0,62,right_hand,1
BNCI2014004,BNCI2014004,6263,BNCI2014004:6263,9,8,session_3,run_0,63,left_hand,0
BNCI2014004,BNCI2014004,6264,BNCI2014004:6264,9,8,session_3,run_0,64,right_hand,1
BNCI2014004,BNCI2014004,6265,BNCI2014004:6265,9,8,session_3,run_0,65,left_hand,0
BNCI2014004,BNCI2014004,6266,BNCI2014004:6266,9,8,session_3,run_0,66,right_hand,1
BNCI2014004,BNCI2014004,6267,BNCI2014004:6267,9,8,session_3,run_0,67,left_hand,0
BNCI2014004,BNCI2014004,6268,BNCI2014004:6268,9,8,session_3,run_0,68,right_hand,1
BNCI2014004,BNCI2014004,6269,BNCI2014004:6269,9,8,session_3,run_0,69,left_hand,0
BNCI2014004,BNCI2014004,6270,BNCI2014004:6270,9,8,session_3,run_0,70,right_hand,1
BNCI2014004,BNCI2014004,6271,BNCI2014004:6271,9,8,session_3,run_0,71,left_hand,0
BNCI2014004,BNCI2014004,6272,BNCI2014004:6272,9,8,session_3,run_0,72,left_hand,0
BNCI2014004,BNCI2014004,6273,BNCI2014004:6273,9,8,session_3,run_0,73,left_hand,0
BNCI2014004,BNCI2014004,6274,BNCI2014004:6274,9,8,session_3,run_0,74,right_hand,1
BNCI2014004,BNCI2014004,6275,BNCI2014004:6275,9,8,session_3,run_0,75,right_hand,1
BNCI2014004,BNCI2014004,6276,BNCI2014004:6276,9,8,session_3,run_0,76,right_hand,1
BNCI2014004,BNCI2014004,6277,BNCI2014004:6277,9,8,session_3,run_0,77,left_hand,0
BNCI2014004,BNCI2014004,6278,BNCI2014004:6278,9,8,session_3,run_0,78,right_hand,1
BNCI2014004,BNCI2014004,6279,BNCI2014004:6279,9,8,session_3,run_0,79,right_hand,1
BNCI2014004,BNCI2014004,6280,BNCI2014004:6280,9,8,session_3,run_0,80,left_hand,0
BNCI2014004,BNCI2014004,6281,BNCI2014004:6281,9,8,session_3,run_0,81,left_hand,0
BNCI2014004,BNCI2014004,6282,BNCI2014004:6282,9,8,session_3,run_0,82,right_hand,1
BNCI2014004,BNCI2014004,6283,BNCI2014004:6283,9,8,session_3,run_0,83,left_hand,0
BNCI2014004,BNCI2014004,6284,BNCI2014004:6284,9,8,session_3,run_0,84,left_hand,0
BNCI2014004,BNCI2014004,6285,BNCI2014004:6285,9,8,session_3,run_0,85,left_hand,0
BNCI2014004,BNCI2014004,6286,BNCI2014004:6286,9,8,session_3,run_0,86,right_hand,1
BNCI2014004,BNCI2014004,6287,BNCI2014004:6287,9,8,session_3,run_0,87,right_hand,1
BNCI2014004,BNCI2014004,6288,BNCI2014004:6288,9,8,session_3,run_0,88,right_hand,1
BNCI2014004,BNCI2014004,6289,BNCI2014004:6289,9,8,session_3,run_0,89,left_hand,0
BNCI2014004,BNCI2014004,6290,BNCI2014004:6290,9,8,session_3,run_0,90,right_hand,1
BNCI2014004,BNCI2014004,6291,BNCI2014004:6291,9,8,session_3,run_0,91,right_hand,1
BNCI2014004,BNCI2014004,6292,BNCI2014004:6292,9,8,session_3,run_0,92,left_hand,0
BNCI2014004,BNCI2014004,6293,BNCI2014004:6293,9,8,session_3,run_0,93,left_hand,0
BNCI2014004,BNCI2014004,6294,BNCI2014004:6294,9,8,session_3,run_0,94,right_hand,1
BNCI2014004,BNCI2014004,6295,BNCI2014004:6295,9,8,session_3,run_0,95,left_hand,0
BNCI2014004,BNCI2014004,6296,BNCI2014004:6296,9,8,session_3,run_0,96,right_hand,1
BNCI2014004,BNCI2014004,6297,BNCI2014004:6297,9,8,session_3,run_0,97,left_hand,0
BNCI2014004,BNCI2014004,6298,BNCI2014004:6298,9,8,session_3,run_0,98,left_hand,0
BNCI2014004,BNCI2014004,6299,BNCI2014004:6299,9,8,session_3,run_0,99,left_hand,0
BNCI2014004,BNCI2014004,6300,BNCI2014004:6300,9,8,session_3,run_0,100,left_hand,0
BNCI2014004,BNCI2014004,6301,BNCI2014004:6301,9,8,session_3,run_0,101,left_hand,0
BNCI2014004,BNCI2014004,6302,BNCI2014004:6302,9,8,session_3,run_0,102,right_hand,1
BNCI2014004,BNCI2014004,6303,BNCI2014004:6303,9,8,session_3,run_0,103,right_hand,1
BNCI2014004,BNCI2014004,6304,BNCI2014004:6304,9,8,session_3,run_0,104,right_hand,1
BNCI2014004,BNCI2014004,6305,BNCI2014004:6305,9,8,session_3,run_0,105,right_hand,1
BNCI2014004,BNCI2014004,6306,BNCI2014004:6306,9,8,session_3,run_0,106,right_hand,1
BNCI2014004,BNCI2014004,6307,BNCI2014004:6307,9,8,session_3,run_0,107,left_hand,0
BNCI2014004,BNCI2014004,6308,BNCI2014004:6308,9,8,session_3,run_0,108,left_hand,0
BNCI2014004,BNCI2014004,6309,BNCI2014004:6309,9,8,session_3,run_0,109,left_hand,0
BNCI2014004,BNCI2014004,6310,BNCI2014004:6310,9,8,session_3,run_0,110,right_hand,1
BNCI2014004,BNCI2014004,6311,BNCI2014004:6311,9,8,session_3,run_0,111,left_hand,0
BNCI2014004,BNCI2014004,6312,BNCI2014004:6312,9,8,session_3,run_0,112,right_hand,1
BNCI2014004,BNCI2014004,6313,BNCI2014004:6313,9,8,session_3,run_0,113,left_hand,0
BNCI2014004,BNCI2014004,6314,BNCI2014004:6314,9,8,session_3,run_0,114,right_hand,1
BNCI2014004,BNCI2014004,6315,BNCI2014004:6315,9,8,session_3,run_0,115,right_hand,1
BNCI2014004,BNCI2014004,6316,BNCI2014004:6316,9,8,session_3,run_0,116,right_hand,1
BNCI2014004,BNCI2014004,6317,BNCI2014004:6317,9,8,session_3,run_0,117,left_hand,0
BNCI2014004,BNCI2014004,6318,BNCI2014004:6318,9,8,session_3,run_0,118,right_hand,1
BNCI2014004,BNCI2014004,6319,BNCI2014004:6319,9,8,session_3,run_0,119,right_hand,1
BNCI2014004,BNCI2014004,6320,BNCI2014004:6320,9,8,session_3,run_0,120,right_hand,1
BNCI2014004,BNCI2014004,6321,BNCI2014004:6321,9,8,session_3,run_0,121,left_hand,0
BNCI2014004,BNCI2014004,6322,BNCI2014004:6322,9,8,session_3,run_0,122,right_hand,1
BNCI2014004,BNCI2014004,6323,BNCI2014004:6323,9,8,session_3,run_0,123,right_hand,1
BNCI2014004,BNCI2014004,6324,BNCI2014004:6324,9,8,session_3,run_0,124,left_hand,0
BNCI2014004,BNCI2014004,6325,BNCI2014004:6325,9,8,session_3,run_0,125,right_hand,1
BNCI2014004,BNCI2014004,6326,BNCI2014004:6326,9,8,session_3,run_0,126,right_hand,1
BNCI2014004,BNCI2014004,6327,BNCI2014004:6327,9,8,session_3,run_0,127,left_hand,0
BNCI2014004,BNCI2014004,6328,BNCI2014004:6328,9,8,session_3,run_0,128,right_hand,1
BNCI2014004,BNCI2014004,6329,BNCI2014004:6329,9,8,session_3,run_0,129,left_hand,0
BNCI2014004,BNCI2014004,6330,BNCI2014004:6330,9,8,session_3,run_0,130,right_hand,1
BNCI2014004,BNCI2014004,6331,BNCI2014004:6331,9,8,session_3,run_0,131,left_hand,0
BNCI2014004,BNCI2014004,6332,BNCI2014004:6332,9,8,session_3,run_0,132,right_hand,1
BNCI2014004,BNCI2014004,6333,BNCI2014004:6333,9,8,session_3,run_0,133,right_hand,1
BNCI2014004,BNCI2014004,6334,BNCI2014004:6334,9,8,session_3,run_0,134,right_hand,1
BNCI2014004,BNCI2014004,6335,BNCI2014004:6335,9,8,session_3,run_0,135,right_hand,1
BNCI2014004,BNCI2014004,6336,BNCI2014004:6336,9,8,session_3,run_0,136,left_hand,0
BNCI2014004,BNCI2014004,6337,BNCI2014004:6337,9,8,session_3,run_0,137,left_hand,0
BNCI2014004,BNCI2014004,6338,BNCI2014004:6338,9,8,session_3,run_0,138,right_hand,1
BNCI2014004,BNCI2014004,6339,BNCI2014004:6339,9,8,session_3,run_0,139,left_hand,0
BNCI2014004,BNCI2014004,6340,BNCI2014004:6340,9,8,session_3,run_0,140,left_hand,0
BNCI2014004,BNCI2014004,6341,BNCI2014004:6341,9,8,session_3,run_0,141,right_hand,1
BNCI2014004,BNCI2014004,6342,BNCI2014004:6342,9,8,session_3,run_0,142,left_hand,0
BNCI2014004,BNCI2014004,6343,BNCI2014004:6343,9,8,session_3,run_0,143,right_hand,1
BNCI2014004,BNCI2014004,6344,BNCI2014004:6344,9,8,session_3,run_0,144,left_hand,0
BNCI2014004,BNCI2014004,6345,BNCI2014004:6345,9,8,session_3,run_0,145,right_hand,1
BNCI2014004,BNCI2014004,6346,BNCI2014004:6346,9,8,session_3,run_0,146,right_hand,1
BNCI2014004,BNCI2014004,6347,BNCI2014004:6347,9,8,session_3,run_0,147,right_hand,1
BNCI2014004,BNCI2014004,6348,BNCI2014004:6348,9,8,session_3,run_0,148,left_hand,0
BNCI2014004,BNCI2014004,6349,BNCI2014004:6349,9,8,session_3,run_0,149,left_hand,0
BNCI2014004,BNCI2014004,6350,BNCI2014004:6350,9,8,session_3,run_0,150,left_hand,0
BNCI2014004,BNCI2014004,6351,BNCI2014004:6351,9,8,session_3,run_0,151,left_hand,0
BNCI2014004,BNCI2014004,6352,BNCI2014004:6352,9,8,session_3,run_0,152,left_hand,0
BNCI2014004,BNCI2014004,6353,BNCI2014004:6353,9,8,session_3,run_0,153,left_hand,0
BNCI2014004,BNCI2014004,6354,BNCI2014004:6354,9,8,session_3,run_0,154,right_hand,1
BNCI2014004,BNCI2014004,6355,BNCI2014004:6355,9,8,session_3,run_0,155,left_hand,0
BNCI2014004,BNCI2014004,6356,BNCI2014004:6356,9,8,session_3,run_0,156,left_hand,0
BNCI2014004,BNCI2014004,6357,BNCI2014004:6357,9,8,session_3,run_0,157,right_hand,1
BNCI2014004,BNCI2014004,6358,BNCI2014004:6358,9,8,session_3,run_0,158,right_hand,1
BNCI2014004,BNCI2014004,6359,BNCI2014004:6359,9,8,session_3,run_0,159,left_hand,0
BNCI2015001,BNCI2015001,0,BNCI2015001:0,1,0,session_A,run_0,0,feet,0
BNCI2015001,BNCI2015001,1,BNCI2015001:1,1,0,session_A,run_0,1,right_hand,1
BNCI2015001,BNCI2015001,2,BNCI2015001:2,1,0,session_A,run_0,2,feet,0
BNCI2015001,BNCI2015001,3,BNCI2015001:3,1,0,session_A,run_0,3,feet,0
BNCI2015001,BNCI2015001,4,BNCI2015001:4,1,0,session_A,run_0,4,right_hand,1
BNCI2015001,BNCI2015001,5,BNCI2015001:5,1,0,session_A,run_0,5,right_hand,1
BNCI2015001,BNCI2015001,6,BNCI2015001:6,1,0,session_A,run_0,6,feet,0
BNCI2015001,BNCI2015001,7,BNCI2015001:7,1,0,session_A,run_0,7,feet,0
BNCI2015001,BNCI2015001,8,BNCI2015001:8,1,0,session_A,run_0,8,feet,0
BNCI2015001,BNCI2015001,9,BNCI2015001:9,1,0,session_A,run_0,9,right_hand,1
BNCI2015001,BNCI2015001,10,BNCI2015001:10,1,0,session_A,run_0,10,feet,0
BNCI2015001,BNCI2015001,11,BNCI2015001:11,1,0,session_A,run_0,11,feet,0
BNCI2015001,BNCI2015001,12,BNCI2015001:12,1,0,session_A,run_0,12,feet,0
BNCI2015001,BNCI2015001,13,BNCI2015001:13,1,0,session_A,run_0,13,right_hand,1
BNCI2015001,BNCI2015001,14,BNCI2015001:14,1,0,session_A,run_0,14,right_hand,1
BNCI2015001,BNCI2015001,15,BNCI2015001:15,1,0,session_A,run_0,15,right_hand,1
BNCI2015001,BNCI2015001,16,BNCI2015001:16,1,0,session_A,run_0,16,feet,0
BNCI2015001,BNCI2015001,17,BNCI2015001:17,1,0,session_A,run_0,17,right_hand,1
BNCI2015001,BNCI2015001,18,BNCI2015001:18,1,0,session_A,run_0,18,feet,0
BNCI2015001,BNCI2015001,19,BNCI2015001:19,1,0,session_A,run_0,19,right_hand,1
BNCI2015001,BNCI2015001,20,BNCI2015001:20,1,0,session_A,run_0,20,feet,0
BNCI2015001,BNCI2015001,21,BNCI2015001:21,1,0,session_A,run_0,21,feet,0
BNCI2015001,BNCI2015001,22,BNCI2015001:22,1,0,session_A,run_0,22,right_hand,1
BNCI2015001,BNCI2015001,23,BNCI2015001:23,1,0,session_A,run_0,23,feet,0
BNCI2015001,BNCI2015001,24,BNCI2015001:24,1,0,session_A,run_0,24,right_hand,1
BNCI2015001,BNCI2015001,25,BNCI2015001:25,1,0,session_A,run_0,25,right_hand,1
BNCI2015001,BNCI2015001,26,BNCI2015001:26,1,0,session_A,run_0,26,right_hand,1
BNCI2015001,BNCI2015001,27,BNCI2015001:27,1,0,session_A,run_0,27,right_hand,1
BNCI2015001,BNCI2015001,28,BNCI2015001:28,1,0,session_A,run_0,28,feet,0
BNCI2015001,BNCI2015001,29,BNCI2015001:29,1,0,session_A,run_0,29,feet,0
BNCI2015001,BNCI2015001,30,BNCI2015001:30,1,0,session_A,run_0,30,right_hand,1
BNCI2015001,BNCI2015001,31,BNCI2015001:31,1,0,session_A,run_0,31,feet,0
BNCI2015001,BNCI2015001,32,BNCI2015001:32,1,0,session_A,run_0,32,feet,0
BNCI2015001,BNCI2015001,33,BNCI2015001:33,1,0,session_A,run_0,33,right_hand,1
BNCI2015001,BNCI2015001,34,BNCI2015001:34,1,0,session_A,run_0,34,feet,0
BNCI2015001,BNCI2015001,35,BNCI2015001:35,1,0,session_A,run_0,35,right_hand,1
BNCI2015001,BNCI2015001,36,BNCI2015001:36,1,0,session_A,run_0,36,right_hand,1
BNCI2015001,BNCI2015001,37,BNCI2015001:37,1,0,session_A,run_0,37,right_hand,1
BNCI2015001,BNCI2015001,38,BNCI2015001:38,1,0,session_A,run_0,38,right_hand,1
BNCI2015001,BNCI2015001,39,BNCI2015001:39,1,0,session_A,run_0,39,feet,0
BNCI2015001,BNCI2015001,40,BNCI2015001:40,1,0,session_A,run_0,40,feet,0
BNCI2015001,BNCI2015001,41,BNCI2015001:41,1,0,session_A,run_0,41,feet,0
BNCI2015001,BNCI2015001,42,BNCI2015001:42,1,0,session_A,run_0,42,right_hand,1
BNCI2015001,BNCI2015001,43,BNCI2015001:43,1,0,session_A,run_0,43,right_hand,1
BNCI2015001,BNCI2015001,44,BNCI2015001:44,1,0,session_A,run_0,44,feet,0
BNCI2015001,BNCI2015001,45,BNCI2015001:45,1,0,session_A,run_0,45,right_hand,1
BNCI2015001,BNCI2015001,46,BNCI2015001:46,1,0,session_A,run_0,46,feet,0
BNCI2015001,BNCI2015001,47,BNCI2015001:47,1,0,session_A,run_0,47,right_hand,1
BNCI2015001,BNCI2015001,48,BNCI2015001:48,1,0,session_A,run_0,48,feet,0
BNCI2015001,BNCI2015001,49,BNCI2015001:49,1,0,session_A,run_0,49,right_hand,1
BNCI2015001,BNCI2015001,50,BNCI2015001:50,1,0,session_A,run_0,50,right_hand,1
BNCI2015001,BNCI2015001,51,BNCI2015001:51,1,0,session_A,run_0,51,right_hand,1
BNCI2015001,BNCI2015001,52,BNCI2015001:52,1,0,session_A,run_0,52,feet,0
BNCI2015001,BNCI2015001,53,BNCI2015001:53,1,0,session_A,run_0,53,feet,0
BNCI2015001,BNCI2015001,54,BNCI2015001:54,1,0,session_A,run_0,54,right_hand,1
BNCI2015001,BNCI2015001,55,BNCI2015001:55,1,0,session_A,run_0,55,right_hand,1
BNCI2015001,BNCI2015001,56,BNCI2015001:56,1,0,session_A,run_0,56,right_hand,1
BNCI2015001,BNCI2015001,57,BNCI2015001:57,1,0,session_A,run_0,57,right_hand,1
BNCI2015001,BNCI2015001,58,BNCI2015001:58,1,0,session_A,run_0,58,feet,0
BNCI2015001,BNCI2015001,59,BNCI2015001:59,1,0,session_A,run_0,59,right_hand,1
BNCI2015001,BNCI2015001,60,BNCI2015001:60,1,0,session_A,run_0,60,feet,0
BNCI2015001,BNCI2015001,61,BNCI2015001:61,1,0,session_A,run_0,61,feet,0
BNCI2015001,BNCI2015001,62,BNCI2015001:62,1,0,session_A,run_0,62,right_hand,1
BNCI2015001,BNCI2015001,63,BNCI2015001:63,1,0,session_A,run_0,63,feet,0
BNCI2015001,BNCI2015001,64,BNCI2015001:64,1,0,session_A,run_0,64,right_hand,1
BNCI2015001,BNCI2015001,65,BNCI2015001:65,1,0,session_A,run_0,65,right_hand,1
BNCI2015001,BNCI2015001,66,BNCI2015001:66,1,0,session_A,run_0,66,feet,0
BNCI2015001,BNCI2015001,67,BNCI2015001:67,1,0,session_A,run_0,67,feet,0
BNCI2015001,BNCI2015001,68,BNCI2015001:68,1,0,session_A,run_0,68,right_hand,1
BNCI2015001,BNCI2015001,69,BNCI2015001:69,1,0,session_A,run_0,69,right_hand,1
BNCI2015001,BNCI2015001,70,BNCI2015001:70,1,0,session_A,run_0,70,feet,0
BNCI2015001,BNCI2015001,71,BNCI2015001:71,1,0,session_A,run_0,71,feet,0
BNCI2015001,BNCI2015001,72,BNCI2015001:72,1,0,session_A,run_0,72,feet,0
BNCI2015001,BNCI2015001,73,BNCI2015001:73,1,0,session_A,run_0,73,right_hand,1
BNCI2015001,BNCI2015001,74,BNCI2015001:74,1,0,session_A,run_0,74,feet,0
BNCI2015001,BNCI2015001,75,BNCI2015001:75,1,0,session_A,run_0,75,right_hand,1
BNCI2015001,BNCI2015001,76,BNCI2015001:76,1,0,session_A,run_0,76,right_hand,1
BNCI2015001,BNCI2015001,77,BNCI2015001:77,1,0,session_A,run_0,77,feet,0
BNCI2015001,BNCI2015001,78,BNCI2015001:78,1,0,session_A,run_0,78,feet,0
BNCI2015001,BNCI2015001,79,BNCI2015001:79,1,0,session_A,run_0,79,feet,0
BNCI2015001,BNCI2015001,80,BNCI2015001:80,1,0,session_A,run_0,80,feet,0
BNCI2015001,BNCI2015001,81,BNCI2015001:81,1,0,session_A,run_0,81,feet,0
BNCI2015001,BNCI2015001,82,BNCI2015001:82,1,0,session_A,run_0,82,feet,0
BNCI2015001,BNCI2015001,83,BNCI2015001:83,1,0,session_A,run_0,83,right_hand,1
BNCI2015001,BNCI2015001,84,BNCI2015001:84,1,0,session_A,run_0,84,right_hand,1
BNCI2015001,BNCI2015001,85,BNCI2015001:85,1,0,session_A,run_0,85,feet,0
BNCI2015001,BNCI2015001,86,BNCI2015001:86,1,0,session_A,run_0,86,right_hand,1
BNCI2015001,BNCI2015001,87,BNCI2015001:87,1,0,session_A,run_0,87,feet,0
BNCI2015001,BNCI2015001,88,BNCI2015001:88,1,0,session_A,run_0,88,right_hand,1
BNCI2015001,BNCI2015001,89,BNCI2015001:89,1,0,session_A,run_0,89,right_hand,1
BNCI2015001,BNCI2015001,90,BNCI2015001:90,1,0,session_A,run_0,90,right_hand,1
BNCI2015001,BNCI2015001,91,BNCI2015001:91,1,0,session_A,run_0,91,right_hand,1
BNCI2015001,BNCI2015001,92,BNCI2015001:92,1,0,session_A,run_0,92,right_hand,1
BNCI2015001,BNCI2015001,93,BNCI2015001:93,1,0,session_A,run_0,93,feet,0
BNCI2015001,BNCI2015001,94,BNCI2015001:94,1,0,session_A,run_0,94,feet,0
BNCI2015001,BNCI2015001,95,BNCI2015001:95,1,0,session_A,run_0,95,right_hand,1
BNCI2015001,BNCI2015001,96,BNCI2015001:96,1,0,session_A,run_0,96,right_hand,1
BNCI2015001,BNCI2015001,97,BNCI2015001:97,1,0,session_A,run_0,97,feet,0
BNCI2015001,BNCI2015001,98,BNCI2015001:98,1,0,session_A,run_0,98,right_hand,1
BNCI2015001,BNCI2015001,99,BNCI2015001:99,1,0,session_A,run_0,99,right_hand,1
BNCI2015001,BNCI2015001,100,BNCI2015001:100,1,0,session_A,run_0,100,feet,0
BNCI2015001,BNCI2015001,101,BNCI2015001:101,1,0,session_A,run_0,101,right_hand,1
BNCI2015001,BNCI2015001,102,BNCI2015001:102,1,0,session_A,run_0,102,right_hand,1
BNCI2015001,BNCI2015001,103,BNCI2015001:103,1,0,session_A,run_0,103,right_hand,1
BNCI2015001,BNCI2015001,104,BNCI2015001:104,1,0,session_A,run_0,104,feet,0
BNCI2015001,BNCI2015001,105,BNCI2015001:105,1,0,session_A,run_0,105,feet,0
BNCI2015001,BNCI2015001,106,BNCI2015001:106,1,0,session_A,run_0,106,feet,0
BNCI2015001,BNCI2015001,107,BNCI2015001:107,1,0,session_A,run_0,107,feet,0
BNCI2015001,BNCI2015001,108,BNCI2015001:108,1,0,session_A,run_0,108,feet,0
BNCI2015001,BNCI2015001,109,BNCI2015001:109,1,0,session_A,run_0,109,right_hand,1
BNCI2015001,BNCI2015001,110,BNCI2015001:110,1,0,session_A,run_0,110,feet,0
BNCI2015001,BNCI2015001,111,BNCI2015001:111,1,0,session_A,run_0,111,right_hand,1
BNCI2015001,BNCI2015001,112,BNCI2015001:112,1,0,session_A,run_0,112,feet,0
BNCI2015001,BNCI2015001,113,BNCI2015001:113,1,0,session_A,run_0,113,feet,0
BNCI2015001,BNCI2015001,114,BNCI2015001:114,1,0,session_A,run_0,114,feet,0
BNCI2015001,BNCI2015001,115,BNCI2015001:115,1,0,session_A,run_0,115,feet,0
BNCI2015001,BNCI2015001,116,BNCI2015001:116,1,0,session_A,run_0,116,feet,0
BNCI2015001,BNCI2015001,117,BNCI2015001:117,1,0,session_A,run_0,117,right_hand,1
BNCI2015001,BNCI2015001,118,BNCI2015001:118,1,0,session_A,run_0,118,right_hand,1
BNCI2015001,BNCI2015001,119,BNCI2015001:119,1,0,session_A,run_0,119,right_hand,1
BNCI2015001,BNCI2015001,120,BNCI2015001:120,1,0,session_A,run_0,120,right_hand,1
BNCI2015001,BNCI2015001,121,BNCI2015001:121,1,0,session_A,run_0,121,right_hand,1
BNCI2015001,BNCI2015001,122,BNCI2015001:122,1,0,session_A,run_0,122,feet,0
BNCI2015001,BNCI2015001,123,BNCI2015001:123,1,0,session_A,run_0,123,right_hand,1
BNCI2015001,BNCI2015001,124,BNCI2015001:124,1,0,session_A,run_0,124,feet,0
BNCI2015001,BNCI2015001,125,BNCI2015001:125,1,0,session_A,run_0,125,feet,0
BNCI2015001,BNCI2015001,126,BNCI2015001:126,1,0,session_A,run_0,126,right_hand,1
BNCI2015001,BNCI2015001,127,BNCI2015001:127,1,0,session_A,run_0,127,right_hand,1
BNCI2015001,BNCI2015001,128,BNCI2015001:128,1,0,session_A,run_0,128,right_hand,1
BNCI2015001,BNCI2015001,129,BNCI2015001:129,1,0,session_A,run_0,129,right_hand,1
BNCI2015001,BNCI2015001,130,BNCI2015001:130,1,0,session_A,run_0,130,feet,0
BNCI2015001,BNCI2015001,131,BNCI2015001:131,1,0,session_A,run_0,131,feet,0
BNCI2015001,BNCI2015001,132,BNCI2015001:132,1,0,session_A,run_0,132,right_hand,1
BNCI2015001,BNCI2015001,133,BNCI2015001:133,1,0,session_A,run_0,133,feet,0
BNCI2015001,BNCI2015001,134,BNCI2015001:134,1,0,session_A,run_0,134,right_hand,1
BNCI2015001,BNCI2015001,135,BNCI2015001:135,1,0,session_A,run_0,135,feet,0
BNCI2015001,BNCI2015001,136,BNCI2015001:136,1,0,session_A,run_0,136,feet,0
BNCI2015001,BNCI2015001,137,BNCI2015001:137,1,0,session_A,run_0,137,feet,0
BNCI2015001,BNCI2015001,138,BNCI2015001:138,1,0,session_A,run_0,138,feet,0
BNCI2015001,BNCI2015001,139,BNCI2015001:139,1,0,session_A,run_0,139,feet,0
BNCI2015001,BNCI2015001,140,BNCI2015001:140,1,0,session_A,run_0,140,feet,0
BNCI2015001,BNCI2015001,141,BNCI2015001:141,1,0,session_A,run_0,141,right_hand,1
BNCI2015001,BNCI2015001,142,BNCI2015001:142,1,0,session_A,run_0,142,right_hand,1
BNCI2015001,BNCI2015001,143,BNCI2015001:143,1,0,session_A,run_0,143,feet,0
BNCI2015001,BNCI2015001,144,BNCI2015001:144,1,0,session_A,run_0,144,feet,0
BNCI2015001,BNCI2015001,145,BNCI2015001:145,1,0,session_A,run_0,145,right_hand,1
BNCI2015001,BNCI2015001,146,BNCI2015001:146,1,0,session_A,run_0,146,right_hand,1
BNCI2015001,BNCI2015001,147,BNCI2015001:147,1,0,session_A,run_0,147,feet,0
BNCI2015001,BNCI2015001,148,BNCI2015001:148,1,0,session_A,run_0,148,right_hand,1
BNCI2015001,BNCI2015001,149,BNCI2015001:149,1,0,session_A,run_0,149,feet,0
BNCI2015001,BNCI2015001,150,BNCI2015001:150,1,0,session_A,run_0,150,right_hand,1
BNCI2015001,BNCI2015001,151,BNCI2015001:151,1,0,session_A,run_0,151,right_hand,1
BNCI2015001,BNCI2015001,152,BNCI2015001:152,1,0,session_A,run_0,152,feet,0
BNCI2015001,BNCI2015001,153,BNCI2015001:153,1,0,session_A,run_0,153,right_hand,1
BNCI2015001,BNCI2015001,154,BNCI2015001:154,1,0,session_A,run_0,154,right_hand,1
BNCI2015001,BNCI2015001,155,BNCI2015001:155,1,0,session_A,run_0,155,right_hand,1
BNCI2015001,BNCI2015001,156,BNCI2015001:156,1,0,session_A,run_0,156,feet,0
BNCI2015001,BNCI2015001,157,BNCI2015001:157,1,0,session_A,run_0,157,feet,0
BNCI2015001,BNCI2015001,158,BNCI2015001:158,1,0,session_A,run_0,158,feet,0
BNCI2015001,BNCI2015001,159,BNCI2015001:159,1,0,session_A,run_0,159,right_hand,1
BNCI2015001,BNCI2015001,160,BNCI2015001:160,1,0,session_A,run_0,160,feet,0
BNCI2015001,BNCI2015001,161,BNCI2015001:161,1,0,session_A,run_0,161,right_hand,1
BNCI2015001,BNCI2015001,162,BNCI2015001:162,1,0,session_A,run_0,162,right_hand,1
BNCI2015001,BNCI2015001,163,BNCI2015001:163,1,0,session_A,run_0,163,feet,0
BNCI2015001,BNCI2015001,164,BNCI2015001:164,1,0,session_A,run_0,164,feet,0
BNCI2015001,BNCI2015001,165,BNCI2015001:165,1,0,session_A,run_0,165,feet,0
BNCI2015001,BNCI2015001,166,BNCI2015001:166,1,0,session_A,run_0,166,right_hand,1
BNCI2015001,BNCI2015001,167,BNCI2015001:167,1,0,session_A,run_0,167,feet,0
BNCI2015001,BNCI2015001,168,BNCI2015001:168,1,0,session_A,run_0,168,right_hand,1
BNCI2015001,BNCI2015001,169,BNCI2015001:169,1,0,session_A,run_0,169,right_hand,1
BNCI2015001,BNCI2015001,170,BNCI2015001:170,1,0,session_A,run_0,170,right_hand,1
BNCI2015001,BNCI2015001,171,BNCI2015001:171,1,0,session_A,run_0,171,right_hand,1
BNCI2015001,BNCI2015001,172,BNCI2015001:172,1,0,session_A,run_0,172,right_hand,1
BNCI2015001,BNCI2015001,173,BNCI2015001:173,1,0,session_A,run_0,173,feet,0
BNCI2015001,BNCI2015001,174,BNCI2015001:174,1,0,session_A,run_0,174,right_hand,1
BNCI2015001,BNCI2015001,175,BNCI2015001:175,1,0,session_A,run_0,175,right_hand,1
BNCI2015001,BNCI2015001,176,BNCI2015001:176,1,0,session_A,run_0,176,right_hand,1
BNCI2015001,BNCI2015001,177,BNCI2015001:177,1,0,session_A,run_0,177,right_hand,1
BNCI2015001,BNCI2015001,178,BNCI2015001:178,1,0,session_A,run_0,178,feet,0
BNCI2015001,BNCI2015001,179,BNCI2015001:179,1,0,session_A,run_0,179,feet,0
BNCI2015001,BNCI2015001,180,BNCI2015001:180,1,0,session_A,run_0,180,feet,0
BNCI2015001,BNCI2015001,181,BNCI2015001:181,1,0,session_A,run_0,181,right_hand,1
BNCI2015001,BNCI2015001,182,BNCI2015001:182,1,0,session_A,run_0,182,feet,0
BNCI2015001,BNCI2015001,183,BNCI2015001:183,1,0,session_A,run_0,183,feet,0
BNCI2015001,BNCI2015001,184,BNCI2015001:184,1,0,session_A,run_0,184,feet,0
BNCI2015001,BNCI2015001,185,BNCI2015001:185,1,0,session_A,run_0,185,feet,0
BNCI2015001,BNCI2015001,186,BNCI2015001:186,1,0,session_A,run_0,186,feet,0
BNCI2015001,BNCI2015001,187,BNCI2015001:187,1,0,session_A,run_0,187,right_hand,1
BNCI2015001,BNCI2015001,188,BNCI2015001:188,1,0,session_A,run_0,188,feet,0
BNCI2015001,BNCI2015001,189,BNCI2015001:189,1,0,session_A,run_0,189,right_hand,1
BNCI2015001,BNCI2015001,190,BNCI2015001:190,1,0,session_A,run_0,190,right_hand,1
BNCI2015001,BNCI2015001,191,BNCI2015001:191,1,0,session_A,run_0,191,feet,0
BNCI2015001,BNCI2015001,192,BNCI2015001:192,1,0,session_A,run_0,192,feet,0
BNCI2015001,BNCI2015001,193,BNCI2015001:193,1,0,session_A,run_0,193,right_hand,1
BNCI2015001,BNCI2015001,194,BNCI2015001:194,1,0,session_A,run_0,194,feet,0
BNCI2015001,BNCI2015001,195,BNCI2015001:195,1,0,session_A,run_0,195,right_hand,1
BNCI2015001,BNCI2015001,196,BNCI2015001:196,1,0,session_A,run_0,196,right_hand,1
BNCI2015001,BNCI2015001,197,BNCI2015001:197,1,0,session_A,run_0,197,right_hand,1
BNCI2015001,BNCI2015001,198,BNCI2015001:198,1,0,session_A,run_0,198,feet,0
BNCI2015001,BNCI2015001,199,BNCI2015001:199,1,0,session_A,run_0,199,feet,0
BNCI2015001,BNCI2015001,400,BNCI2015001:400,2,1,session_A,run_0,0,feet,0
BNCI2015001,BNCI2015001,401,BNCI2015001:401,2,1,session_A,run_0,1,right_hand,1
BNCI2015001,BNCI2015001,402,BNCI2015001:402,2,1,session_A,run_0,2,feet,0
BNCI2015001,BNCI2015001,403,BNCI2015001:403,2,1,session_A,run_0,3,feet,0
BNCI2015001,BNCI2015001,404,BNCI2015001:404,2,1,session_A,run_0,4,right_hand,1
BNCI2015001,BNCI2015001,405,BNCI2015001:405,2,1,session_A,run_0,5,right_hand,1
BNCI2015001,BNCI2015001,406,BNCI2015001:406,2,1,session_A,run_0,6,feet,0
BNCI2015001,BNCI2015001,407,BNCI2015001:407,2,1,session_A,run_0,7,feet,0
BNCI2015001,BNCI2015001,408,BNCI2015001:408,2,1,session_A,run_0,8,feet,0
BNCI2015001,BNCI2015001,409,BNCI2015001:409,2,1,session_A,run_0,9,right_hand,1
BNCI2015001,BNCI2015001,410,BNCI2015001:410,2,1,session_A,run_0,10,feet,0
BNCI2015001,BNCI2015001,411,BNCI2015001:411,2,1,session_A,run_0,11,feet,0
BNCI2015001,BNCI2015001,412,BNCI2015001:412,2,1,session_A,run_0,12,feet,0
BNCI2015001,BNCI2015001,413,BNCI2015001:413,2,1,session_A,run_0,13,right_hand,1
BNCI2015001,BNCI2015001,414,BNCI2015001:414,2,1,session_A,run_0,14,right_hand,1
BNCI2015001,BNCI2015001,415,BNCI2015001:415,2,1,session_A,run_0,15,right_hand,1
BNCI2015001,BNCI2015001,416,BNCI2015001:416,2,1,session_A,run_0,16,feet,0
BNCI2015001,BNCI2015001,417,BNCI2015001:417,2,1,session_A,run_0,17,right_hand,1
BNCI2015001,BNCI2015001,418,BNCI2015001:418,2,1,session_A,run_0,18,feet,0
BNCI2015001,BNCI2015001,419,BNCI2015001:419,2,1,session_A,run_0,19,right_hand,1
BNCI2015001,BNCI2015001,420,BNCI2015001:420,2,1,session_A,run_0,20,feet,0
BNCI2015001,BNCI2015001,421,BNCI2015001:421,2,1,session_A,run_0,21,feet,0
BNCI2015001,BNCI2015001,422,BNCI2015001:422,2,1,session_A,run_0,22,right_hand,1
BNCI2015001,BNCI2015001,423,BNCI2015001:423,2,1,session_A,run_0,23,feet,0
BNCI2015001,BNCI2015001,424,BNCI2015001:424,2,1,session_A,run_0,24,right_hand,1
BNCI2015001,BNCI2015001,425,BNCI2015001:425,2,1,session_A,run_0,25,right_hand,1
BNCI2015001,BNCI2015001,426,BNCI2015001:426,2,1,session_A,run_0,26,right_hand,1
BNCI2015001,BNCI2015001,427,BNCI2015001:427,2,1,session_A,run_0,27,right_hand,1
BNCI2015001,BNCI2015001,428,BNCI2015001:428,2,1,session_A,run_0,28,feet,0
BNCI2015001,BNCI2015001,429,BNCI2015001:429,2,1,session_A,run_0,29,feet,0
BNCI2015001,BNCI2015001,430,BNCI2015001:430,2,1,session_A,run_0,30,right_hand,1
BNCI2015001,BNCI2015001,431,BNCI2015001:431,2,1,session_A,run_0,31,feet,0
BNCI2015001,BNCI2015001,432,BNCI2015001:432,2,1,session_A,run_0,32,feet,0
BNCI2015001,BNCI2015001,433,BNCI2015001:433,2,1,session_A,run_0,33,right_hand,1
BNCI2015001,BNCI2015001,434,BNCI2015001:434,2,1,session_A,run_0,34,feet,0
BNCI2015001,BNCI2015001,435,BNCI2015001:435,2,1,session_A,run_0,35,right_hand,1
BNCI2015001,BNCI2015001,436,BNCI2015001:436,2,1,session_A,run_0,36,right_hand,1
BNCI2015001,BNCI2015001,437,BNCI2015001:437,2,1,session_A,run_0,37,right_hand,1
BNCI2015001,BNCI2015001,438,BNCI2015001:438,2,1,session_A,run_0,38,right_hand,1
BNCI2015001,BNCI2015001,439,BNCI2015001:439,2,1,session_A,run_0,39,feet,0
BNCI2015001,BNCI2015001,440,BNCI2015001:440,2,1,session_A,run_0,40,feet,0
BNCI2015001,BNCI2015001,441,BNCI2015001:441,2,1,session_A,run_0,41,feet,0
BNCI2015001,BNCI2015001,442,BNCI2015001:442,2,1,session_A,run_0,42,right_hand,1
BNCI2015001,BNCI2015001,443,BNCI2015001:443,2,1,session_A,run_0,43,right_hand,1
BNCI2015001,BNCI2015001,444,BNCI2015001:444,2,1,session_A,run_0,44,feet,0
BNCI2015001,BNCI2015001,445,BNCI2015001:445,2,1,session_A,run_0,45,right_hand,1
BNCI2015001,BNCI2015001,446,BNCI2015001:446,2,1,session_A,run_0,46,feet,0
BNCI2015001,BNCI2015001,447,BNCI2015001:447,2,1,session_A,run_0,47,right_hand,1
BNCI2015001,BNCI2015001,448,BNCI2015001:448,2,1,session_A,run_0,48,feet,0
BNCI2015001,BNCI2015001,449,BNCI2015001:449,2,1,session_A,run_0,49,right_hand,1
BNCI2015001,BNCI2015001,450,BNCI2015001:450,2,1,session_A,run_0,50,right_hand,1
BNCI2015001,BNCI2015001,451,BNCI2015001:451,2,1,session_A,run_0,51,right_hand,1
BNCI2015001,BNCI2015001,452,BNCI2015001:452,2,1,session_A,run_0,52,feet,0
BNCI2015001,BNCI2015001,453,BNCI2015001:453,2,1,session_A,run_0,53,feet,0
BNCI2015001,BNCI2015001,454,BNCI2015001:454,2,1,session_A,run_0,54,right_hand,1
BNCI2015001,BNCI2015001,455,BNCI2015001:455,2,1,session_A,run_0,55,right_hand,1
BNCI2015001,BNCI2015001,456,BNCI2015001:456,2,1,session_A,run_0,56,right_hand,1
BNCI2015001,BNCI2015001,457,BNCI2015001:457,2,1,session_A,run_0,57,right_hand,1
BNCI2015001,BNCI2015001,458,BNCI2015001:458,2,1,session_A,run_0,58,feet,0
BNCI2015001,BNCI2015001,459,BNCI2015001:459,2,1,session_A,run_0,59,right_hand,1
BNCI2015001,BNCI2015001,460,BNCI2015001:460,2,1,session_A,run_0,60,feet,0
BNCI2015001,BNCI2015001,461,BNCI2015001:461,2,1,session_A,run_0,61,feet,0
BNCI2015001,BNCI2015001,462,BNCI2015001:462,2,1,session_A,run_0,62,right_hand,1
BNCI2015001,BNCI2015001,463,BNCI2015001:463,2,1,session_A,run_0,63,feet,0
BNCI2015001,BNCI2015001,464,BNCI2015001:464,2,1,session_A,run_0,64,right_hand,1
BNCI2015001,BNCI2015001,465,BNCI2015001:465,2,1,session_A,run_0,65,right_hand,1
BNCI2015001,BNCI2015001,466,BNCI2015001:466,2,1,session_A,run_0,66,feet,0
BNCI2015001,BNCI2015001,467,BNCI2015001:467,2,1,session_A,run_0,67,feet,0
BNCI2015001,BNCI2015001,468,BNCI2015001:468,2,1,session_A,run_0,68,right_hand,1
BNCI2015001,BNCI2015001,469,BNCI2015001:469,2,1,session_A,run_0,69,right_hand,1
BNCI2015001,BNCI2015001,470,BNCI2015001:470,2,1,session_A,run_0,70,feet,0
BNCI2015001,BNCI2015001,471,BNCI2015001:471,2,1,session_A,run_0,71,feet,0
BNCI2015001,BNCI2015001,472,BNCI2015001:472,2,1,session_A,run_0,72,feet,0
BNCI2015001,BNCI2015001,473,BNCI2015001:473,2,1,session_A,run_0,73,right_hand,1
BNCI2015001,BNCI2015001,474,BNCI2015001:474,2,1,session_A,run_0,74,feet,0
BNCI2015001,BNCI2015001,475,BNCI2015001:475,2,1,session_A,run_0,75,right_hand,1
BNCI2015001,BNCI2015001,476,BNCI2015001:476,2,1,session_A,run_0,76,right_hand,1
BNCI2015001,BNCI2015001,477,BNCI2015001:477,2,1,session_A,run_0,77,feet,0
BNCI2015001,BNCI2015001,478,BNCI2015001:478,2,1,session_A,run_0,78,feet,0
BNCI2015001,BNCI2015001,479,BNCI2015001:479,2,1,session_A,run_0,79,feet,0
BNCI2015001,BNCI2015001,480,BNCI2015001:480,2,1,session_A,run_0,80,feet,0
BNCI2015001,BNCI2015001,481,BNCI2015001:481,2,1,session_A,run_0,81,feet,0
BNCI2015001,BNCI2015001,482,BNCI2015001:482,2,1,session_A,run_0,82,feet,0
BNCI2015001,BNCI2015001,483,BNCI2015001:483,2,1,session_A,run_0,83,right_hand,1
BNCI2015001,BNCI2015001,484,BNCI2015001:484,2,1,session_A,run_0,84,right_hand,1
BNCI2015001,BNCI2015001,485,BNCI2015001:485,2,1,session_A,run_0,85,feet,0
BNCI2015001,BNCI2015001,486,BNCI2015001:486,2,1,session_A,run_0,86,right_hand,1
BNCI2015001,BNCI2015001,487,BNCI2015001:487,2,1,session_A,run_0,87,feet,0
BNCI2015001,BNCI2015001,488,BNCI2015001:488,2,1,session_A,run_0,88,right_hand,1
BNCI2015001,BNCI2015001,489,BNCI2015001:489,2,1,session_A,run_0,89,right_hand,1
BNCI2015001,BNCI2015001,490,BNCI2015001:490,2,1,session_A,run_0,90,right_hand,1
BNCI2015001,BNCI2015001,491,BNCI2015001:491,2,1,session_A,run_0,91,right_hand,1
BNCI2015001,BNCI2015001,492,BNCI2015001:492,2,1,session_A,run_0,92,right_hand,1
BNCI2015001,BNCI2015001,493,BNCI2015001:493,2,1,session_A,run_0,93,feet,0
BNCI2015001,BNCI2015001,494,BNCI2015001:494,2,1,session_A,run_0,94,feet,0
BNCI2015001,BNCI2015001,495,BNCI2015001:495,2,1,session_A,run_0,95,right_hand,1
BNCI2015001,BNCI2015001,496,BNCI2015001:496,2,1,session_A,run_0,96,right_hand,1
BNCI2015001,BNCI2015001,497,BNCI2015001:497,2,1,session_A,run_0,97,feet,0
BNCI2015001,BNCI2015001,498,BNCI2015001:498,2,1,session_A,run_0,98,right_hand,1
BNCI2015001,BNCI2015001,499,BNCI2015001:499,2,1,session_A,run_0,99,right_hand,1
BNCI2015001,BNCI2015001,500,BNCI2015001:500,2,1,session_A,run_0,100,feet,0
BNCI2015001,BNCI2015001,501,BNCI2015001:501,2,1,session_A,run_0,101,right_hand,1
BNCI2015001,BNCI2015001,502,BNCI2015001:502,2,1,session_A,run_0,102,right_hand,1
BNCI2015001,BNCI2015001,503,BNCI2015001:503,2,1,session_A,run_0,103,right_hand,1
BNCI2015001,BNCI2015001,504,BNCI2015001:504,2,1,session_A,run_0,104,feet,0
BNCI2015001,BNCI2015001,505,BNCI2015001:505,2,1,session_A,run_0,105,feet,0
BNCI2015001,BNCI2015001,506,BNCI2015001:506,2,1,session_A,run_0,106,feet,0
BNCI2015001,BNCI2015001,507,BNCI2015001:507,2,1,session_A,run_0,107,feet,0
BNCI2015001,BNCI2015001,508,BNCI2015001:508,2,1,session_A,run_0,108,feet,0
BNCI2015001,BNCI2015001,509,BNCI2015001:509,2,1,session_A,run_0,109,right_hand,1
BNCI2015001,BNCI2015001,510,BNCI2015001:510,2,1,session_A,run_0,110,feet,0
BNCI2015001,BNCI2015001,511,BNCI2015001:511,2,1,session_A,run_0,111,right_hand,1
BNCI2015001,BNCI2015001,512,BNCI2015001:512,2,1,session_A,run_0,112,feet,0
BNCI2015001,BNCI2015001,513,BNCI2015001:513,2,1,session_A,run_0,113,feet,0
BNCI2015001,BNCI2015001,514,BNCI2015001:514,2,1,session_A,run_0,114,feet,0
BNCI2015001,BNCI2015001,515,BNCI2015001:515,2,1,session_A,run_0,115,feet,0
BNCI2015001,BNCI2015001,516,BNCI2015001:516,2,1,session_A,run_0,116,feet,0
BNCI2015001,BNCI2015001,517,BNCI2015001:517,2,1,session_A,run_0,117,right_hand,1
BNCI2015001,BNCI2015001,518,BNCI2015001:518,2,1,session_A,run_0,118,right_hand,1
BNCI2015001,BNCI2015001,519,BNCI2015001:519,2,1,session_A,run_0,119,right_hand,1
BNCI2015001,BNCI2015001,520,BNCI2015001:520,2,1,session_A,run_0,120,right_hand,1
BNCI2015001,BNCI2015001,521,BNCI2015001:521,2,1,session_A,run_0,121,right_hand,1
BNCI2015001,BNCI2015001,522,BNCI2015001:522,2,1,session_A,run_0,122,feet,0
BNCI2015001,BNCI2015001,523,BNCI2015001:523,2,1,session_A,run_0,123,right_hand,1
BNCI2015001,BNCI2015001,524,BNCI2015001:524,2,1,session_A,run_0,124,feet,0
BNCI2015001,BNCI2015001,525,BNCI2015001:525,2,1,session_A,run_0,125,feet,0
BNCI2015001,BNCI2015001,526,BNCI2015001:526,2,1,session_A,run_0,126,right_hand,1
BNCI2015001,BNCI2015001,527,BNCI2015001:527,2,1,session_A,run_0,127,right_hand,1
BNCI2015001,BNCI2015001,528,BNCI2015001:528,2,1,session_A,run_0,128,right_hand,1
BNCI2015001,BNCI2015001,529,BNCI2015001:529,2,1,session_A,run_0,129,right_hand,1
BNCI2015001,BNCI2015001,530,BNCI2015001:530,2,1,session_A,run_0,130,feet,0
BNCI2015001,BNCI2015001,531,BNCI2015001:531,2,1,session_A,run_0,131,feet,0
BNCI2015001,BNCI2015001,532,BNCI2015001:532,2,1,session_A,run_0,132,right_hand,1
BNCI2015001,BNCI2015001,533,BNCI2015001:533,2,1,session_A,run_0,133,feet,0
BNCI2015001,BNCI2015001,534,BNCI2015001:534,2,1,session_A,run_0,134,right_hand,1
BNCI2015001,BNCI2015001,535,BNCI2015001:535,2,1,session_A,run_0,135,feet,0
BNCI2015001,BNCI2015001,536,BNCI2015001:536,2,1,session_A,run_0,136,feet,0
BNCI2015001,BNCI2015001,537,BNCI2015001:537,2,1,session_A,run_0,137,feet,0
BNCI2015001,BNCI2015001,538,BNCI2015001:538,2,1,session_A,run_0,138,feet,0
BNCI2015001,BNCI2015001,539,BNCI2015001:539,2,1,session_A,run_0,139,feet,0
BNCI2015001,BNCI2015001,540,BNCI2015001:540,2,1,session_A,run_0,140,feet,0
BNCI2015001,BNCI2015001,541,BNCI2015001:541,2,1,session_A,run_0,141,right_hand,1
BNCI2015001,BNCI2015001,542,BNCI2015001:542,2,1,session_A,run_0,142,right_hand,1
BNCI2015001,BNCI2015001,543,BNCI2015001:543,2,1,session_A,run_0,143,feet,0
BNCI2015001,BNCI2015001,544,BNCI2015001:544,2,1,session_A,run_0,144,feet,0
BNCI2015001,BNCI2015001,545,BNCI2015001:545,2,1,session_A,run_0,145,right_hand,1
BNCI2015001,BNCI2015001,546,BNCI2015001:546,2,1,session_A,run_0,146,right_hand,1
BNCI2015001,BNCI2015001,547,BNCI2015001:547,2,1,session_A,run_0,147,feet,0
BNCI2015001,BNCI2015001,548,BNCI2015001:548,2,1,session_A,run_0,148,right_hand,1
BNCI2015001,BNCI2015001,549,BNCI2015001:549,2,1,session_A,run_0,149,feet,0
BNCI2015001,BNCI2015001,550,BNCI2015001:550,2,1,session_A,run_0,150,right_hand,1
BNCI2015001,BNCI2015001,551,BNCI2015001:551,2,1,session_A,run_0,151,right_hand,1
BNCI2015001,BNCI2015001,552,BNCI2015001:552,2,1,session_A,run_0,152,feet,0
BNCI2015001,BNCI2015001,553,BNCI2015001:553,2,1,session_A,run_0,153,right_hand,1
BNCI2015001,BNCI2015001,554,BNCI2015001:554,2,1,session_A,run_0,154,right_hand,1
BNCI2015001,BNCI2015001,555,BNCI2015001:555,2,1,session_A,run_0,155,right_hand,1
BNCI2015001,BNCI2015001,556,BNCI2015001:556,2,1,session_A,run_0,156,feet,0
BNCI2015001,BNCI2015001,557,BNCI2015001:557,2,1,session_A,run_0,157,feet,0
BNCI2015001,BNCI2015001,558,BNCI2015001:558,2,1,session_A,run_0,158,feet,0
BNCI2015001,BNCI2015001,559,BNCI2015001:559,2,1,session_A,run_0,159,right_hand,1
BNCI2015001,BNCI2015001,560,BNCI2015001:560,2,1,session_A,run_0,160,feet,0
BNCI2015001,BNCI2015001,561,BNCI2015001:561,2,1,session_A,run_0,161,right_hand,1
BNCI2015001,BNCI2015001,562,BNCI2015001:562,2,1,session_A,run_0,162,right_hand,1
BNCI2015001,BNCI2015001,563,BNCI2015001:563,2,1,session_A,run_0,163,feet,0
BNCI2015001,BNCI2015001,564,BNCI2015001:564,2,1,session_A,run_0,164,feet,0
BNCI2015001,BNCI2015001,565,BNCI2015001:565,2,1,session_A,run_0,165,feet,0
BNCI2015001,BNCI2015001,566,BNCI2015001:566,2,1,session_A,run_0,166,right_hand,1
BNCI2015001,BNCI2015001,567,BNCI2015001:567,2,1,session_A,run_0,167,feet,0
BNCI2015001,BNCI2015001,568,BNCI2015001:568,2,1,session_A,run_0,168,right_hand,1
BNCI2015001,BNCI2015001,569,BNCI2015001:569,2,1,session_A,run_0,169,right_hand,1
BNCI2015001,BNCI2015001,570,BNCI2015001:570,2,1,session_A,run_0,170,right_hand,1
BNCI2015001,BNCI2015001,571,BNCI2015001:571,2,1,session_A,run_0,171,right_hand,1
BNCI2015001,BNCI2015001,572,BNCI2015001:572,2,1,session_A,run_0,172,right_hand,1
BNCI2015001,BNCI2015001,573,BNCI2015001:573,2,1,session_A,run_0,173,feet,0
BNCI2015001,BNCI2015001,574,BNCI2015001:574,2,1,session_A,run_0,174,right_hand,1
BNCI2015001,BNCI2015001,575,BNCI2015001:575,2,1,session_A,run_0,175,right_hand,1
BNCI2015001,BNCI2015001,576,BNCI2015001:576,2,1,session_A,run_0,176,right_hand,1
BNCI2015001,BNCI2015001,577,BNCI2015001:577,2,1,session_A,run_0,177,right_hand,1
BNCI2015001,BNCI2015001,578,BNCI2015001:578,2,1,session_A,run_0,178,feet,0
BNCI2015001,BNCI2015001,579,BNCI2015001:579,2,1,session_A,run_0,179,feet,0
BNCI2015001,BNCI2015001,580,BNCI2015001:580,2,1,session_A,run_0,180,feet,0
BNCI2015001,BNCI2015001,581,BNCI2015001:581,2,1,session_A,run_0,181,right_hand,1
BNCI2015001,BNCI2015001,582,BNCI2015001:582,2,1,session_A,run_0,182,feet,0
BNCI2015001,BNCI2015001,583,BNCI2015001:583,2,1,session_A,run_0,183,feet,0
BNCI2015001,BNCI2015001,584,BNCI2015001:584,2,1,session_A,run_0,184,feet,0
BNCI2015001,BNCI2015001,585,BNCI2015001:585,2,1,session_A,run_0,185,feet,0
BNCI2015001,BNCI2015001,586,BNCI2015001:586,2,1,session_A,run_0,186,feet,0
BNCI2015001,BNCI2015001,587,BNCI2015001:587,2,1,session_A,run_0,187,right_hand,1
BNCI2015001,BNCI2015001,588,BNCI2015001:588,2,1,session_A,run_0,188,feet,0
BNCI2015001,BNCI2015001,589,BNCI2015001:589,2,1,session_A,run_0,189,right_hand,1
BNCI2015001,BNCI2015001,590,BNCI2015001:590,2,1,session_A,run_0,190,right_hand,1
BNCI2015001,BNCI2015001,591,BNCI2015001:591,2,1,session_A,run_0,191,feet,0
BNCI2015001,BNCI2015001,592,BNCI2015001:592,2,1,session_A,run_0,192,feet,0
BNCI2015001,BNCI2015001,593,BNCI2015001:593,2,1,session_A,run_0,193,right_hand,1
BNCI2015001,BNCI2015001,594,BNCI2015001:594,2,1,session_A,run_0,194,feet,0
BNCI2015001,BNCI2015001,595,BNCI2015001:595,2,1,session_A,run_0,195,right_hand,1
BNCI2015001,BNCI2015001,596,BNCI2015001:596,2,1,session_A,run_0,196,right_hand,1
BNCI2015001,BNCI2015001,597,BNCI2015001:597,2,1,session_A,run_0,197,right_hand,1
BNCI2015001,BNCI2015001,598,BNCI2015001:598,2,1,session_A,run_0,198,feet,0
BNCI2015001,BNCI2015001,599,BNCI2015001:599,2,1,session_A,run_0,199,feet,0
BNCI2015001,BNCI2015001,800,BNCI2015001:800,3,2,session_A,run_0,0,feet,0
BNCI2015001,BNCI2015001,801,BNCI2015001:801,3,2,session_A,run_0,1,right_hand,1
BNCI2015001,BNCI2015001,802,BNCI2015001:802,3,2,session_A,run_0,2,right_hand,1
BNCI2015001,BNCI2015001,803,BNCI2015001:803,3,2,session_A,run_0,3,feet,0
BNCI2015001,BNCI2015001,804,BNCI2015001:804,3,2,session_A,run_0,4,right_hand,1
BNCI2015001,BNCI2015001,805,BNCI2015001:805,3,2,session_A,run_0,5,right_hand,1
BNCI2015001,BNCI2015001,806,BNCI2015001:806,3,2,session_A,run_0,6,right_hand,1
BNCI2015001,BNCI2015001,807,BNCI2015001:807,3,2,session_A,run_0,7,right_hand,1
BNCI2015001,BNCI2015001,808,BNCI2015001:808,3,2,session_A,run_0,8,feet,0
BNCI2015001,BNCI2015001,809,BNCI2015001:809,3,2,session_A,run_0,9,feet,0
BNCI2015001,BNCI2015001,810,BNCI2015001:810,3,2,session_A,run_0,10,right_hand,1
BNCI2015001,BNCI2015001,811,BNCI2015001:811,3,2,session_A,run_0,11,feet,0
BNCI2015001,BNCI2015001,812,BNCI2015001:812,3,2,session_A,run_0,12,feet,0
BNCI2015001,BNCI2015001,813,BNCI2015001:813,3,2,session_A,run_0,13,feet,0
BNCI2015001,BNCI2015001,814,BNCI2015001:814,3,2,session_A,run_0,14,feet,0
BNCI2015001,BNCI2015001,815,BNCI2015001:815,3,2,session_A,run_0,15,right_hand,1
BNCI2015001,BNCI2015001,816,BNCI2015001:816,3,2,session_A,run_0,16,right_hand,1
BNCI2015001,BNCI2015001,817,BNCI2015001:817,3,2,session_A,run_0,17,feet,0
BNCI2015001,BNCI2015001,818,BNCI2015001:818,3,2,session_A,run_0,18,right_hand,1
BNCI2015001,BNCI2015001,819,BNCI2015001:819,3,2,session_A,run_0,19,right_hand,1
BNCI2015001,BNCI2015001,820,BNCI2015001:820,3,2,session_A,run_0,20,right_hand,1
BNCI2015001,BNCI2015001,821,BNCI2015001:821,3,2,session_A,run_0,21,feet,0
BNCI2015001,BNCI2015001,822,BNCI2015001:822,3,2,session_A,run_0,22,right_hand,1
BNCI2015001,BNCI2015001,823,BNCI2015001:823,3,2,session_A,run_0,23,feet,0
BNCI2015001,BNCI2015001,824,BNCI2015001:824,3,2,session_A,run_0,24,right_hand,1
BNCI2015001,BNCI2015001,825,BNCI2015001:825,3,2,session_A,run_0,25,feet,0
BNCI2015001,BNCI2015001,826,BNCI2015001:826,3,2,session_A,run_0,26,right_hand,1
BNCI2015001,BNCI2015001,827,BNCI2015001:827,3,2,session_A,run_0,27,feet,0
BNCI2015001,BNCI2015001,828,BNCI2015001:828,3,2,session_A,run_0,28,feet,0
BNCI2015001,BNCI2015001,829,BNCI2015001:829,3,2,session_A,run_0,29,right_hand,1
BNCI2015001,BNCI2015001,830,BNCI2015001:830,3,2,session_A,run_0,30,right_hand,1
BNCI2015001,BNCI2015001,831,BNCI2015001:831,3,2,session_A,run_0,31,right_hand,1
BNCI2015001,BNCI2015001,832,BNCI2015001:832,3,2,session_A,run_0,32,feet,0
BNCI2015001,BNCI2015001,833,BNCI2015001:833,3,2,session_A,run_0,33,right_hand,1
BNCI2015001,BNCI2015001,834,BNCI2015001:834,3,2,session_A,run_0,34,feet,0
BNCI2015001,BNCI2015001,835,BNCI2015001:835,3,2,session_A,run_0,35,right_hand,1
BNCI2015001,BNCI2015001,836,BNCI2015001:836,3,2,session_A,run_0,36,feet,0
BNCI2015001,BNCI2015001,837,BNCI2015001:837,3,2,session_A,run_0,37,feet,0
BNCI2015001,BNCI2015001,838,BNCI2015001:838,3,2,session_A,run_0,38,feet,0
BNCI2015001,BNCI2015001,839,BNCI2015001:839,3,2,session_A,run_0,39,feet,0
BNCI2015001,BNCI2015001,840,BNCI2015001:840,3,2,session_A,run_0,40,feet,0
BNCI2015001,BNCI2015001,841,BNCI2015001:841,3,2,session_A,run_0,41,right_hand,1
BNCI2015001,BNCI2015001,842,BNCI2015001:842,3,2,session_A,run_0,42,right_hand,1
BNCI2015001,BNCI2015001,843,BNCI2015001:843,3,2,session_A,run_0,43,right_hand,1
BNCI2015001,BNCI2015001,844,BNCI2015001:844,3,2,session_A,run_0,44,right_hand,1
BNCI2015001,BNCI2015001,845,BNCI2015001:845,3,2,session_A,run_0,45,feet,0
BNCI2015001,BNCI2015001,846,BNCI2015001:846,3,2,session_A,run_0,46,right_hand,1
BNCI2015001,BNCI2015001,847,BNCI2015001:847,3,2,session_A,run_0,47,feet,0
BNCI2015001,BNCI2015001,848,BNCI2015001:848,3,2,session_A,run_0,48,right_hand,1
BNCI2015001,BNCI2015001,849,BNCI2015001:849,3,2,session_A,run_0,49,right_hand,1
BNCI2015001,BNCI2015001,850,BNCI2015001:850,3,2,session_A,run_0,50,right_hand,1
BNCI2015001,BNCI2015001,851,BNCI2015001:851,3,2,session_A,run_0,51,right_hand,1
BNCI2015001,BNCI2015001,852,BNCI2015001:852,3,2,session_A,run_0,52,feet,0
BNCI2015001,BNCI2015001,853,BNCI2015001:853,3,2,session_A,run_0,53,feet,0
BNCI2015001,BNCI2015001,854,BNCI2015001:854,3,2,session_A,run_0,54,feet,0
BNCI2015001,BNCI2015001,855,BNCI2015001:855,3,2,session_A,run_0,55,right_hand,1
BNCI2015001,BNCI2015001,856,BNCI2015001:856,3,2,session_A,run_0,56,feet,0
BNCI2015001,BNCI2015001,857,BNCI2015001:857,3,2,session_A,run_0,57,feet,0
BNCI2015001,BNCI2015001,858,BNCI2015001:858,3,2,session_A,run_0,58,right_hand,1
BNCI2015001,BNCI2015001,859,BNCI2015001:859,3,2,session_A,run_0,59,right_hand,1
BNCI2015001,BNCI2015001,860,BNCI2015001:860,3,2,session_A,run_0,60,feet,0
BNCI2015001,BNCI2015001,861,BNCI2015001:861,3,2,session_A,run_0,61,feet,0
BNCI2015001,BNCI2015001,862,BNCI2015001:862,3,2,session_A,run_0,62,feet,0
BNCI2015001,BNCI2015001,863,BNCI2015001:863,3,2,session_A,run_0,63,feet,0
BNCI2015001,BNCI2015001,864,BNCI2015001:864,3,2,session_A,run_0,64,right_hand,1
BNCI2015001,BNCI2015001,865,BNCI2015001:865,3,2,session_A,run_0,65,right_hand,1
BNCI2015001,BNCI2015001,866,BNCI2015001:866,3,2,session_A,run_0,66,feet,0
BNCI2015001,BNCI2015001,867,BNCI2015001:867,3,2,session_A,run_0,67,feet,0
BNCI2015001,BNCI2015001,868,BNCI2015001:868,3,2,session_A,run_0,68,feet,0
BNCI2015001,BNCI2015001,869,BNCI2015001:869,3,2,session_A,run_0,69,feet,0
BNCI2015001,BNCI2015001,870,BNCI2015001:870,3,2,session_A,run_0,70,right_hand,1
BNCI2015001,BNCI2015001,871,BNCI2015001:871,3,2,session_A,run_0,71,feet,0
BNCI2015001,BNCI2015001,872,BNCI2015001:872,3,2,session_A,run_0,72,right_hand,1
BNCI2015001,BNCI2015001,873,BNCI2015001:873,3,2,session_A,run_0,73,feet,0
BNCI2015001,BNCI2015001,874,BNCI2015001:874,3,2,session_A,run_0,74,feet,0
BNCI2015001,BNCI2015001,875,BNCI2015001:875,3,2,session_A,run_0,75,right_hand,1
BNCI2015001,BNCI2015001,876,BNCI2015001:876,3,2,session_A,run_0,76,right_hand,1
BNCI2015001,BNCI2015001,877,BNCI2015001:877,3,2,session_A,run_0,77,right_hand,1
BNCI2015001,BNCI2015001,878,BNCI2015001:878,3,2,session_A,run_0,78,right_hand,1
BNCI2015001,BNCI2015001,879,BNCI2015001:879,3,2,session_A,run_0,79,feet,0
BNCI2015001,BNCI2015001,880,BNCI2015001:880,3,2,session_A,run_0,80,right_hand,1
BNCI2015001,BNCI2015001,881,BNCI2015001:881,3,2,session_A,run_0,81,right_hand,1
BNCI2015001,BNCI2015001,882,BNCI2015001:882,3,2,session_A,run_0,82,right_hand,1
BNCI2015001,BNCI2015001,883,BNCI2015001:883,3,2,session_A,run_0,83,feet,0
BNCI2015001,BNCI2015001,884,BNCI2015001:884,3,2,session_A,run_0,84,feet,0
BNCI2015001,BNCI2015001,885,BNCI2015001:885,3,2,session_A,run_0,85,right_hand,1
BNCI2015001,BNCI2015001,886,BNCI2015001:886,3,2,session_A,run_0,86,right_hand,1
BNCI2015001,BNCI2015001,887,BNCI2015001:887,3,2,session_A,run_0,87,right_hand,1
BNCI2015001,BNCI2015001,888,BNCI2015001:888,3,2,session_A,run_0,88,right_hand,1
BNCI2015001,BNCI2015001,889,BNCI2015001:889,3,2,session_A,run_0,89,right_hand,1
BNCI2015001,BNCI2015001,890,BNCI2015001:890,3,2,session_A,run_0,90,right_hand,1
BNCI2015001,BNCI2015001,891,BNCI2015001:891,3,2,session_A,run_0,91,right_hand,1
BNCI2015001,BNCI2015001,892,BNCI2015001:892,3,2,session_A,run_0,92,feet,0
BNCI2015001,BNCI2015001,893,BNCI2015001:893,3,2,session_A,run_0,93,right_hand,1
BNCI2015001,BNCI2015001,894,BNCI2015001:894,3,2,session_A,run_0,94,right_hand,1
BNCI2015001,BNCI2015001,895,BNCI2015001:895,3,2,session_A,run_0,95,right_hand,1
BNCI2015001,BNCI2015001,896,BNCI2015001:896,3,2,session_A,run_0,96,feet,0
BNCI2015001,BNCI2015001,897,BNCI2015001:897,3,2,session_A,run_0,97,feet,0
BNCI2015001,BNCI2015001,898,BNCI2015001:898,3,2,session_A,run_0,98,feet,0
BNCI2015001,BNCI2015001,899,BNCI2015001:899,3,2,session_A,run_0,99,right_hand,1
BNCI2015001,BNCI2015001,900,BNCI2015001:900,3,2,session_A,run_0,100,feet,0
BNCI2015001,BNCI2015001,901,BNCI2015001:901,3,2,session_A,run_0,101,right_hand,1
BNCI2015001,BNCI2015001,902,BNCI2015001:902,3,2,session_A,run_0,102,feet,0
BNCI2015001,BNCI2015001,903,BNCI2015001:903,3,2,session_A,run_0,103,feet,0
BNCI2015001,BNCI2015001,904,BNCI2015001:904,3,2,session_A,run_0,104,feet,0
BNCI2015001,BNCI2015001,905,BNCI2015001:905,3,2,session_A,run_0,105,feet,0
BNCI2015001,BNCI2015001,906,BNCI2015001:906,3,2,session_A,run_0,106,feet,0
BNCI2015001,BNCI2015001,907,BNCI2015001:907,3,2,session_A,run_0,107,right_hand,1
BNCI2015001,BNCI2015001,908,BNCI2015001:908,3,2,session_A,run_0,108,feet,0
BNCI2015001,BNCI2015001,909,BNCI2015001:909,3,2,session_A,run_0,109,feet,0
BNCI2015001,BNCI2015001,910,BNCI2015001:910,3,2,session_A,run_0,110,right_hand,1
BNCI2015001,BNCI2015001,911,BNCI2015001:911,3,2,session_A,run_0,111,feet,0
BNCI2015001,BNCI2015001,912,BNCI2015001:912,3,2,session_A,run_0,112,right_hand,1
BNCI2015001,BNCI2015001,913,BNCI2015001:913,3,2,session_A,run_0,113,feet,0
BNCI2015001,BNCI2015001,914,BNCI2015001:914,3,2,session_A,run_0,114,feet,0
BNCI2015001,BNCI2015001,915,BNCI2015001:915,3,2,session_A,run_0,115,feet,0
BNCI2015001,BNCI2015001,916,BNCI2015001:916,3,2,session_A,run_0,116,right_hand,1
BNCI2015001,BNCI2015001,917,BNCI2015001:917,3,2,session_A,run_0,117,feet,0
BNCI2015001,BNCI2015001,918,BNCI2015001:918,3,2,session_A,run_0,118,feet,0
BNCI2015001,BNCI2015001,919,BNCI2015001:919,3,2,session_A,run_0,119,right_hand,1
BNCI2015001,BNCI2015001,920,BNCI2015001:920,3,2,session_A,run_0,120,feet,0
BNCI2015001,BNCI2015001,921,BNCI2015001:921,3,2,session_A,run_0,121,right_hand,1
BNCI2015001,BNCI2015001,922,BNCI2015001:922,3,2,session_A,run_0,122,feet,0
BNCI2015001,BNCI2015001,923,BNCI2015001:923,3,2,session_A,run_0,123,feet,0
BNCI2015001,BNCI2015001,924,BNCI2015001:924,3,2,session_A,run_0,124,feet,0
BNCI2015001,BNCI2015001,925,BNCI2015001:925,3,2,session_A,run_0,125,right_hand,1
BNCI2015001,BNCI2015001,926,BNCI2015001:926,3,2,session_A,run_0,126,right_hand,1
BNCI2015001,BNCI2015001,927,BNCI2015001:927,3,2,session_A,run_0,127,feet,0
BNCI2015001,BNCI2015001,928,BNCI2015001:928,3,2,session_A,run_0,128,right_hand,1
BNCI2015001,BNCI2015001,929,BNCI2015001:929,3,2,session_A,run_0,129,right_hand,1
BNCI2015001,BNCI2015001,930,BNCI2015001:930,3,2,session_A,run_0,130,right_hand,1
BNCI2015001,BNCI2015001,931,BNCI2015001:931,3,2,session_A,run_0,131,feet,0
BNCI2015001,BNCI2015001,932,BNCI2015001:932,3,2,session_A,run_0,132,right_hand,1
BNCI2015001,BNCI2015001,933,BNCI2015001:933,3,2,session_A,run_0,133,right_hand,1
BNCI2015001,BNCI2015001,934,BNCI2015001:934,3,2,session_A,run_0,134,right_hand,1
BNCI2015001,BNCI2015001,935,BNCI2015001:935,3,2,session_A,run_0,135,right_hand,1
BNCI2015001,BNCI2015001,936,BNCI2015001:936,3,2,session_A,run_0,136,feet,0
BNCI2015001,BNCI2015001,937,BNCI2015001:937,3,2,session_A,run_0,137,right_hand,1
BNCI2015001,BNCI2015001,938,BNCI2015001:938,3,2,session_A,run_0,138,feet,0
BNCI2015001,BNCI2015001,939,BNCI2015001:939,3,2,session_A,run_0,139,right_hand,1
BNCI2015001,BNCI2015001,940,BNCI2015001:940,3,2,session_A,run_0,140,right_hand,1
BNCI2015001,BNCI2015001,941,BNCI2015001:941,3,2,session_A,run_0,141,feet,0
BNCI2015001,BNCI2015001,942,BNCI2015001:942,3,2,session_A,run_0,142,feet,0
BNCI2015001,BNCI2015001,943,BNCI2015001:943,3,2,session_A,run_0,143,feet,0
BNCI2015001,BNCI2015001,944,BNCI2015001:944,3,2,session_A,run_0,144,feet,0
BNCI2015001,BNCI2015001,945,BNCI2015001:945,3,2,session_A,run_0,145,feet,0
BNCI2015001,BNCI2015001,946,BNCI2015001:946,3,2,session_A,run_0,146,right_hand,1
BNCI2015001,BNCI2015001,947,BNCI2015001:947,3,2,session_A,run_0,147,right_hand,1
BNCI2015001,BNCI2015001,948,BNCI2015001:948,3,2,session_A,run_0,148,feet,0
BNCI2015001,BNCI2015001,949,BNCI2015001:949,3,2,session_A,run_0,149,feet,0
BNCI2015001,BNCI2015001,950,BNCI2015001:950,3,2,session_A,run_0,150,feet,0
BNCI2015001,BNCI2015001,951,BNCI2015001:951,3,2,session_A,run_0,151,right_hand,1
BNCI2015001,BNCI2015001,952,BNCI2015001:952,3,2,session_A,run_0,152,feet,0
BNCI2015001,BNCI2015001,953,BNCI2015001:953,3,2,session_A,run_0,153,right_hand,1
BNCI2015001,BNCI2015001,954,BNCI2015001:954,3,2,session_A,run_0,154,right_hand,1
BNCI2015001,BNCI2015001,955,BNCI2015001:955,3,2,session_A,run_0,155,feet,0
BNCI2015001,BNCI2015001,956,BNCI2015001:956,3,2,session_A,run_0,156,feet,0
BNCI2015001,BNCI2015001,957,BNCI2015001:957,3,2,session_A,run_0,157,right_hand,1
BNCI2015001,BNCI2015001,958,BNCI2015001:958,3,2,session_A,run_0,158,feet,0
BNCI2015001,BNCI2015001,959,BNCI2015001:959,3,2,session_A,run_0,159,right_hand,1
BNCI2015001,BNCI2015001,960,BNCI2015001:960,3,2,session_A,run_0,160,right_hand,1
BNCI2015001,BNCI2015001,961,BNCI2015001:961,3,2,session_A,run_0,161,right_hand,1
BNCI2015001,BNCI2015001,962,BNCI2015001:962,3,2,session_A,run_0,162,right_hand,1
BNCI2015001,BNCI2015001,963,BNCI2015001:963,3,2,session_A,run_0,163,right_hand,1
BNCI2015001,BNCI2015001,964,BNCI2015001:964,3,2,session_A,run_0,164,right_hand,1
BNCI2015001,BNCI2015001,965,BNCI2015001:965,3,2,session_A,run_0,165,right_hand,1
BNCI2015001,BNCI2015001,966,BNCI2015001:966,3,2,session_A,run_0,166,feet,0
BNCI2015001,BNCI2015001,967,BNCI2015001:967,3,2,session_A,run_0,167,right_hand,1
BNCI2015001,BNCI2015001,968,BNCI2015001:968,3,2,session_A,run_0,168,right_hand,1
BNCI2015001,BNCI2015001,969,BNCI2015001:969,3,2,session_A,run_0,169,feet,0
BNCI2015001,BNCI2015001,970,BNCI2015001:970,3,2,session_A,run_0,170,feet,0
BNCI2015001,BNCI2015001,971,BNCI2015001:971,3,2,session_A,run_0,171,right_hand,1
BNCI2015001,BNCI2015001,972,BNCI2015001:972,3,2,session_A,run_0,172,feet,0
BNCI2015001,BNCI2015001,973,BNCI2015001:973,3,2,session_A,run_0,173,right_hand,1
BNCI2015001,BNCI2015001,974,BNCI2015001:974,3,2,session_A,run_0,174,right_hand,1
BNCI2015001,BNCI2015001,975,BNCI2015001:975,3,2,session_A,run_0,175,right_hand,1
BNCI2015001,BNCI2015001,976,BNCI2015001:976,3,2,session_A,run_0,176,right_hand,1
BNCI2015001,BNCI2015001,977,BNCI2015001:977,3,2,session_A,run_0,177,right_hand,1
BNCI2015001,BNCI2015001,978,BNCI2015001:978,3,2,session_A,run_0,178,feet,0
BNCI2015001,BNCI2015001,979,BNCI2015001:979,3,2,session_A,run_0,179,feet,0
BNCI2015001,BNCI2015001,980,BNCI2015001:980,3,2,session_A,run_0,180,feet,0
BNCI2015001,BNCI2015001,981,BNCI2015001:981,3,2,session_A,run_0,181,feet,0
BNCI2015001,BNCI2015001,982,BNCI2015001:982,3,2,session_A,run_0,182,feet,0
BNCI2015001,BNCI2015001,983,BNCI2015001:983,3,2,session_A,run_0,183,feet,0
BNCI2015001,BNCI2015001,984,BNCI2015001:984,3,2,session_A,run_0,184,right_hand,1
BNCI2015001,BNCI2015001,985,BNCI2015001:985,3,2,session_A,run_0,185,feet,0
BNCI2015001,BNCI2015001,986,BNCI2015001:986,3,2,session_A,run_0,186,feet,0
BNCI2015001,BNCI2015001,987,BNCI2015001:987,3,2,session_A,run_0,187,feet,0
BNCI2015001,BNCI2015001,988,BNCI2015001:988,3,2,session_A,run_0,188,right_hand,1
BNCI2015001,BNCI2015001,989,BNCI2015001:989,3,2,session_A,run_0,189,feet,0
BNCI2015001,BNCI2015001,990,BNCI2015001:990,3,2,session_A,run_0,190,feet,0
BNCI2015001,BNCI2015001,991,BNCI2015001:991,3,2,session_A,run_0,191,right_hand,1
BNCI2015001,BNCI2015001,992,BNCI2015001:992,3,2,session_A,run_0,192,right_hand,1
BNCI2015001,BNCI2015001,993,BNCI2015001:993,3,2,session_A,run_0,193,feet,0
BNCI2015001,BNCI2015001,994,BNCI2015001:994,3,2,session_A,run_0,194,feet,0
BNCI2015001,BNCI2015001,995,BNCI2015001:995,3,2,session_A,run_0,195,feet,0
BNCI2015001,BNCI2015001,996,BNCI2015001:996,3,2,session_A,run_0,196,right_hand,1
BNCI2015001,BNCI2015001,997,BNCI2015001:997,3,2,session_A,run_0,197,feet,0
BNCI2015001,BNCI2015001,998,BNCI2015001:998,3,2,session_A,run_0,198,right_hand,1
BNCI2015001,BNCI2015001,999,BNCI2015001:999,3,2,session_A,run_0,199,feet,0
BNCI2015001,BNCI2015001,1200,BNCI2015001:1200,4,3,session_A,run_0,0,feet,0
BNCI2015001,BNCI2015001,1201,BNCI2015001:1201,4,3,session_A,run_0,1,right_hand,1
BNCI2015001,BNCI2015001,1202,BNCI2015001:1202,4,3,session_A,run_0,2,feet,0
BNCI2015001,BNCI2015001,1203,BNCI2015001:1203,4,3,session_A,run_0,3,right_hand,1
BNCI2015001,BNCI2015001,1204,BNCI2015001:1204,4,3,session_A,run_0,4,feet,0
BNCI2015001,BNCI2015001,1205,BNCI2015001:1205,4,3,session_A,run_0,5,feet,0
BNCI2015001,BNCI2015001,1206,BNCI2015001:1206,4,3,session_A,run_0,6,right_hand,1
BNCI2015001,BNCI2015001,1207,BNCI2015001:1207,4,3,session_A,run_0,7,feet,0
BNCI2015001,BNCI2015001,1208,BNCI2015001:1208,4,3,session_A,run_0,8,feet,0
BNCI2015001,BNCI2015001,1209,BNCI2015001:1209,4,3,session_A,run_0,9,feet,0
BNCI2015001,BNCI2015001,1210,BNCI2015001:1210,4,3,session_A,run_0,10,feet,0
BNCI2015001,BNCI2015001,1211,BNCI2015001:1211,4,3,session_A,run_0,11,feet,0
BNCI2015001,BNCI2015001,1212,BNCI2015001:1212,4,3,session_A,run_0,12,feet,0
BNCI2015001,BNCI2015001,1213,BNCI2015001:1213,4,3,session_A,run_0,13,right_hand,1
BNCI2015001,BNCI2015001,1214,BNCI2015001:1214,4,3,session_A,run_0,14,right_hand,1
BNCI2015001,BNCI2015001,1215,BNCI2015001:1215,4,3,session_A,run_0,15,right_hand,1
BNCI2015001,BNCI2015001,1216,BNCI2015001:1216,4,3,session_A,run_0,16,right_hand,1
BNCI2015001,BNCI2015001,1217,BNCI2015001:1217,4,3,session_A,run_0,17,right_hand,1
BNCI2015001,BNCI2015001,1218,BNCI2015001:1218,4,3,session_A,run_0,18,right_hand,1
BNCI2015001,BNCI2015001,1219,BNCI2015001:1219,4,3,session_A,run_0,19,feet,0
BNCI2015001,BNCI2015001,1220,BNCI2015001:1220,4,3,session_A,run_0,20,right_hand,1
BNCI2015001,BNCI2015001,1221,BNCI2015001:1221,4,3,session_A,run_0,21,feet,0
BNCI2015001,BNCI2015001,1222,BNCI2015001:1222,4,3,session_A,run_0,22,feet,0
BNCI2015001,BNCI2015001,1223,BNCI2015001:1223,4,3,session_A,run_0,23,right_hand,1
BNCI2015001,BNCI2015001,1224,BNCI2015001:1224,4,3,session_A,run_0,24,right_hand,1
BNCI2015001,BNCI2015001,1225,BNCI2015001:1225,4,3,session_A,run_0,25,right_hand,1
BNCI2015001,BNCI2015001,1226,BNCI2015001:1226,4,3,session_A,run_0,26,right_hand,1
BNCI2015001,BNCI2015001,1227,BNCI2015001:1227,4,3,session_A,run_0,27,right_hand,1
BNCI2015001,BNCI2015001,1228,BNCI2015001:1228,4,3,session_A,run_0,28,right_hand,1
BNCI2015001,BNCI2015001,1229,BNCI2015001:1229,4,3,session_A,run_0,29,feet,0
BNCI2015001,BNCI2015001,1230,BNCI2015001:1230,4,3,session_A,run_0,30,feet,0
BNCI2015001,BNCI2015001,1231,BNCI2015001:1231,4,3,session_A,run_0,31,feet,0
BNCI2015001,BNCI2015001,1232,BNCI2015001:1232,4,3,session_A,run_0,32,feet,0
BNCI2015001,BNCI2015001,1233,BNCI2015001:1233,4,3,session_A,run_0,33,right_hand,1
BNCI2015001,BNCI2015001,1234,BNCI2015001:1234,4,3,session_A,run_0,34,feet,0
BNCI2015001,BNCI2015001,1235,BNCI2015001:1235,4,3,session_A,run_0,35,feet,0
BNCI2015001,BNCI2015001,1236,BNCI2015001:1236,4,3,session_A,run_0,36,feet,0
BNCI2015001,BNCI2015001,1237,BNCI2015001:1237,4,3,session_A,run_0,37,right_hand,1
BNCI2015001,BNCI2015001,1238,BNCI2015001:1238,4,3,session_A,run_0,38,right_hand,1
BNCI2015001,BNCI2015001,1239,BNCI2015001:1239,4,3,session_A,run_0,39,right_hand,1
BNCI2015001,BNCI2015001,1240,BNCI2015001:1240,4,3,session_A,run_0,40,feet,0
BNCI2015001,BNCI2015001,1241,BNCI2015001:1241,4,3,session_A,run_0,41,right_hand,1
BNCI2015001,BNCI2015001,1242,BNCI2015001:1242,4,3,session_A,run_0,42,right_hand,1
BNCI2015001,BNCI2015001,1243,BNCI2015001:1243,4,3,session_A,run_0,43,right_hand,1
BNCI2015001,BNCI2015001,1244,BNCI2015001:1244,4,3,session_A,run_0,44,feet,0
BNCI2015001,BNCI2015001,1245,BNCI2015001:1245,4,3,session_A,run_0,45,feet,0
BNCI2015001,BNCI2015001,1246,BNCI2015001:1246,4,3,session_A,run_0,46,right_hand,1
BNCI2015001,BNCI2015001,1247,BNCI2015001:1247,4,3,session_A,run_0,47,feet,0
BNCI2015001,BNCI2015001,1248,BNCI2015001:1248,4,3,session_A,run_0,48,feet,0
BNCI2015001,BNCI2015001,1249,BNCI2015001:1249,4,3,session_A,run_0,49,right_hand,1
BNCI2015001,BNCI2015001,1250,BNCI2015001:1250,4,3,session_A,run_0,50,feet,0
BNCI2015001,BNCI2015001,1251,BNCI2015001:1251,4,3,session_A,run_0,51,feet,0
BNCI2015001,BNCI2015001,1252,BNCI2015001:1252,4,3,session_A,run_0,52,feet,0
BNCI2015001,BNCI2015001,1253,BNCI2015001:1253,4,3,session_A,run_0,53,feet,0
BNCI2015001,BNCI2015001,1254,BNCI2015001:1254,4,3,session_A,run_0,54,right_hand,1
BNCI2015001,BNCI2015001,1255,BNCI2015001:1255,4,3,session_A,run_0,55,right_hand,1
BNCI2015001,BNCI2015001,1256,BNCI2015001:1256,4,3,session_A,run_0,56,right_hand,1
BNCI2015001,BNCI2015001,1257,BNCI2015001:1257,4,3,session_A,run_0,57,feet,0
BNCI2015001,BNCI2015001,1258,BNCI2015001:1258,4,3,session_A,run_0,58,feet,0
BNCI2015001,BNCI2015001,1259,BNCI2015001:1259,4,3,session_A,run_0,59,right_hand,1
BNCI2015001,BNCI2015001,1260,BNCI2015001:1260,4,3,session_A,run_0,60,feet,0
BNCI2015001,BNCI2015001,1261,BNCI2015001:1261,4,3,session_A,run_0,61,right_hand,1
BNCI2015001,BNCI2015001,1262,BNCI2015001:1262,4,3,session_A,run_0,62,feet,0
BNCI2015001,BNCI2015001,1263,BNCI2015001:1263,4,3,session_A,run_0,63,right_hand,1
BNCI2015001,BNCI2015001,1264,BNCI2015001:1264,4,3,session_A,run_0,64,feet,0
BNCI2015001,BNCI2015001,1265,BNCI2015001:1265,4,3,session_A,run_0,65,right_hand,1
BNCI2015001,BNCI2015001,1266,BNCI2015001:1266,4,3,session_A,run_0,66,right_hand,1
BNCI2015001,BNCI2015001,1267,BNCI2015001:1267,4,3,session_A,run_0,67,right_hand,1
BNCI2015001,BNCI2015001,1268,BNCI2015001:1268,4,3,session_A,run_0,68,feet,0
BNCI2015001,BNCI2015001,1269,BNCI2015001:1269,4,3,session_A,run_0,69,feet,0
BNCI2015001,BNCI2015001,1270,BNCI2015001:1270,4,3,session_A,run_0,70,right_hand,1
BNCI2015001,BNCI2015001,1271,BNCI2015001:1271,4,3,session_A,run_0,71,feet,0
BNCI2015001,BNCI2015001,1272,BNCI2015001:1272,4,3,session_A,run_0,72,feet,0
BNCI2015001,BNCI2015001,1273,BNCI2015001:1273,4,3,session_A,run_0,73,right_hand,1
BNCI2015001,BNCI2015001,1274,BNCI2015001:1274,4,3,session_A,run_0,74,feet,0
BNCI2015001,BNCI2015001,1275,BNCI2015001:1275,4,3,session_A,run_0,75,feet,0
BNCI2015001,BNCI2015001,1276,BNCI2015001:1276,4,3,session_A,run_0,76,right_hand,1
BNCI2015001,BNCI2015001,1277,BNCI2015001:1277,4,3,session_A,run_0,77,right_hand,1
BNCI2015001,BNCI2015001,1278,BNCI2015001:1278,4,3,session_A,run_0,78,right_hand,1
BNCI2015001,BNCI2015001,1279,BNCI2015001:1279,4,3,session_A,run_0,79,right_hand,1
BNCI2015001,BNCI2015001,1280,BNCI2015001:1280,4,3,session_A,run_0,80,feet,0
BNCI2015001,BNCI2015001,1281,BNCI2015001:1281,4,3,session_A,run_0,81,right_hand,1
BNCI2015001,BNCI2015001,1282,BNCI2015001:1282,4,3,session_A,run_0,82,feet,0
BNCI2015001,BNCI2015001,1283,BNCI2015001:1283,4,3,session_A,run_0,83,right_hand,1
BNCI2015001,BNCI2015001,1284,BNCI2015001:1284,4,3,session_A,run_0,84,feet,0
BNCI2015001,BNCI2015001,1285,BNCI2015001:1285,4,3,session_A,run_0,85,feet,0
BNCI2015001,BNCI2015001,1286,BNCI2015001:1286,4,3,session_A,run_0,86,right_hand,1
BNCI2015001,BNCI2015001,1287,BNCI2015001:1287,4,3,session_A,run_0,87,right_hand,1
BNCI2015001,BNCI2015001,1288,BNCI2015001:1288,4,3,session_A,run_0,88,feet,0
BNCI2015001,BNCI2015001,1289,BNCI2015001:1289,4,3,session_A,run_0,89,feet,0
BNCI2015001,BNCI2015001,1290,BNCI2015001:1290,4,3,session_A,run_0,90,feet,0
BNCI2015001,BNCI2015001,1291,BNCI2015001:1291,4,3,session_A,run_0,91,feet,0
BNCI2015001,BNCI2015001,1292,BNCI2015001:1292,4,3,session_A,run_0,92,right_hand,1
BNCI2015001,BNCI2015001,1293,BNCI2015001:1293,4,3,session_A,run_0,93,right_hand,1
BNCI2015001,BNCI2015001,1294,BNCI2015001:1294,4,3,session_A,run_0,94,right_hand,1
BNCI2015001,BNCI2015001,1295,BNCI2015001:1295,4,3,session_A,run_0,95,right_hand,1
BNCI2015001,BNCI2015001,1296,BNCI2015001:1296,4,3,session_A,run_0,96,right_hand,1
BNCI2015001,BNCI2015001,1297,BNCI2015001:1297,4,3,session_A,run_0,97,right_hand,1
BNCI2015001,BNCI2015001,1298,BNCI2015001:1298,4,3,session_A,run_0,98,right_hand,1
BNCI2015001,BNCI2015001,1299,BNCI2015001:1299,4,3,session_A,run_0,99,right_hand,1
BNCI2015001,BNCI2015001,1300,BNCI2015001:1300,4,3,session_A,run_0,100,feet,0
BNCI2015001,BNCI2015001,1301,BNCI2015001:1301,4,3,session_A,run_0,101,feet,0
BNCI2015001,BNCI2015001,1302,BNCI2015001:1302,4,3,session_A,run_0,102,feet,0
BNCI2015001,BNCI2015001,1303,BNCI2015001:1303,4,3,session_A,run_0,103,right_hand,1
BNCI2015001,BNCI2015001,1304,BNCI2015001:1304,4,3,session_A,run_0,104,right_hand,1
BNCI2015001,BNCI2015001,1305,BNCI2015001:1305,4,3,session_A,run_0,105,feet,0
BNCI2015001,BNCI2015001,1306,BNCI2015001:1306,4,3,session_A,run_0,106,feet,0
BNCI2015001,BNCI2015001,1307,BNCI2015001:1307,4,3,session_A,run_0,107,feet,0
BNCI2015001,BNCI2015001,1308,BNCI2015001:1308,4,3,session_A,run_0,108,right_hand,1
BNCI2015001,BNCI2015001,1309,BNCI2015001:1309,4,3,session_A,run_0,109,right_hand,1
BNCI2015001,BNCI2015001,1310,BNCI2015001:1310,4,3,session_A,run_0,110,feet,0
BNCI2015001,BNCI2015001,1311,BNCI2015001:1311,4,3,session_A,run_0,111,feet,0
BNCI2015001,BNCI2015001,1312,BNCI2015001:1312,4,3,session_A,run_0,112,feet,0
BNCI2015001,BNCI2015001,1313,BNCI2015001:1313,4,3,session_A,run_0,113,feet,0
BNCI2015001,BNCI2015001,1314,BNCI2015001:1314,4,3,session_A,run_0,114,right_hand,1
BNCI2015001,BNCI2015001,1315,BNCI2015001:1315,4,3,session_A,run_0,115,right_hand,1
BNCI2015001,BNCI2015001,1316,BNCI2015001:1316,4,3,session_A,run_0,116,right_hand,1
BNCI2015001,BNCI2015001,1317,BNCI2015001:1317,4,3,session_A,run_0,117,right_hand,1
BNCI2015001,BNCI2015001,1318,BNCI2015001:1318,4,3,session_A,run_0,118,feet,0
BNCI2015001,BNCI2015001,1319,BNCI2015001:1319,4,3,session_A,run_0,119,feet,0
BNCI2015001,BNCI2015001,1320,BNCI2015001:1320,4,3,session_A,run_0,120,feet,0
BNCI2015001,BNCI2015001,1321,BNCI2015001:1321,4,3,session_A,run_0,121,feet,0
BNCI2015001,BNCI2015001,1322,BNCI2015001:1322,4,3,session_A,run_0,122,right_hand,1
BNCI2015001,BNCI2015001,1323,BNCI2015001:1323,4,3,session_A,run_0,123,feet,0
BNCI2015001,BNCI2015001,1324,BNCI2015001:1324,4,3,session_A,run_0,124,feet,0
BNCI2015001,BNCI2015001,1325,BNCI2015001:1325,4,3,session_A,run_0,125,right_hand,1
BNCI2015001,BNCI2015001,1326,BNCI2015001:1326,4,3,session_A,run_0,126,right_hand,1
BNCI2015001,BNCI2015001,1327,BNCI2015001:1327,4,3,session_A,run_0,127,feet,0
BNCI2015001,BNCI2015001,1328,BNCI2015001:1328,4,3,session_A,run_0,128,right_hand,1
BNCI2015001,BNCI2015001,1329,BNCI2015001:1329,4,3,session_A,run_0,129,feet,0
BNCI2015001,BNCI2015001,1330,BNCI2015001:1330,4,3,session_A,run_0,130,feet,0
BNCI2015001,BNCI2015001,1331,BNCI2015001:1331,4,3,session_A,run_0,131,right_hand,1
BNCI2015001,BNCI2015001,1332,BNCI2015001:1332,4,3,session_A,run_0,132,feet,0
BNCI2015001,BNCI2015001,1333,BNCI2015001:1333,4,3,session_A,run_0,133,right_hand,1
BNCI2015001,BNCI2015001,1334,BNCI2015001:1334,4,3,session_A,run_0,134,right_hand,1
BNCI2015001,BNCI2015001,1335,BNCI2015001:1335,4,3,session_A,run_0,135,feet,0
BNCI2015001,BNCI2015001,1336,BNCI2015001:1336,4,3,session_A,run_0,136,feet,0
BNCI2015001,BNCI2015001,1337,BNCI2015001:1337,4,3,session_A,run_0,137,right_hand,1
BNCI2015001,BNCI2015001,1338,BNCI2015001:1338,4,3,session_A,run_0,138,feet,0
BNCI2015001,BNCI2015001,1339,BNCI2015001:1339,4,3,session_A,run_0,139,feet,0
BNCI2015001,BNCI2015001,1340,BNCI2015001:1340,4,3,session_A,run_0,140,right_hand,1
BNCI2015001,BNCI2015001,1341,BNCI2015001:1341,4,3,session_A,run_0,141,right_hand,1
BNCI2015001,BNCI2015001,1342,BNCI2015001:1342,4,3,session_A,run_0,142,feet,0
BNCI2015001,BNCI2015001,1343,BNCI2015001:1343,4,3,session_A,run_0,143,right_hand,1
BNCI2015001,BNCI2015001,1344,BNCI2015001:1344,4,3,session_A,run_0,144,right_hand,1
BNCI2015001,BNCI2015001,1345,BNCI2015001:1345,4,3,session_A,run_0,145,right_hand,1
BNCI2015001,BNCI2015001,1346,BNCI2015001:1346,4,3,session_A,run_0,146,feet,0
BNCI2015001,BNCI2015001,1347,BNCI2015001:1347,4,3,session_A,run_0,147,right_hand,1
BNCI2015001,BNCI2015001,1348,BNCI2015001:1348,4,3,session_A,run_0,148,right_hand,1
BNCI2015001,BNCI2015001,1349,BNCI2015001:1349,4,3,session_A,run_0,149,feet,0
BNCI2015001,BNCI2015001,1350,BNCI2015001:1350,4,3,session_A,run_0,150,feet,0
BNCI2015001,BNCI2015001,1351,BNCI2015001:1351,4,3,session_A,run_0,151,right_hand,1
BNCI2015001,BNCI2015001,1352,BNCI2015001:1352,4,3,session_A,run_0,152,right_hand,1
BNCI2015001,BNCI2015001,1353,BNCI2015001:1353,4,3,session_A,run_0,153,feet,0
BNCI2015001,BNCI2015001,1354,BNCI2015001:1354,4,3,session_A,run_0,154,feet,0
BNCI2015001,BNCI2015001,1355,BNCI2015001:1355,4,3,session_A,run_0,155,right_hand,1
BNCI2015001,BNCI2015001,1356,BNCI2015001:1356,4,3,session_A,run_0,156,right_hand,1
BNCI2015001,BNCI2015001,1357,BNCI2015001:1357,4,3,session_A,run_0,157,right_hand,1
BNCI2015001,BNCI2015001,1358,BNCI2015001:1358,4,3,session_A,run_0,158,feet,0
BNCI2015001,BNCI2015001,1359,BNCI2015001:1359,4,3,session_A,run_0,159,feet,0
BNCI2015001,BNCI2015001,1360,BNCI2015001:1360,4,3,session_A,run_0,160,feet,0
BNCI2015001,BNCI2015001,1361,BNCI2015001:1361,4,3,session_A,run_0,161,feet,0
BNCI2015001,BNCI2015001,1362,BNCI2015001:1362,4,3,session_A,run_0,162,right_hand,1
BNCI2015001,BNCI2015001,1363,BNCI2015001:1363,4,3,session_A,run_0,163,feet,0
BNCI2015001,BNCI2015001,1364,BNCI2015001:1364,4,3,session_A,run_0,164,feet,0
BNCI2015001,BNCI2015001,1365,BNCI2015001:1365,4,3,session_A,run_0,165,feet,0
BNCI2015001,BNCI2015001,1366,BNCI2015001:1366,4,3,session_A,run_0,166,right_hand,1
BNCI2015001,BNCI2015001,1367,BNCI2015001:1367,4,3,session_A,run_0,167,right_hand,1
BNCI2015001,BNCI2015001,1368,BNCI2015001:1368,4,3,session_A,run_0,168,feet,0
BNCI2015001,BNCI2015001,1369,BNCI2015001:1369,4,3,session_A,run_0,169,feet,0
BNCI2015001,BNCI2015001,1370,BNCI2015001:1370,4,3,session_A,run_0,170,right_hand,1
BNCI2015001,BNCI2015001,1371,BNCI2015001:1371,4,3,session_A,run_0,171,right_hand,1
BNCI2015001,BNCI2015001,1372,BNCI2015001:1372,4,3,session_A,run_0,172,right_hand,1
BNCI2015001,BNCI2015001,1373,BNCI2015001:1373,4,3,session_A,run_0,173,feet,0
BNCI2015001,BNCI2015001,1374,BNCI2015001:1374,4,3,session_A,run_0,174,right_hand,1
BNCI2015001,BNCI2015001,1375,BNCI2015001:1375,4,3,session_A,run_0,175,feet,0
BNCI2015001,BNCI2015001,1376,BNCI2015001:1376,4,3,session_A,run_0,176,right_hand,1
BNCI2015001,BNCI2015001,1377,BNCI2015001:1377,4,3,session_A,run_0,177,right_hand,1
BNCI2015001,BNCI2015001,1378,BNCI2015001:1378,4,3,session_A,run_0,178,right_hand,1
BNCI2015001,BNCI2015001,1379,BNCI2015001:1379,4,3,session_A,run_0,179,right_hand,1
BNCI2015001,BNCI2015001,1380,BNCI2015001:1380,4,3,session_A,run_0,180,right_hand,1
BNCI2015001,BNCI2015001,1381,BNCI2015001:1381,4,3,session_A,run_0,181,feet,0
BNCI2015001,BNCI2015001,1382,BNCI2015001:1382,4,3,session_A,run_0,182,feet,0
BNCI2015001,BNCI2015001,1383,BNCI2015001:1383,4,3,session_A,run_0,183,feet,0
BNCI2015001,BNCI2015001,1384,BNCI2015001:1384,4,3,session_A,run_0,184,feet,0
BNCI2015001,BNCI2015001,1385,BNCI2015001:1385,4,3,session_A,run_0,185,feet,0
BNCI2015001,BNCI2015001,1386,BNCI2015001:1386,4,3,session_A,run_0,186,right_hand,1
BNCI2015001,BNCI2015001,1387,BNCI2015001:1387,4,3,session_A,run_0,187,feet,0
BNCI2015001,BNCI2015001,1388,BNCI2015001:1388,4,3,session_A,run_0,188,right_hand,1
BNCI2015001,BNCI2015001,1389,BNCI2015001:1389,4,3,session_A,run_0,189,feet,0
BNCI2015001,BNCI2015001,1390,BNCI2015001:1390,4,3,session_A,run_0,190,right_hand,1
BNCI2015001,BNCI2015001,1391,BNCI2015001:1391,4,3,session_A,run_0,191,right_hand,1
BNCI2015001,BNCI2015001,1392,BNCI2015001:1392,4,3,session_A,run_0,192,right_hand,1
BNCI2015001,BNCI2015001,1393,BNCI2015001:1393,4,3,session_A,run_0,193,feet,0
BNCI2015001,BNCI2015001,1394,BNCI2015001:1394,4,3,session_A,run_0,194,right_hand,1
BNCI2015001,BNCI2015001,1395,BNCI2015001:1395,4,3,session_A,run_0,195,right_hand,1
BNCI2015001,BNCI2015001,1396,BNCI2015001:1396,4,3,session_A,run_0,196,feet,0
BNCI2015001,BNCI2015001,1397,BNCI2015001:1397,4,3,session_A,run_0,197,feet,0
BNCI2015001,BNCI2015001,1398,BNCI2015001:1398,4,3,session_A,run_0,198,right_hand,1
BNCI2015001,BNCI2015001,1399,BNCI2015001:1399,4,3,session_A,run_0,199,feet,0
BNCI2015001,BNCI2015001,1600,BNCI2015001:1600,5,4,session_A,run_0,0,feet,0
BNCI2015001,BNCI2015001,1601,BNCI2015001:1601,5,4,session_A,run_0,1,right_hand,1
BNCI2015001,BNCI2015001,1602,BNCI2015001:1602,5,4,session_A,run_0,2,feet,0
BNCI2015001,BNCI2015001,1603,BNCI2015001:1603,5,4,session_A,run_0,3,feet,0
BNCI2015001,BNCI2015001,1604,BNCI2015001:1604,5,4,session_A,run_0,4,feet,0
BNCI2015001,BNCI2015001,1605,BNCI2015001:1605,5,4,session_A,run_0,5,right_hand,1
BNCI2015001,BNCI2015001,1606,BNCI2015001:1606,5,4,session_A,run_0,6,right_hand,1
BNCI2015001,BNCI2015001,1607,BNCI2015001:1607,5,4,session_A,run_0,7,feet,0
BNCI2015001,BNCI2015001,1608,BNCI2015001:1608,5,4,session_A,run_0,8,right_hand,1
BNCI2015001,BNCI2015001,1609,BNCI2015001:1609,5,4,session_A,run_0,9,feet,0
BNCI2015001,BNCI2015001,1610,BNCI2015001:1610,5,4,session_A,run_0,10,feet,0
BNCI2015001,BNCI2015001,1611,BNCI2015001:1611,5,4,session_A,run_0,11,right_hand,1
BNCI2015001,BNCI2015001,1612,BNCI2015001:1612,5,4,session_A,run_0,12,right_hand,1
BNCI2015001,BNCI2015001,1613,BNCI2015001:1613,5,4,session_A,run_0,13,feet,0
BNCI2015001,BNCI2015001,1614,BNCI2015001:1614,5,4,session_A,run_0,14,right_hand,1
BNCI2015001,BNCI2015001,1615,BNCI2015001:1615,5,4,session_A,run_0,15,feet,0
BNCI2015001,BNCI2015001,1616,BNCI2015001:1616,5,4,session_A,run_0,16,right_hand,1
BNCI2015001,BNCI2015001,1617,BNCI2015001:1617,5,4,session_A,run_0,17,feet,0
BNCI2015001,BNCI2015001,1618,BNCI2015001:1618,5,4,session_A,run_0,18,right_hand,1
BNCI2015001,BNCI2015001,1619,BNCI2015001:1619,5,4,session_A,run_0,19,feet,0
BNCI2015001,BNCI2015001,1620,BNCI2015001:1620,5,4,session_A,run_0,20,right_hand,1
BNCI2015001,BNCI2015001,1621,BNCI2015001:1621,5,4,session_A,run_0,21,feet,0
BNCI2015001,BNCI2015001,1622,BNCI2015001:1622,5,4,session_A,run_0,22,right_hand,1
BNCI2015001,BNCI2015001,1623,BNCI2015001:1623,5,4,session_A,run_0,23,feet,0
BNCI2015001,BNCI2015001,1624,BNCI2015001:1624,5,4,session_A,run_0,24,feet,0
BNCI2015001,BNCI2015001,1625,BNCI2015001:1625,5,4,session_A,run_0,25,right_hand,1
BNCI2015001,BNCI2015001,1626,BNCI2015001:1626,5,4,session_A,run_0,26,right_hand,1
BNCI2015001,BNCI2015001,1627,BNCI2015001:1627,5,4,session_A,run_0,27,right_hand,1
BNCI2015001,BNCI2015001,1628,BNCI2015001:1628,5,4,session_A,run_0,28,right_hand,1
BNCI2015001,BNCI2015001,1629,BNCI2015001:1629,5,4,session_A,run_0,29,right_hand,1
BNCI2015001,BNCI2015001,1630,BNCI2015001:1630,5,4,session_A,run_0,30,feet,0
BNCI2015001,BNCI2015001,1631,BNCI2015001:1631,5,4,session_A,run_0,31,feet,0
BNCI2015001,BNCI2015001,1632,BNCI2015001:1632,5,4,session_A,run_0,32,feet,0
BNCI2015001,BNCI2015001,1633,BNCI2015001:1633,5,4,session_A,run_0,33,right_hand,1
BNCI2015001,BNCI2015001,1634,BNCI2015001:1634,5,4,session_A,run_0,34,feet,0
BNCI2015001,BNCI2015001,1635,BNCI2015001:1635,5,4,session_A,run_0,35,right_hand,1
BNCI2015001,BNCI2015001,1636,BNCI2015001:1636,5,4,session_A,run_0,36,right_hand,1
BNCI2015001,BNCI2015001,1637,BNCI2015001:1637,5,4,session_A,run_0,37,feet,0
BNCI2015001,BNCI2015001,1638,BNCI2015001:1638,5,4,session_A,run_0,38,right_hand,1
BNCI2015001,BNCI2015001,1639,BNCI2015001:1639,5,4,session_A,run_0,39,feet,0
BNCI2015001,BNCI2015001,1640,BNCI2015001:1640,5,4,session_A,run_0,40,right_hand,1
BNCI2015001,BNCI2015001,1641,BNCI2015001:1641,5,4,session_A,run_0,41,right_hand,1
BNCI2015001,BNCI2015001,1642,BNCI2015001:1642,5,4,session_A,run_0,42,right_hand,1
BNCI2015001,BNCI2015001,1643,BNCI2015001:1643,5,4,session_A,run_0,43,right_hand,1
BNCI2015001,BNCI2015001,1644,BNCI2015001:1644,5,4,session_A,run_0,44,feet,0
BNCI2015001,BNCI2015001,1645,BNCI2015001:1645,5,4,session_A,run_0,45,feet,0
BNCI2015001,BNCI2015001,1646,BNCI2015001:1646,5,4,session_A,run_0,46,feet,0
BNCI2015001,BNCI2015001,1647,BNCI2015001:1647,5,4,session_A,run_0,47,feet,0
BNCI2015001,BNCI2015001,1648,BNCI2015001:1648,5,4,session_A,run_0,48,feet,0
BNCI2015001,BNCI2015001,1649,BNCI2015001:1649,5,4,session_A,run_0,49,feet,0
BNCI2015001,BNCI2015001,1650,BNCI2015001:1650,5,4,session_A,run_0,50,feet,0
BNCI2015001,BNCI2015001,1651,BNCI2015001:1651,5,4,session_A,run_0,51,right_hand,1
BNCI2015001,BNCI2015001,1652,BNCI2015001:1652,5,4,session_A,run_0,52,right_hand,1
BNCI2015001,BNCI2015001,1653,BNCI2015001:1653,5,4,session_A,run_0,53,feet,0
BNCI2015001,BNCI2015001,1654,BNCI2015001:1654,5,4,session_A,run_0,54,feet,0
BNCI2015001,BNCI2015001,1655,BNCI2015001:1655,5,4,session_A,run_0,55,feet,0
BNCI2015001,BNCI2015001,1656,BNCI2015001:1656,5,4,session_A,run_0,56,right_hand,1
BNCI2015001,BNCI2015001,1657,BNCI2015001:1657,5,4,session_A,run_0,57,feet,0
BNCI2015001,BNCI2015001,1658,BNCI2015001:1658,5,4,session_A,run_0,58,right_hand,1
BNCI2015001,BNCI2015001,1659,BNCI2015001:1659,5,4,session_A,run_0,59,feet,0
BNCI2015001,BNCI2015001,1660,BNCI2015001:1660,5,4,session_A,run_0,60,right_hand,1
BNCI2015001,BNCI2015001,1661,BNCI2015001:1661,5,4,session_A,run_0,61,right_hand,1
BNCI2015001,BNCI2015001,1662,BNCI2015001:1662,5,4,session_A,run_0,62,feet,0
BNCI2015001,BNCI2015001,1663,BNCI2015001:1663,5,4,session_A,run_0,63,feet,0
BNCI2015001,BNCI2015001,1664,BNCI2015001:1664,5,4,session_A,run_0,64,feet,0
BNCI2015001,BNCI2015001,1665,BNCI2015001:1665,5,4,session_A,run_0,65,right_hand,1
BNCI2015001,BNCI2015001,1666,BNCI2015001:1666,5,4,session_A,run_0,66,right_hand,1
BNCI2015001,BNCI2015001,1667,BNCI2015001:1667,5,4,session_A,run_0,67,feet,0
BNCI2015001,BNCI2015001,1668,BNCI2015001:1668,5,4,session_A,run_0,68,right_hand,1
BNCI2015001,BNCI2015001,1669,BNCI2015001:1669,5,4,session_A,run_0,69,right_hand,1
BNCI2015001,BNCI2015001,1670,BNCI2015001:1670,5,4,session_A,run_0,70,right_hand,1
BNCI2015001,BNCI2015001,1671,BNCI2015001:1671,5,4,session_A,run_0,71,feet,0
BNCI2015001,BNCI2015001,1672,BNCI2015001:1672,5,4,session_A,run_0,72,right_hand,1
BNCI2015001,BNCI2015001,1673,BNCI2015001:1673,5,4,session_A,run_0,73,right_hand,1
BNCI2015001,BNCI2015001,1674,BNCI2015001:1674,5,4,session_A,run_0,74,right_hand,1
BNCI2015001,BNCI2015001,1675,BNCI2015001:1675,5,4,session_A,run_0,75,feet,0
BNCI2015001,BNCI2015001,1676,BNCI2015001:1676,5,4,session_A,run_0,76,right_hand,1
BNCI2015001,BNCI2015001,1677,BNCI2015001:1677,5,4,session_A,run_0,77,right_hand,1
BNCI2015001,BNCI2015001,1678,BNCI2015001:1678,5,4,session_A,run_0,78,feet,0
BNCI2015001,BNCI2015001,1679,BNCI2015001:1679,5,4,session_A,run_0,79,feet,0
BNCI2015001,BNCI2015001,1680,BNCI2015001:1680,5,4,session_A,run_0,80,feet,0
BNCI2015001,BNCI2015001,1681,BNCI2015001:1681,5,4,session_A,run_0,81,right_hand,1
BNCI2015001,BNCI2015001,1682,BNCI2015001:1682,5,4,session_A,run_0,82,feet,0
BNCI2015001,BNCI2015001,1683,BNCI2015001:1683,5,4,session_A,run_0,83,right_hand,1
BNCI2015001,BNCI2015001,1684,BNCI2015001:1684,5,4,session_A,run_0,84,feet,0
BNCI2015001,BNCI2015001,1685,BNCI2015001:1685,5,4,session_A,run_0,85,feet,0
BNCI2015001,BNCI2015001,1686,BNCI2015001:1686,5,4,session_A,run_0,86,right_hand,1
BNCI2015001,BNCI2015001,1687,BNCI2015001:1687,5,4,session_A,run_0,87,feet,0
BNCI2015001,BNCI2015001,1688,BNCI2015001:1688,5,4,session_A,run_0,88,feet,0
BNCI2015001,BNCI2015001,1689,BNCI2015001:1689,5,4,session_A,run_0,89,right_hand,1
BNCI2015001,BNCI2015001,1690,BNCI2015001:1690,5,4,session_A,run_0,90,right_hand,1
BNCI2015001,BNCI2015001,1691,BNCI2015001:1691,5,4,session_A,run_0,91,feet,0
BNCI2015001,BNCI2015001,1692,BNCI2015001:1692,5,4,session_A,run_0,92,feet,0
BNCI2015001,BNCI2015001,1693,BNCI2015001:1693,5,4,session_A,run_0,93,feet,0
BNCI2015001,BNCI2015001,1694,BNCI2015001:1694,5,4,session_A,run_0,94,right_hand,1
BNCI2015001,BNCI2015001,1695,BNCI2015001:1695,5,4,session_A,run_0,95,feet,0
BNCI2015001,BNCI2015001,1696,BNCI2015001:1696,5,4,session_A,run_0,96,right_hand,1
BNCI2015001,BNCI2015001,1697,BNCI2015001:1697,5,4,session_A,run_0,97,right_hand,1
BNCI2015001,BNCI2015001,1698,BNCI2015001:1698,5,4,session_A,run_0,98,feet,0
BNCI2015001,BNCI2015001,1699,BNCI2015001:1699,5,4,session_A,run_0,99,right_hand,1
BNCI2015001,BNCI2015001,1700,BNCI2015001:1700,5,4,session_A,run_0,100,right_hand,1
BNCI2015001,BNCI2015001,1701,BNCI2015001:1701,5,4,session_A,run_0,101,right_hand,1
BNCI2015001,BNCI2015001,1702,BNCI2015001:1702,5,4,session_A,run_0,102,right_hand,1
BNCI2015001,BNCI2015001,1703,BNCI2015001:1703,5,4,session_A,run_0,103,feet,0
BNCI2015001,BNCI2015001,1704,BNCI2015001:1704,5,4,session_A,run_0,104,right_hand,1
BNCI2015001,BNCI2015001,1705,BNCI2015001:1705,5,4,session_A,run_0,105,right_hand,1
BNCI2015001,BNCI2015001,1706,BNCI2015001:1706,5,4,session_A,run_0,106,right_hand,1
BNCI2015001,BNCI2015001,1707,BNCI2015001:1707,5,4,session_A,run_0,107,feet,0
BNCI2015001,BNCI2015001,1708,BNCI2015001:1708,5,4,session_A,run_0,108,feet,0
BNCI2015001,BNCI2015001,1709,BNCI2015001:1709,5,4,session_A,run_0,109,right_hand,1
BNCI2015001,BNCI2015001,1710,BNCI2015001:1710,5,4,session_A,run_0,110,feet,0
BNCI2015001,BNCI2015001,1711,BNCI2015001:1711,5,4,session_A,run_0,111,right_hand,1
BNCI2015001,BNCI2015001,1712,BNCI2015001:1712,5,4,session_A,run_0,112,right_hand,1
BNCI2015001,BNCI2015001,1713,BNCI2015001:1713,5,4,session_A,run_0,113,right_hand,1
BNCI2015001,BNCI2015001,1714,BNCI2015001:1714,5,4,session_A,run_0,114,feet,0
BNCI2015001,BNCI2015001,1715,BNCI2015001:1715,5,4,session_A,run_0,115,feet,0
BNCI2015001,BNCI2015001,1716,BNCI2015001:1716,5,4,session_A,run_0,116,feet,0
BNCI2015001,BNCI2015001,1717,BNCI2015001:1717,5,4,session_A,run_0,117,feet,0
BNCI2015001,BNCI2015001,1718,BNCI2015001:1718,5,4,session_A,run_0,118,feet,0
BNCI2015001,BNCI2015001,1719,BNCI2015001:1719,5,4,session_A,run_0,119,right_hand,1
BNCI2015001,BNCI2015001,1720,BNCI2015001:1720,5,4,session_A,run_0,120,feet,0
BNCI2015001,BNCI2015001,1721,BNCI2015001:1721,5,4,session_A,run_0,121,feet,0
BNCI2015001,BNCI2015001,1722,BNCI2015001:1722,5,4,session_A,run_0,122,right_hand,1
BNCI2015001,BNCI2015001,1723,BNCI2015001:1723,5,4,session_A,run_0,123,feet,0
BNCI2015001,BNCI2015001,1724,BNCI2015001:1724,5,4,session_A,run_0,124,feet,0
BNCI2015001,BNCI2015001,1725,BNCI2015001:1725,5,4,session_A,run_0,125,feet,0
BNCI2015001,BNCI2015001,1726,BNCI2015001:1726,5,4,session_A,run_0,126,feet,0
BNCI2015001,BNCI2015001,1727,BNCI2015001:1727,5,4,session_A,run_0,127,feet,0
BNCI2015001,BNCI2015001,1728,BNCI2015001:1728,5,4,session_A,run_0,128,right_hand,1
BNCI2015001,BNCI2015001,1729,BNCI2015001:1729,5,4,session_A,run_0,129,right_hand,1
BNCI2015001,BNCI2015001,1730,BNCI2015001:1730,5,4,session_A,run_0,130,feet,0
BNCI2015001,BNCI2015001,1731,BNCI2015001:1731,5,4,session_A,run_0,131,right_hand,1
BNCI2015001,BNCI2015001,1732,BNCI2015001:1732,5,4,session_A,run_0,132,right_hand,1
BNCI2015001,BNCI2015001,1733,BNCI2015001:1733,5,4,session_A,run_0,133,right_hand,1
BNCI2015001,BNCI2015001,1734,BNCI2015001:1734,5,4,session_A,run_0,134,feet,0
BNCI2015001,BNCI2015001,1735,BNCI2015001:1735,5,4,session_A,run_0,135,feet,0
BNCI2015001,BNCI2015001,1736,BNCI2015001:1736,5,4,session_A,run_0,136,feet,0
BNCI2015001,BNCI2015001,1737,BNCI2015001:1737,5,4,session_A,run_0,137,right_hand,1
BNCI2015001,BNCI2015001,1738,BNCI2015001:1738,5,4,session_A,run_0,138,right_hand,1
BNCI2015001,BNCI2015001,1739,BNCI2015001:1739,5,4,session_A,run_0,139,right_hand,1
BNCI2015001,BNCI2015001,1740,BNCI2015001:1740,5,4,session_A,run_0,140,feet,0
BNCI2015001,BNCI2015001,1741,BNCI2015001:1741,5,4,session_A,run_0,141,feet,0
BNCI2015001,BNCI2015001,1742,BNCI2015001:1742,5,4,session_A,run_0,142,feet,0
BNCI2015001,BNCI2015001,1743,BNCI2015001:1743,5,4,session_A,run_0,143,right_hand,1
BNCI2015001,BNCI2015001,1744,BNCI2015001:1744,5,4,session_A,run_0,144,right_hand,1
BNCI2015001,BNCI2015001,1745,BNCI2015001:1745,5,4,session_A,run_0,145,feet,0
BNCI2015001,BNCI2015001,1746,BNCI2015001:1746,5,4,session_A,run_0,146,right_hand,1
BNCI2015001,BNCI2015001,1747,BNCI2015001:1747,5,4,session_A,run_0,147,feet,0
BNCI2015001,BNCI2015001,1748,BNCI2015001:1748,5,4,session_A,run_0,148,right_hand,1
BNCI2015001,BNCI2015001,1749,BNCI2015001:1749,5,4,session_A,run_0,149,feet,0
BNCI2015001,BNCI2015001,1750,BNCI2015001:1750,5,4,session_A,run_0,150,feet,0
BNCI2015001,BNCI2015001,1751,BNCI2015001:1751,5,4,session_A,run_0,151,right_hand,1
BNCI2015001,BNCI2015001,1752,BNCI2015001:1752,5,4,session_A,run_0,152,right_hand,1
BNCI2015001,BNCI2015001,1753,BNCI2015001:1753,5,4,session_A,run_0,153,feet,0
BNCI2015001,BNCI2015001,1754,BNCI2015001:1754,5,4,session_A,run_0,154,right_hand,1
BNCI2015001,BNCI2015001,1755,BNCI2015001:1755,5,4,session_A,run_0,155,right_hand,1
BNCI2015001,BNCI2015001,1756,BNCI2015001:1756,5,4,session_A,run_0,156,feet,0
BNCI2015001,BNCI2015001,1757,BNCI2015001:1757,5,4,session_A,run_0,157,right_hand,1
BNCI2015001,BNCI2015001,1758,BNCI2015001:1758,5,4,session_A,run_0,158,right_hand,1
BNCI2015001,BNCI2015001,1759,BNCI2015001:1759,5,4,session_A,run_0,159,right_hand,1
BNCI2015001,BNCI2015001,1760,BNCI2015001:1760,5,4,session_A,run_0,160,feet,0
BNCI2015001,BNCI2015001,1761,BNCI2015001:1761,5,4,session_A,run_0,161,feet,0
BNCI2015001,BNCI2015001,1762,BNCI2015001:1762,5,4,session_A,run_0,162,feet,0
BNCI2015001,BNCI2015001,1763,BNCI2015001:1763,5,4,session_A,run_0,163,right_hand,1
BNCI2015001,BNCI2015001,1764,BNCI2015001:1764,5,4,session_A,run_0,164,right_hand,1
BNCI2015001,BNCI2015001,1765,BNCI2015001:1765,5,4,session_A,run_0,165,feet,0
BNCI2015001,BNCI2015001,1766,BNCI2015001:1766,5,4,session_A,run_0,166,right_hand,1
BNCI2015001,BNCI2015001,1767,BNCI2015001:1767,5,4,session_A,run_0,167,right_hand,1
BNCI2015001,BNCI2015001,1768,BNCI2015001:1768,5,4,session_A,run_0,168,feet,0
BNCI2015001,BNCI2015001,1769,BNCI2015001:1769,5,4,session_A,run_0,169,right_hand,1
BNCI2015001,BNCI2015001,1770,BNCI2015001:1770,5,4,session_A,run_0,170,right_hand,1
BNCI2015001,BNCI2015001,1771,BNCI2015001:1771,5,4,session_A,run_0,171,feet,0
BNCI2015001,BNCI2015001,1772,BNCI2015001:1772,5,4,session_A,run_0,172,feet,0
BNCI2015001,BNCI2015001,1773,BNCI2015001:1773,5,4,session_A,run_0,173,right_hand,1
BNCI2015001,BNCI2015001,1774,BNCI2015001:1774,5,4,session_A,run_0,174,right_hand,1
BNCI2015001,BNCI2015001,1775,BNCI2015001:1775,5,4,session_A,run_0,175,right_hand,1
BNCI2015001,BNCI2015001,1776,BNCI2015001:1776,5,4,session_A,run_0,176,right_hand,1
BNCI2015001,BNCI2015001,1777,BNCI2015001:1777,5,4,session_A,run_0,177,right_hand,1
BNCI2015001,BNCI2015001,1778,BNCI2015001:1778,5,4,session_A,run_0,178,feet,0
BNCI2015001,BNCI2015001,1779,BNCI2015001:1779,5,4,session_A,run_0,179,feet,0
BNCI2015001,BNCI2015001,1780,BNCI2015001:1780,5,4,session_A,run_0,180,feet,0
BNCI2015001,BNCI2015001,1781,BNCI2015001:1781,5,4,session_A,run_0,181,right_hand,1
BNCI2015001,BNCI2015001,1782,BNCI2015001:1782,5,4,session_A,run_0,182,feet,0
BNCI2015001,BNCI2015001,1783,BNCI2015001:1783,5,4,session_A,run_0,183,right_hand,1
BNCI2015001,BNCI2015001,1784,BNCI2015001:1784,5,4,session_A,run_0,184,right_hand,1
BNCI2015001,BNCI2015001,1785,BNCI2015001:1785,5,4,session_A,run_0,185,right_hand,1
BNCI2015001,BNCI2015001,1786,BNCI2015001:1786,5,4,session_A,run_0,186,feet,0
BNCI2015001,BNCI2015001,1787,BNCI2015001:1787,5,4,session_A,run_0,187,feet,0
BNCI2015001,BNCI2015001,1788,BNCI2015001:1788,5,4,session_A,run_0,188,feet,0
BNCI2015001,BNCI2015001,1789,BNCI2015001:1789,5,4,session_A,run_0,189,feet,0
BNCI2015001,BNCI2015001,1790,BNCI2015001:1790,5,4,session_A,run_0,190,feet,0
BNCI2015001,BNCI2015001,1791,BNCI2015001:1791,5,4,session_A,run_0,191,feet,0
BNCI2015001,BNCI2015001,1792,BNCI2015001:1792,5,4,session_A,run_0,192,right_hand,1
BNCI2015001,BNCI2015001,1793,BNCI2015001:1793,5,4,session_A,run_0,193,right_hand,1
BNCI2015001,BNCI2015001,1794,BNCI2015001:1794,5,4,session_A,run_0,194,feet,0
BNCI2015001,BNCI2015001,1795,BNCI2015001:1795,5,4,session_A,run_0,195,right_hand,1
BNCI2015001,BNCI2015001,1796,BNCI2015001:1796,5,4,session_A,run_0,196,right_hand,1
BNCI2015001,BNCI2015001,1797,BNCI2015001:1797,5,4,session_A,run_0,197,right_hand,1
BNCI2015001,BNCI2015001,1798,BNCI2015001:1798,5,4,session_A,run_0,198,feet,0
BNCI2015001,BNCI2015001,1799,BNCI2015001:1799,5,4,session_A,run_0,199,feet,0
BNCI2015001,BNCI2015001,2000,BNCI2015001:2000,6,5,session_A,run_0,0,right_hand,1
BNCI2015001,BNCI2015001,2001,BNCI2015001:2001,6,5,session_A,run_0,1,right_hand,1
BNCI2015001,BNCI2015001,2002,BNCI2015001:2002,6,5,session_A,run_0,2,feet,0
BNCI2015001,BNCI2015001,2003,BNCI2015001:2003,6,5,session_A,run_0,3,right_hand,1
BNCI2015001,BNCI2015001,2004,BNCI2015001:2004,6,5,session_A,run_0,4,feet,0
BNCI2015001,BNCI2015001,2005,BNCI2015001:2005,6,5,session_A,run_0,5,feet,0
BNCI2015001,BNCI2015001,2006,BNCI2015001:2006,6,5,session_A,run_0,6,right_hand,1
BNCI2015001,BNCI2015001,2007,BNCI2015001:2007,6,5,session_A,run_0,7,feet,0
BNCI2015001,BNCI2015001,2008,BNCI2015001:2008,6,5,session_A,run_0,8,feet,0
BNCI2015001,BNCI2015001,2009,BNCI2015001:2009,6,5,session_A,run_0,9,feet,0
BNCI2015001,BNCI2015001,2010,BNCI2015001:2010,6,5,session_A,run_0,10,right_hand,1
BNCI2015001,BNCI2015001,2011,BNCI2015001:2011,6,5,session_A,run_0,11,right_hand,1
BNCI2015001,BNCI2015001,2012,BNCI2015001:2012,6,5,session_A,run_0,12,right_hand,1
BNCI2015001,BNCI2015001,2013,BNCI2015001:2013,6,5,session_A,run_0,13,feet,0
BNCI2015001,BNCI2015001,2014,BNCI2015001:2014,6,5,session_A,run_0,14,feet,0
BNCI2015001,BNCI2015001,2015,BNCI2015001:2015,6,5,session_A,run_0,15,feet,0
BNCI2015001,BNCI2015001,2016,BNCI2015001:2016,6,5,session_A,run_0,16,right_hand,1
BNCI2015001,BNCI2015001,2017,BNCI2015001:2017,6,5,session_A,run_0,17,feet,0
BNCI2015001,BNCI2015001,2018,BNCI2015001:2018,6,5,session_A,run_0,18,feet,0
BNCI2015001,BNCI2015001,2019,BNCI2015001:2019,6,5,session_A,run_0,19,right_hand,1
BNCI2015001,BNCI2015001,2020,BNCI2015001:2020,6,5,session_A,run_0,20,right_hand,1
BNCI2015001,BNCI2015001,2021,BNCI2015001:2021,6,5,session_A,run_0,21,right_hand,1
BNCI2015001,BNCI2015001,2022,BNCI2015001:2022,6,5,session_A,run_0,22,feet,0
BNCI2015001,BNCI2015001,2023,BNCI2015001:2023,6,5,session_A,run_0,23,feet,0
BNCI2015001,BNCI2015001,2024,BNCI2015001:2024,6,5,session_A,run_0,24,right_hand,1
BNCI2015001,BNCI2015001,2025,BNCI2015001:2025,6,5,session_A,run_0,25,right_hand,1
BNCI2015001,BNCI2015001,2026,BNCI2015001:2026,6,5,session_A,run_0,26,right_hand,1
BNCI2015001,BNCI2015001,2027,BNCI2015001:2027,6,5,session_A,run_0,27,feet,0
BNCI2015001,BNCI2015001,2028,BNCI2015001:2028,6,5,session_A,run_0,28,feet,0
BNCI2015001,BNCI2015001,2029,BNCI2015001:2029,6,5,session_A,run_0,29,right_hand,1
BNCI2015001,BNCI2015001,2030,BNCI2015001:2030,6,5,session_A,run_0,30,feet,0
BNCI2015001,BNCI2015001,2031,BNCI2015001:2031,6,5,session_A,run_0,31,right_hand,1
BNCI2015001,BNCI2015001,2032,BNCI2015001:2032,6,5,session_A,run_0,32,feet,0
BNCI2015001,BNCI2015001,2033,BNCI2015001:2033,6,5,session_A,run_0,33,right_hand,1
BNCI2015001,BNCI2015001,2034,BNCI2015001:2034,6,5,session_A,run_0,34,feet,0
BNCI2015001,BNCI2015001,2035,BNCI2015001:2035,6,5,session_A,run_0,35,feet,0
BNCI2015001,BNCI2015001,2036,BNCI2015001:2036,6,5,session_A,run_0,36,right_hand,1
BNCI2015001,BNCI2015001,2037,BNCI2015001:2037,6,5,session_A,run_0,37,feet,0
BNCI2015001,BNCI2015001,2038,BNCI2015001:2038,6,5,session_A,run_0,38,right_hand,1
BNCI2015001,BNCI2015001,2039,BNCI2015001:2039,6,5,session_A,run_0,39,right_hand,1
BNCI2015001,BNCI2015001,2040,BNCI2015001:2040,6,5,session_A,run_0,40,feet,0
BNCI2015001,BNCI2015001,2041,BNCI2015001:2041,6,5,session_A,run_0,41,right_hand,1
BNCI2015001,BNCI2015001,2042,BNCI2015001:2042,6,5,session_A,run_0,42,feet,0
BNCI2015001,BNCI2015001,2043,BNCI2015001:2043,6,5,session_A,run_0,43,feet,0
BNCI2015001,BNCI2015001,2044,BNCI2015001:2044,6,5,session_A,run_0,44,right_hand,1
BNCI2015001,BNCI2015001,2045,BNCI2015001:2045,6,5,session_A,run_0,45,right_hand,1
BNCI2015001,BNCI2015001,2046,BNCI2015001:2046,6,5,session_A,run_0,46,feet,0
BNCI2015001,BNCI2015001,2047,BNCI2015001:2047,6,5,session_A,run_0,47,feet,0
BNCI2015001,BNCI2015001,2048,BNCI2015001:2048,6,5,session_A,run_0,48,feet,0
BNCI2015001,BNCI2015001,2049,BNCI2015001:2049,6,5,session_A,run_0,49,right_hand,1
BNCI2015001,BNCI2015001,2050,BNCI2015001:2050,6,5,session_A,run_0,50,feet,0
BNCI2015001,BNCI2015001,2051,BNCI2015001:2051,6,5,session_A,run_0,51,feet,0
BNCI2015001,BNCI2015001,2052,BNCI2015001:2052,6,5,session_A,run_0,52,feet,0
BNCI2015001,BNCI2015001,2053,BNCI2015001:2053,6,5,session_A,run_0,53,right_hand,1
BNCI2015001,BNCI2015001,2054,BNCI2015001:2054,6,5,session_A,run_0,54,right_hand,1
BNCI2015001,BNCI2015001,2055,BNCI2015001:2055,6,5,session_A,run_0,55,right_hand,1
BNCI2015001,BNCI2015001,2056,BNCI2015001:2056,6,5,session_A,run_0,56,feet,0
BNCI2015001,BNCI2015001,2057,BNCI2015001:2057,6,5,session_A,run_0,57,right_hand,1
BNCI2015001,BNCI2015001,2058,BNCI2015001:2058,6,5,session_A,run_0,58,feet,0
BNCI2015001,BNCI2015001,2059,BNCI2015001:2059,6,5,session_A,run_0,59,right_hand,1
BNCI2015001,BNCI2015001,2060,BNCI2015001:2060,6,5,session_A,run_0,60,feet,0
BNCI2015001,BNCI2015001,2061,BNCI2015001:2061,6,5,session_A,run_0,61,feet,0
BNCI2015001,BNCI2015001,2062,BNCI2015001:2062,6,5,session_A,run_0,62,right_hand,1
BNCI2015001,BNCI2015001,2063,BNCI2015001:2063,6,5,session_A,run_0,63,feet,0
BNCI2015001,BNCI2015001,2064,BNCI2015001:2064,6,5,session_A,run_0,64,right_hand,1
BNCI2015001,BNCI2015001,2065,BNCI2015001:2065,6,5,session_A,run_0,65,right_hand,1
BNCI2015001,BNCI2015001,2066,BNCI2015001:2066,6,5,session_A,run_0,66,right_hand,1
BNCI2015001,BNCI2015001,2067,BNCI2015001:2067,6,5,session_A,run_0,67,right_hand,1
BNCI2015001,BNCI2015001,2068,BNCI2015001:2068,6,5,session_A,run_0,68,feet,0
BNCI2015001,BNCI2015001,2069,BNCI2015001:2069,6,5,session_A,run_0,69,feet,0
BNCI2015001,BNCI2015001,2070,BNCI2015001:2070,6,5,session_A,run_0,70,right_hand,1
BNCI2015001,BNCI2015001,2071,BNCI2015001:2071,6,5,session_A,run_0,71,feet,0
BNCI2015001,BNCI2015001,2072,BNCI2015001:2072,6,5,session_A,run_0,72,feet,0
BNCI2015001,BNCI2015001,2073,BNCI2015001:2073,6,5,session_A,run_0,73,right_hand,1
BNCI2015001,BNCI2015001,2074,BNCI2015001:2074,6,5,session_A,run_0,74,feet,0
BNCI2015001,BNCI2015001,2075,BNCI2015001:2075,6,5,session_A,run_0,75,right_hand,1
BNCI2015001,BNCI2015001,2076,BNCI2015001:2076,6,5,session_A,run_0,76,right_hand,1
BNCI2015001,BNCI2015001,2077,BNCI2015001:2077,6,5,session_A,run_0,77,right_hand,1
BNCI2015001,BNCI2015001,2078,BNCI2015001:2078,6,5,session_A,run_0,78,right_hand,1
BNCI2015001,BNCI2015001,2079,BNCI2015001:2079,6,5,session_A,run_0,79,feet,0
BNCI2015001,BNCI2015001,2080,BNCI2015001:2080,6,5,session_A,run_0,80,feet,0
BNCI2015001,BNCI2015001,2081,BNCI2015001:2081,6,5,session_A,run_0,81,feet,0
BNCI2015001,BNCI2015001,2082,BNCI2015001:2082,6,5,session_A,run_0,82,right_hand,1
BNCI2015001,BNCI2015001,2083,BNCI2015001:2083,6,5,session_A,run_0,83,right_hand,1
BNCI2015001,BNCI2015001,2084,BNCI2015001:2084,6,5,session_A,run_0,84,feet,0
BNCI2015001,BNCI2015001,2085,BNCI2015001:2085,6,5,session_A,run_0,85,right_hand,1
BNCI2015001,BNCI2015001,2086,BNCI2015001:2086,6,5,session_A,run_0,86,feet,0
BNCI2015001,BNCI2015001,2087,BNCI2015001:2087,6,5,session_A,run_0,87,right_hand,1
BNCI2015001,BNCI2015001,2088,BNCI2015001:2088,6,5,session_A,run_0,88,feet,0
BNCI2015001,BNCI2015001,2089,BNCI2015001:2089,6,5,session_A,run_0,89,right_hand,1
BNCI2015001,BNCI2015001,2090,BNCI2015001:2090,6,5,session_A,run_0,90,right_hand,1
BNCI2015001,BNCI2015001,2091,BNCI2015001:2091,6,5,session_A,run_0,91,right_hand,1
BNCI2015001,BNCI2015001,2092,BNCI2015001:2092,6,5,session_A,run_0,92,feet,0
BNCI2015001,BNCI2015001,2093,BNCI2015001:2093,6,5,session_A,run_0,93,feet,0
BNCI2015001,BNCI2015001,2094,BNCI2015001:2094,6,5,session_A,run_0,94,right_hand,1
BNCI2015001,BNCI2015001,2095,BNCI2015001:2095,6,5,session_A,run_0,95,right_hand,1
BNCI2015001,BNCI2015001,2096,BNCI2015001:2096,6,5,session_A,run_0,96,right_hand,1
BNCI2015001,BNCI2015001,2097,BNCI2015001:2097,6,5,session_A,run_0,97,right_hand,1
BNCI2015001,BNCI2015001,2098,BNCI2015001:2098,6,5,session_A,run_0,98,feet,0
BNCI2015001,BNCI2015001,2099,BNCI2015001:2099,6,5,session_A,run_0,99,right_hand,1
BNCI2015001,BNCI2015001,2100,BNCI2015001:2100,6,5,session_A,run_0,100,feet,0
BNCI2015001,BNCI2015001,2101,BNCI2015001:2101,6,5,session_A,run_0,101,feet,0
BNCI2015001,BNCI2015001,2102,BNCI2015001:2102,6,5,session_A,run_0,102,right_hand,1
BNCI2015001,BNCI2015001,2103,BNCI2015001:2103,6,5,session_A,run_0,103,feet,0
BNCI2015001,BNCI2015001,2104,BNCI2015001:2104,6,5,session_A,run_0,104,right_hand,1
BNCI2015001,BNCI2015001,2105,BNCI2015001:2105,6,5,session_A,run_0,105,right_hand,1
BNCI2015001,BNCI2015001,2106,BNCI2015001:2106,6,5,session_A,run_0,106,feet,0
BNCI2015001,BNCI2015001,2107,BNCI2015001:2107,6,5,session_A,run_0,107,feet,0
BNCI2015001,BNCI2015001,2108,BNCI2015001:2108,6,5,session_A,run_0,108,right_hand,1
BNCI2015001,BNCI2015001,2109,BNCI2015001:2109,6,5,session_A,run_0,109,right_hand,1
BNCI2015001,BNCI2015001,2110,BNCI2015001:2110,6,5,session_A,run_0,110,feet,0
BNCI2015001,BNCI2015001,2111,BNCI2015001:2111,6,5,session_A,run_0,111,feet,0
BNCI2015001,BNCI2015001,2112,BNCI2015001:2112,6,5,session_A,run_0,112,feet,0
BNCI2015001,BNCI2015001,2113,BNCI2015001:2113,6,5,session_A,run_0,113,right_hand,1
BNCI2015001,BNCI2015001,2114,BNCI2015001:2114,6,5,session_A,run_0,114,feet,0
BNCI2015001,BNCI2015001,2115,BNCI2015001:2115,6,5,session_A,run_0,115,right_hand,1
BNCI2015001,BNCI2015001,2116,BNCI2015001:2116,6,5,session_A,run_0,116,right_hand,1
BNCI2015001,BNCI2015001,2117,BNCI2015001:2117,6,5,session_A,run_0,117,feet,0
BNCI2015001,BNCI2015001,2118,BNCI2015001:2118,6,5,session_A,run_0,118,feet,0
BNCI2015001,BNCI2015001,2119,BNCI2015001:2119,6,5,session_A,run_0,119,feet,0
BNCI2015001,BNCI2015001,2120,BNCI2015001:2120,6,5,session_A,run_0,120,feet,0
BNCI2015001,BNCI2015001,2121,BNCI2015001:2121,6,5,session_A,run_0,121,feet,0
BNCI2015001,BNCI2015001,2122,BNCI2015001:2122,6,5,session_A,run_0,122,feet,0
BNCI2015001,BNCI2015001,2123,BNCI2015001:2123,6,5,session_A,run_0,123,right_hand,1
BNCI2015001,BNCI2015001,2124,BNCI2015001:2124,6,5,session_A,run_0,124,right_hand,1
BNCI2015001,BNCI2015001,2125,BNCI2015001:2125,6,5,session_A,run_0,125,feet,0
BNCI2015001,BNCI2015001,2126,BNCI2015001:2126,6,5,session_A,run_0,126,right_hand,1
BNCI2015001,BNCI2015001,2127,BNCI2015001:2127,6,5,session_A,run_0,127,feet,0
BNCI2015001,BNCI2015001,2128,BNCI2015001:2128,6,5,session_A,run_0,128,right_hand,1
BNCI2015001,BNCI2015001,2129,BNCI2015001:2129,6,5,session_A,run_0,129,right_hand,1
BNCI2015001,BNCI2015001,2130,BNCI2015001:2130,6,5,session_A,run_0,130,right_hand,1
BNCI2015001,BNCI2015001,2131,BNCI2015001:2131,6,5,session_A,run_0,131,right_hand,1
BNCI2015001,BNCI2015001,2132,BNCI2015001:2132,6,5,session_A,run_0,132,right_hand,1
BNCI2015001,BNCI2015001,2133,BNCI2015001:2133,6,5,session_A,run_0,133,feet,0
BNCI2015001,BNCI2015001,2134,BNCI2015001:2134,6,5,session_A,run_0,134,feet,0
BNCI2015001,BNCI2015001,2135,BNCI2015001:2135,6,5,session_A,run_0,135,right_hand,1
BNCI2015001,BNCI2015001,2136,BNCI2015001:2136,6,5,session_A,run_0,136,right_hand,1
BNCI2015001,BNCI2015001,2137,BNCI2015001:2137,6,5,session_A,run_0,137,feet,0
BNCI2015001,BNCI2015001,2138,BNCI2015001:2138,6,5,session_A,run_0,138,right_hand,1
BNCI2015001,BNCI2015001,2139,BNCI2015001:2139,6,5,session_A,run_0,139,right_hand,1
BNCI2015001,BNCI2015001,2140,BNCI2015001:2140,6,5,session_A,run_0,140,feet,0
BNCI2015001,BNCI2015001,2141,BNCI2015001:2141,6,5,session_A,run_0,141,right_hand,1
BNCI2015001,BNCI2015001,2142,BNCI2015001:2142,6,5,session_A,run_0,142,right_hand,1
BNCI2015001,BNCI2015001,2143,BNCI2015001:2143,6,5,session_A,run_0,143,right_hand,1
BNCI2015001,BNCI2015001,2144,BNCI2015001:2144,6,5,session_A,run_0,144,feet,0
BNCI2015001,BNCI2015001,2145,BNCI2015001:2145,6,5,session_A,run_0,145,feet,0
BNCI2015001,BNCI2015001,2146,BNCI2015001:2146,6,5,session_A,run_0,146,feet,0
BNCI2015001,BNCI2015001,2147,BNCI2015001:2147,6,5,session_A,run_0,147,feet,0
BNCI2015001,BNCI2015001,2148,BNCI2015001:2148,6,5,session_A,run_0,148,feet,0
BNCI2015001,BNCI2015001,2149,BNCI2015001:2149,6,5,session_A,run_0,149,right_hand,1
BNCI2015001,BNCI2015001,2150,BNCI2015001:2150,6,5,session_A,run_0,150,feet,0
BNCI2015001,BNCI2015001,2151,BNCI2015001:2151,6,5,session_A,run_0,151,right_hand,1
BNCI2015001,BNCI2015001,2152,BNCI2015001:2152,6,5,session_A,run_0,152,feet,0
BNCI2015001,BNCI2015001,2153,BNCI2015001:2153,6,5,session_A,run_0,153,feet,0
BNCI2015001,BNCI2015001,2154,BNCI2015001:2154,6,5,session_A,run_0,154,feet,0
BNCI2015001,BNCI2015001,2155,BNCI2015001:2155,6,5,session_A,run_0,155,feet,0
BNCI2015001,BNCI2015001,2156,BNCI2015001:2156,6,5,session_A,run_0,156,feet,0
BNCI2015001,BNCI2015001,2157,BNCI2015001:2157,6,5,session_A,run_0,157,right_hand,1
BNCI2015001,BNCI2015001,2158,BNCI2015001:2158,6,5,session_A,run_0,158,right_hand,1
BNCI2015001,BNCI2015001,2159,BNCI2015001:2159,6,5,session_A,run_0,159,right_hand,1
BNCI2015001,BNCI2015001,2160,BNCI2015001:2160,6,5,session_A,run_0,160,right_hand,1
BNCI2015001,BNCI2015001,2161,BNCI2015001:2161,6,5,session_A,run_0,161,right_hand,1
BNCI2015001,BNCI2015001,2162,BNCI2015001:2162,6,5,session_A,run_0,162,feet,0
BNCI2015001,BNCI2015001,2163,BNCI2015001:2163,6,5,session_A,run_0,163,right_hand,1
BNCI2015001,BNCI2015001,2164,BNCI2015001:2164,6,5,session_A,run_0,164,feet,0
BNCI2015001,BNCI2015001,2165,BNCI2015001:2165,6,5,session_A,run_0,165,feet,0
BNCI2015001,BNCI2015001,2166,BNCI2015001:2166,6,5,session_A,run_0,166,right_hand,1
BNCI2015001,BNCI2015001,2167,BNCI2015001:2167,6,5,session_A,run_0,167,right_hand,1
BNCI2015001,BNCI2015001,2168,BNCI2015001:2168,6,5,session_A,run_0,168,right_hand,1
BNCI2015001,BNCI2015001,2169,BNCI2015001:2169,6,5,session_A,run_0,169,right_hand,1
BNCI2015001,BNCI2015001,2170,BNCI2015001:2170,6,5,session_A,run_0,170,feet,0
BNCI2015001,BNCI2015001,2171,BNCI2015001:2171,6,5,session_A,run_0,171,feet,0
BNCI2015001,BNCI2015001,2172,BNCI2015001:2172,6,5,session_A,run_0,172,right_hand,1
BNCI2015001,BNCI2015001,2173,BNCI2015001:2173,6,5,session_A,run_0,173,feet,0
BNCI2015001,BNCI2015001,2174,BNCI2015001:2174,6,5,session_A,run_0,174,right_hand,1
BNCI2015001,BNCI2015001,2175,BNCI2015001:2175,6,5,session_A,run_0,175,feet,0
BNCI2015001,BNCI2015001,2176,BNCI2015001:2176,6,5,session_A,run_0,176,feet,0
BNCI2015001,BNCI2015001,2177,BNCI2015001:2177,6,5,session_A,run_0,177,feet,0
BNCI2015001,BNCI2015001,2178,BNCI2015001:2178,6,5,session_A,run_0,178,feet,0
BNCI2015001,BNCI2015001,2179,BNCI2015001:2179,6,5,session_A,run_0,179,feet,0
BNCI2015001,BNCI2015001,2180,BNCI2015001:2180,6,5,session_A,run_0,180,feet,0
BNCI2015001,BNCI2015001,2181,BNCI2015001:2181,6,5,session_A,run_0,181,right_hand,1
BNCI2015001,BNCI2015001,2182,BNCI2015001:2182,6,5,session_A,run_0,182,right_hand,1
BNCI2015001,BNCI2015001,2183,BNCI2015001:2183,6,5,session_A,run_0,183,feet,0
BNCI2015001,BNCI2015001,2184,BNCI2015001:2184,6,5,session_A,run_0,184,feet,0
BNCI2015001,BNCI2015001,2185,BNCI2015001:2185,6,5,session_A,run_0,185,right_hand,1
BNCI2015001,BNCI2015001,2186,BNCI2015001:2186,6,5,session_A,run_0,186,right_hand,1
BNCI2015001,BNCI2015001,2187,BNCI2015001:2187,6,5,session_A,run_0,187,feet,0
BNCI2015001,BNCI2015001,2188,BNCI2015001:2188,6,5,session_A,run_0,188,right_hand,1
BNCI2015001,BNCI2015001,2189,BNCI2015001:2189,6,5,session_A,run_0,189,feet,0
BNCI2015001,BNCI2015001,2190,BNCI2015001:2190,6,5,session_A,run_0,190,right_hand,1
BNCI2015001,BNCI2015001,2191,BNCI2015001:2191,6,5,session_A,run_0,191,right_hand,1
BNCI2015001,BNCI2015001,2192,BNCI2015001:2192,6,5,session_A,run_0,192,feet,0
BNCI2015001,BNCI2015001,2193,BNCI2015001:2193,6,5,session_A,run_0,193,right_hand,1
BNCI2015001,BNCI2015001,2194,BNCI2015001:2194,6,5,session_A,run_0,194,right_hand,1
BNCI2015001,BNCI2015001,2195,BNCI2015001:2195,6,5,session_A,run_0,195,right_hand,1
BNCI2015001,BNCI2015001,2196,BNCI2015001:2196,6,5,session_A,run_0,196,feet,0
BNCI2015001,BNCI2015001,2197,BNCI2015001:2197,6,5,session_A,run_0,197,feet,0
BNCI2015001,BNCI2015001,2198,BNCI2015001:2198,6,5,session_A,run_0,198,feet,0
BNCI2015001,BNCI2015001,2199,BNCI2015001:2199,6,5,session_A,run_0,199,right_hand,1
BNCI2015001,BNCI2015001,2400,BNCI2015001:2400,7,6,session_A,run_0,0,right_hand,1
BNCI2015001,BNCI2015001,2401,BNCI2015001:2401,7,6,session_A,run_0,1,feet,0
BNCI2015001,BNCI2015001,2402,BNCI2015001:2402,7,6,session_A,run_0,2,right_hand,1
BNCI2015001,BNCI2015001,2403,BNCI2015001:2403,7,6,session_A,run_0,3,feet,0
BNCI2015001,BNCI2015001,2404,BNCI2015001:2404,7,6,session_A,run_0,4,right_hand,1
BNCI2015001,BNCI2015001,2405,BNCI2015001:2405,7,6,session_A,run_0,5,right_hand,1
BNCI2015001,BNCI2015001,2406,BNCI2015001:2406,7,6,session_A,run_0,6,feet,0
BNCI2015001,BNCI2015001,2407,BNCI2015001:2407,7,6,session_A,run_0,7,right_hand,1
BNCI2015001,BNCI2015001,2408,BNCI2015001:2408,7,6,session_A,run_0,8,feet,0
BNCI2015001,BNCI2015001,2409,BNCI2015001:2409,7,6,session_A,run_0,9,right_hand,1
BNCI2015001,BNCI2015001,2410,BNCI2015001:2410,7,6,session_A,run_0,10,feet,0
BNCI2015001,BNCI2015001,2411,BNCI2015001:2411,7,6,session_A,run_0,11,right_hand,1
BNCI2015001,BNCI2015001,2412,BNCI2015001:2412,7,6,session_A,run_0,12,feet,0
BNCI2015001,BNCI2015001,2413,BNCI2015001:2413,7,6,session_A,run_0,13,right_hand,1
BNCI2015001,BNCI2015001,2414,BNCI2015001:2414,7,6,session_A,run_0,14,right_hand,1
BNCI2015001,BNCI2015001,2415,BNCI2015001:2415,7,6,session_A,run_0,15,right_hand,1
BNCI2015001,BNCI2015001,2416,BNCI2015001:2416,7,6,session_A,run_0,16,right_hand,1
BNCI2015001,BNCI2015001,2417,BNCI2015001:2417,7,6,session_A,run_0,17,feet,0
BNCI2015001,BNCI2015001,2418,BNCI2015001:2418,7,6,session_A,run_0,18,right_hand,1
BNCI2015001,BNCI2015001,2419,BNCI2015001:2419,7,6,session_A,run_0,19,feet,0
BNCI2015001,BNCI2015001,2420,BNCI2015001:2420,7,6,session_A,run_0,20,feet,0
BNCI2015001,BNCI2015001,2421,BNCI2015001:2421,7,6,session_A,run_0,21,right_hand,1
BNCI2015001,BNCI2015001,2422,BNCI2015001:2422,7,6,session_A,run_0,22,feet,0
BNCI2015001,BNCI2015001,2423,BNCI2015001:2423,7,6,session_A,run_0,23,feet,0
BNCI2015001,BNCI2015001,2424,BNCI2015001:2424,7,6,session_A,run_0,24,right_hand,1
BNCI2015001,BNCI2015001,2425,BNCI2015001:2425,7,6,session_A,run_0,25,right_hand,1
BNCI2015001,BNCI2015001,2426,BNCI2015001:2426,7,6,session_A,run_0,26,feet,0
BNCI2015001,BNCI2015001,2427,BNCI2015001:2427,7,6,session_A,run_0,27,feet,0
BNCI2015001,BNCI2015001,2428,BNCI2015001:2428,7,6,session_A,run_0,28,right_hand,1
BNCI2015001,BNCI2015001,2429,BNCI2015001:2429,7,6,session_A,run_0,29,right_hand,1
BNCI2015001,BNCI2015001,2430,BNCI2015001:2430,7,6,session_A,run_0,30,feet,0
BNCI2015001,BNCI2015001,2431,BNCI2015001:2431,7,6,session_A,run_0,31,right_hand,1
BNCI2015001,BNCI2015001,2432,BNCI2015001:2432,7,6,session_A,run_0,32,feet,0
BNCI2015001,BNCI2015001,2433,BNCI2015001:2433,7,6,session_A,run_0,33,feet,0
BNCI2015001,BNCI2015001,2434,BNCI2015001:2434,7,6,session_A,run_0,34,feet,0
BNCI2015001,BNCI2015001,2435,BNCI2015001:2435,7,6,session_A,run_0,35,feet,0
BNCI2015001,BNCI2015001,2436,BNCI2015001:2436,7,6,session_A,run_0,36,feet,0
BNCI2015001,BNCI2015001,2437,BNCI2015001:2437,7,6,session_A,run_0,37,feet,0
BNCI2015001,BNCI2015001,2438,BNCI2015001:2438,7,6,session_A,run_0,38,right_hand,1
BNCI2015001,BNCI2015001,2439,BNCI2015001:2439,7,6,session_A,run_0,39,right_hand,1
BNCI2015001,BNCI2015001,2440,BNCI2015001:2440,7,6,session_A,run_0,40,right_hand,1
BNCI2015001,BNCI2015001,2441,BNCI2015001:2441,7,6,session_A,run_0,41,right_hand,1
BNCI2015001,BNCI2015001,2442,BNCI2015001:2442,7,6,session_A,run_0,42,right_hand,1
BNCI2015001,BNCI2015001,2443,BNCI2015001:2443,7,6,session_A,run_0,43,feet,0
BNCI2015001,BNCI2015001,2444,BNCI2015001:2444,7,6,session_A,run_0,44,right_hand,1
BNCI2015001,BNCI2015001,2445,BNCI2015001:2445,7,6,session_A,run_0,45,right_hand,1
BNCI2015001,BNCI2015001,2446,BNCI2015001:2446,7,6,session_A,run_0,46,feet,0
BNCI2015001,BNCI2015001,2447,BNCI2015001:2447,7,6,session_A,run_0,47,right_hand,1
BNCI2015001,BNCI2015001,2448,BNCI2015001:2448,7,6,session_A,run_0,48,feet,0
BNCI2015001,BNCI2015001,2449,BNCI2015001:2449,7,6,session_A,run_0,49,feet,0
BNCI2015001,BNCI2015001,2450,BNCI2015001:2450,7,6,session_A,run_0,50,right_hand,1
BNCI2015001,BNCI2015001,2451,BNCI2015001:2451,7,6,session_A,run_0,51,feet,0
BNCI2015001,BNCI2015001,2452,BNCI2015001:2452,7,6,session_A,run_0,52,feet,0
BNCI2015001,BNCI2015001,2453,BNCI2015001:2453,7,6,session_A,run_0,53,right_hand,1
BNCI2015001,BNCI2015001,2454,BNCI2015001:2454,7,6,session_A,run_0,54,right_hand,1
BNCI2015001,BNCI2015001,2455,BNCI2015001:2455,7,6,session_A,run_0,55,feet,0
BNCI2015001,BNCI2015001,2456,BNCI2015001:2456,7,6,session_A,run_0,56,right_hand,1
BNCI2015001,BNCI2015001,2457,BNCI2015001:2457,7,6,session_A,run_0,57,feet,0
BNCI2015001,BNCI2015001,2458,BNCI2015001:2458,7,6,session_A,run_0,58,feet,0
BNCI2015001,BNCI2015001,2459,BNCI2015001:2459,7,6,session_A,run_0,59,feet,0
BNCI2015001,BNCI2015001,2460,BNCI2015001:2460,7,6,session_A,run_0,60,right_hand,1
BNCI2015001,BNCI2015001,2461,BNCI2015001:2461,7,6,session_A,run_0,61,feet,0
BNCI2015001,BNCI2015001,2462,BNCI2015001:2462,7,6,session_A,run_0,62,feet,0
BNCI2015001,BNCI2015001,2463,BNCI2015001:2463,7,6,session_A,run_0,63,right_hand,1
BNCI2015001,BNCI2015001,2464,BNCI2015001:2464,7,6,session_A,run_0,64,right_hand,1
BNCI2015001,BNCI2015001,2465,BNCI2015001:2465,7,6,session_A,run_0,65,right_hand,1
BNCI2015001,BNCI2015001,2466,BNCI2015001:2466,7,6,session_A,run_0,66,feet,0
BNCI2015001,BNCI2015001,2467,BNCI2015001:2467,7,6,session_A,run_0,67,feet,0
BNCI2015001,BNCI2015001,2468,BNCI2015001:2468,7,6,session_A,run_0,68,right_hand,1
BNCI2015001,BNCI2015001,2469,BNCI2015001:2469,7,6,session_A,run_0,69,right_hand,1
BNCI2015001,BNCI2015001,2470,BNCI2015001:2470,7,6,session_A,run_0,70,feet,0
BNCI2015001,BNCI2015001,2471,BNCI2015001:2471,7,6,session_A,run_0,71,right_hand,1
BNCI2015001,BNCI2015001,2472,BNCI2015001:2472,7,6,session_A,run_0,72,feet,0
BNCI2015001,BNCI2015001,2473,BNCI2015001:2473,7,6,session_A,run_0,73,right_hand,1
BNCI2015001,BNCI2015001,2474,BNCI2015001:2474,7,6,session_A,run_0,74,feet,0
BNCI2015001,BNCI2015001,2475,BNCI2015001:2475,7,6,session_A,run_0,75,feet,0
BNCI2015001,BNCI2015001,2476,BNCI2015001:2476,7,6,session_A,run_0,76,feet,0
BNCI2015001,BNCI2015001,2477,BNCI2015001:2477,7,6,session_A,run_0,77,right_hand,1
BNCI2015001,BNCI2015001,2478,BNCI2015001:2478,7,6,session_A,run_0,78,feet,0
BNCI2015001,BNCI2015001,2479,BNCI2015001:2479,7,6,session_A,run_0,79,right_hand,1
BNCI2015001,BNCI2015001,2480,BNCI2015001:2480,7,6,session_A,run_0,80,feet,0
BNCI2015001,BNCI2015001,2481,BNCI2015001:2481,7,6,session_A,run_0,81,right_hand,1
BNCI2015001,BNCI2015001,2482,BNCI2015001:2482,7,6,session_A,run_0,82,feet,0
BNCI2015001,BNCI2015001,2483,BNCI2015001:2483,7,6,session_A,run_0,83,right_hand,1
BNCI2015001,BNCI2015001,2484,BNCI2015001:2484,7,6,session_A,run_0,84,feet,0
BNCI2015001,BNCI2015001,2485,BNCI2015001:2485,7,6,session_A,run_0,85,feet,0
BNCI2015001,BNCI2015001,2486,BNCI2015001:2486,7,6,session_A,run_0,86,right_hand,1
BNCI2015001,BNCI2015001,2487,BNCI2015001:2487,7,6,session_A,run_0,87,feet,0
BNCI2015001,BNCI2015001,2488,BNCI2015001:2488,7,6,session_A,run_0,88,feet,0
BNCI2015001,BNCI2015001,2489,BNCI2015001:2489,7,6,session_A,run_0,89,feet,0
BNCI2015001,BNCI2015001,2490,BNCI2015001:2490,7,6,session_A,run_0,90,feet,0
BNCI2015001,BNCI2015001,2491,BNCI2015001:2491,7,6,session_A,run_0,91,feet,0
BNCI2015001,BNCI2015001,2492,BNCI2015001:2492,7,6,session_A,run_0,92,feet,0
BNCI2015001,BNCI2015001,2493,BNCI2015001:2493,7,6,session_A,run_0,93,right_hand,1
BNCI2015001,BNCI2015001,2494,BNCI2015001:2494,7,6,session_A,run_0,94,right_hand,1
BNCI2015001,BNCI2015001,2495,BNCI2015001:2495,7,6,session_A,run_0,95,right_hand,1
BNCI2015001,BNCI2015001,2496,BNCI2015001:2496,7,6,session_A,run_0,96,right_hand,1
BNCI2015001,BNCI2015001,2497,BNCI2015001:2497,7,6,session_A,run_0,97,right_hand,1
BNCI2015001,BNCI2015001,2498,BNCI2015001:2498,7,6,session_A,run_0,98,right_hand,1
BNCI2015001,BNCI2015001,2499,BNCI2015001:2499,7,6,session_A,run_0,99,feet,0
BNCI2015001,BNCI2015001,2500,BNCI2015001:2500,7,6,session_A,run_0,100,right_hand,1
BNCI2015001,BNCI2015001,2501,BNCI2015001:2501,7,6,session_A,run_0,101,feet,0
BNCI2015001,BNCI2015001,2502,BNCI2015001:2502,7,6,session_A,run_0,102,feet,0
BNCI2015001,BNCI2015001,2503,BNCI2015001:2503,7,6,session_A,run_0,103,right_hand,1
BNCI2015001,BNCI2015001,2504,BNCI2015001:2504,7,6,session_A,run_0,104,right_hand,1
BNCI2015001,BNCI2015001,2505,BNCI2015001:2505,7,6,session_A,run_0,105,right_hand,1
BNCI2015001,BNCI2015001,2506,BNCI2015001:2506,7,6,session_A,run_0,106,right_hand,1
BNCI2015001,BNCI2015001,2507,BNCI2015001:2507,7,6,session_A,run_0,107,right_hand,1
BNCI2015001,BNCI2015001,2508,BNCI2015001:2508,7,6,session_A,run_0,108,right_hand,1
BNCI2015001,BNCI2015001,2509,BNCI2015001:2509,7,6,session_A,run_0,109,feet,0
BNCI2015001,BNCI2015001,2510,BNCI2015001:2510,7,6,session_A,run_0,110,feet,0
BNCI2015001,BNCI2015001,2511,BNCI2015001:2511,7,6,session_A,run_0,111,feet,0
BNCI2015001,BNCI2015001,2512,BNCI2015001:2512,7,6,session_A,run_0,112,feet,0
BNCI2015001,BNCI2015001,2513,BNCI2015001:2513,7,6,session_A,run_0,113,right_hand,1
BNCI2015001,BNCI2015001,2514,BNCI2015001:2514,7,6,session_A,run_0,114,feet,0
BNCI2015001,BNCI2015001,2515,BNCI2015001:2515,7,6,session_A,run_0,115,feet,0
BNCI2015001,BNCI2015001,2516,BNCI2015001:2516,7,6,session_A,run_0,116,feet,0
BNCI2015001,BNCI2015001,2517,BNCI2015001:2517,7,6,session_A,run_0,117,right_hand,1
BNCI2015001,BNCI2015001,2518,BNCI2015001:2518,7,6,session_A,run_0,118,right_hand,1
BNCI2015001,BNCI2015001,2519,BNCI2015001:2519,7,6,session_A,run_0,119,right_hand,1
BNCI2015001,BNCI2015001,2520,BNCI2015001:2520,7,6,session_A,run_0,120,feet,0
BNCI2015001,BNCI2015001,2521,BNCI2015001:2521,7,6,session_A,run_0,121,right_hand,1
BNCI2015001,BNCI2015001,2522,BNCI2015001:2522,7,6,session_A,run_0,122,right_hand,1
BNCI2015001,BNCI2015001,2523,BNCI2015001:2523,7,6,session_A,run_0,123,right_hand,1
BNCI2015001,BNCI2015001,2524,BNCI2015001:2524,7,6,session_A,run_0,124,feet,0
BNCI2015001,BNCI2015001,2525,BNCI2015001:2525,7,6,session_A,run_0,125,feet,0
BNCI2015001,BNCI2015001,2526,BNCI2015001:2526,7,6,session_A,run_0,126,right_hand,1
BNCI2015001,BNCI2015001,2527,BNCI2015001:2527,7,6,session_A,run_0,127,feet,0
BNCI2015001,BNCI2015001,2528,BNCI2015001:2528,7,6,session_A,run_0,128,feet,0
BNCI2015001,BNCI2015001,2529,BNCI2015001:2529,7,6,session_A,run_0,129,right_hand,1
BNCI2015001,BNCI2015001,2530,BNCI2015001:2530,7,6,session_A,run_0,130,feet,0
BNCI2015001,BNCI2015001,2531,BNCI2015001:2531,7,6,session_A,run_0,131,feet,0
BNCI2015001,BNCI2015001,2532,BNCI2015001:2532,7,6,session_A,run_0,132,feet,0
BNCI2015001,BNCI2015001,2533,BNCI2015001:2533,7,6,session_A,run_0,133,feet,0
BNCI2015001,BNCI2015001,2534,BNCI2015001:2534,7,6,session_A,run_0,134,right_hand,1
BNCI2015001,BNCI2015001,2535,BNCI2015001:2535,7,6,session_A,run_0,135,right_hand,1
BNCI2015001,BNCI2015001,2536,BNCI2015001:2536,7,6,session_A,run_0,136,right_hand,1
BNCI2015001,BNCI2015001,2537,BNCI2015001:2537,7,6,session_A,run_0,137,feet,0
BNCI2015001,BNCI2015001,2538,BNCI2015001:2538,7,6,session_A,run_0,138,feet,0
BNCI2015001,BNCI2015001,2539,BNCI2015001:2539,7,6,session_A,run_0,139,right_hand,1
BNCI2015001,BNCI2015001,2540,BNCI2015001:2540,7,6,session_A,run_0,140,feet,0
BNCI2015001,BNCI2015001,2541,BNCI2015001:2541,7,6,session_A,run_0,141,right_hand,1
BNCI2015001,BNCI2015001,2542,BNCI2015001:2542,7,6,session_A,run_0,142,feet,0
BNCI2015001,BNCI2015001,2543,BNCI2015001:2543,7,6,session_A,run_0,143,right_hand,1
BNCI2015001,BNCI2015001,2544,BNCI2015001:2544,7,6,session_A,run_0,144,feet,0
BNCI2015001,BNCI2015001,2545,BNCI2015001:2545,7,6,session_A,run_0,145,right_hand,1
BNCI2015001,BNCI2015001,2546,BNCI2015001:2546,7,6,session_A,run_0,146,right_hand,1
BNCI2015001,BNCI2015001,2547,BNCI2015001:2547,7,6,session_A,run_0,147,right_hand,1
BNCI2015001,BNCI2015001,2548,BNCI2015001:2548,7,6,session_A,run_0,148,feet,0
BNCI2015001,BNCI2015001,2549,BNCI2015001:2549,7,6,session_A,run_0,149,feet,0
BNCI2015001,BNCI2015001,2550,BNCI2015001:2550,7,6,session_A,run_0,150,right_hand,1
BNCI2015001,BNCI2015001,2551,BNCI2015001:2551,7,6,session_A,run_0,151,feet,0
BNCI2015001,BNCI2015001,2552,BNCI2015001:2552,7,6,session_A,run_0,152,feet,0
BNCI2015001,BNCI2015001,2553,BNCI2015001:2553,7,6,session_A,run_0,153,right_hand,1
BNCI2015001,BNCI2015001,2554,BNCI2015001:2554,7,6,session_A,run_0,154,feet,0
BNCI2015001,BNCI2015001,2555,BNCI2015001:2555,7,6,session_A,run_0,155,feet,0
BNCI2015001,BNCI2015001,2556,BNCI2015001:2556,7,6,session_A,run_0,156,right_hand,1
BNCI2015001,BNCI2015001,2557,BNCI2015001:2557,7,6,session_A,run_0,157,right_hand,1
BNCI2015001,BNCI2015001,2558,BNCI2015001:2558,7,6,session_A,run_0,158,right_hand,1
BNCI2015001,BNCI2015001,2559,BNCI2015001:2559,7,6,session_A,run_0,159,right_hand,1
BNCI2015001,BNCI2015001,2560,BNCI2015001:2560,7,6,session_A,run_0,160,feet,0
BNCI2015001,BNCI2015001,2561,BNCI2015001:2561,7,6,session_A,run_0,161,right_hand,1
BNCI2015001,BNCI2015001,2562,BNCI2015001:2562,7,6,session_A,run_0,162,feet,0
BNCI2015001,BNCI2015001,2563,BNCI2015001:2563,7,6,session_A,run_0,163,right_hand,1
BNCI2015001,BNCI2015001,2564,BNCI2015001:2564,7,6,session_A,run_0,164,feet,0
BNCI2015001,BNCI2015001,2565,BNCI2015001:2565,7,6,session_A,run_0,165,feet,0
BNCI2015001,BNCI2015001,2566,BNCI2015001:2566,7,6,session_A,run_0,166,right_hand,1
BNCI2015001,BNCI2015001,2567,BNCI2015001:2567,7,6,session_A,run_0,167,right_hand,1
BNCI2015001,BNCI2015001,2568,BNCI2015001:2568,7,6,session_A,run_0,168,feet,0
BNCI2015001,BNCI2015001,2569,BNCI2015001:2569,7,6,session_A,run_0,169,feet,0
BNCI2015001,BNCI2015001,2570,BNCI2015001:2570,7,6,session_A,run_0,170,feet,0
BNCI2015001,BNCI2015001,2571,BNCI2015001:2571,7,6,session_A,run_0,171,feet,0
BNCI2015001,BNCI2015001,2572,BNCI2015001:2572,7,6,session_A,run_0,172,right_hand,1
BNCI2015001,BNCI2015001,2573,BNCI2015001:2573,7,6,session_A,run_0,173,right_hand,1
BNCI2015001,BNCI2015001,2574,BNCI2015001:2574,7,6,session_A,run_0,174,right_hand,1
BNCI2015001,BNCI2015001,2575,BNCI2015001:2575,7,6,session_A,run_0,175,right_hand,1
BNCI2015001,BNCI2015001,2576,BNCI2015001:2576,7,6,session_A,run_0,176,right_hand,1
BNCI2015001,BNCI2015001,2577,BNCI2015001:2577,7,6,session_A,run_0,177,right_hand,1
BNCI2015001,BNCI2015001,2578,BNCI2015001:2578,7,6,session_A,run_0,178,right_hand,1
BNCI2015001,BNCI2015001,2579,BNCI2015001:2579,7,6,session_A,run_0,179,right_hand,1
BNCI2015001,BNCI2015001,2580,BNCI2015001:2580,7,6,session_A,run_0,180,feet,0
BNCI2015001,BNCI2015001,2581,BNCI2015001:2581,7,6,session_A,run_0,181,feet,0
BNCI2015001,BNCI2015001,2582,BNCI2015001:2582,7,6,session_A,run_0,182,feet,0
BNCI2015001,BNCI2015001,2583,BNCI2015001:2583,7,6,session_A,run_0,183,right_hand,1
BNCI2015001,BNCI2015001,2584,BNCI2015001:2584,7,6,session_A,run_0,184,right_hand,1
BNCI2015001,BNCI2015001,2585,BNCI2015001:2585,7,6,session_A,run_0,185,feet,0
BNCI2015001,BNCI2015001,2586,BNCI2015001:2586,7,6,session_A,run_0,186,feet,0
BNCI2015001,BNCI2015001,2587,BNCI2015001:2587,7,6,session_A,run_0,187,feet,0
BNCI2015001,BNCI2015001,2588,BNCI2015001:2588,7,6,session_A,run_0,188,right_hand,1
BNCI2015001,BNCI2015001,2589,BNCI2015001:2589,7,6,session_A,run_0,189,right_hand,1
BNCI2015001,BNCI2015001,2590,BNCI2015001:2590,7,6,session_A,run_0,190,feet,0
BNCI2015001,BNCI2015001,2591,BNCI2015001:2591,7,6,session_A,run_0,191,feet,0
BNCI2015001,BNCI2015001,2592,BNCI2015001:2592,7,6,session_A,run_0,192,feet,0
BNCI2015001,BNCI2015001,2593,BNCI2015001:2593,7,6,session_A,run_0,193,feet,0
BNCI2015001,BNCI2015001,2594,BNCI2015001:2594,7,6,session_A,run_0,194,right_hand,1
BNCI2015001,BNCI2015001,2595,BNCI2015001:2595,7,6,session_A,run_0,195,right_hand,1
BNCI2015001,BNCI2015001,2596,BNCI2015001:2596,7,6,session_A,run_0,196,right_hand,1
BNCI2015001,BNCI2015001,2597,BNCI2015001:2597,7,6,session_A,run_0,197,right_hand,1
BNCI2015001,BNCI2015001,2598,BNCI2015001:2598,7,6,session_A,run_0,198,feet,0
BNCI2015001,BNCI2015001,2599,BNCI2015001:2599,7,6,session_A,run_0,199,feet,0
BNCI2015001,BNCI2015001,2800,BNCI2015001:2800,8,7,session_A,run_0,0,feet,0
BNCI2015001,BNCI2015001,2801,BNCI2015001:2801,8,7,session_A,run_0,1,right_hand,1
BNCI2015001,BNCI2015001,2802,BNCI2015001:2802,8,7,session_A,run_0,2,right_hand,1
BNCI2015001,BNCI2015001,2803,BNCI2015001:2803,8,7,session_A,run_0,3,feet,0
BNCI2015001,BNCI2015001,2804,BNCI2015001:2804,8,7,session_A,run_0,4,right_hand,1
BNCI2015001,BNCI2015001,2805,BNCI2015001:2805,8,7,session_A,run_0,5,feet,0
BNCI2015001,BNCI2015001,2806,BNCI2015001:2806,8,7,session_A,run_0,6,feet,0
BNCI2015001,BNCI2015001,2807,BNCI2015001:2807,8,7,session_A,run_0,7,right_hand,1
BNCI2015001,BNCI2015001,2808,BNCI2015001:2808,8,7,session_A,run_0,8,feet,0
BNCI2015001,BNCI2015001,2809,BNCI2015001:2809,8,7,session_A,run_0,9,right_hand,1
BNCI2015001,BNCI2015001,2810,BNCI2015001:2810,8,7,session_A,run_0,10,feet,0
BNCI2015001,BNCI2015001,2811,BNCI2015001:2811,8,7,session_A,run_0,11,right_hand,1
BNCI2015001,BNCI2015001,2812,BNCI2015001:2812,8,7,session_A,run_0,12,feet,0
BNCI2015001,BNCI2015001,2813,BNCI2015001:2813,8,7,session_A,run_0,13,feet,0
BNCI2015001,BNCI2015001,2814,BNCI2015001:2814,8,7,session_A,run_0,14,feet,0
BNCI2015001,BNCI2015001,2815,BNCI2015001:2815,8,7,session_A,run_0,15,right_hand,1
BNCI2015001,BNCI2015001,2816,BNCI2015001:2816,8,7,session_A,run_0,16,right_hand,1
BNCI2015001,BNCI2015001,2817,BNCI2015001:2817,8,7,session_A,run_0,17,feet,0
BNCI2015001,BNCI2015001,2818,BNCI2015001:2818,8,7,session_A,run_0,18,right_hand,1
BNCI2015001,BNCI2015001,2819,BNCI2015001:2819,8,7,session_A,run_0,19,feet,0
BNCI2015001,BNCI2015001,2820,BNCI2015001:2820,8,7,session_A,run_0,20,right_hand,1
BNCI2015001,BNCI2015001,2821,BNCI2015001:2821,8,7,session_A,run_0,21,right_hand,1
BNCI2015001,BNCI2015001,2822,BNCI2015001:2822,8,7,session_A,run_0,22,feet,0
BNCI2015001,BNCI2015001,2823,BNCI2015001:2823,8,7,session_A,run_0,23,feet,0
BNCI2015001,BNCI2015001,2824,BNCI2015001:2824,8,7,session_A,run_0,24,feet,0
BNCI2015001,BNCI2015001,2825,BNCI2015001:2825,8,7,session_A,run_0,25,right_hand,1
BNCI2015001,BNCI2015001,2826,BNCI2015001:2826,8,7,session_A,run_0,26,right_hand,1
BNCI2015001,BNCI2015001,2827,BNCI2015001:2827,8,7,session_A,run_0,27,feet,0
BNCI2015001,BNCI2015001,2828,BNCI2015001:2828,8,7,session_A,run_0,28,feet,0
BNCI2015001,BNCI2015001,2829,BNCI2015001:2829,8,7,session_A,run_0,29,right_hand,1
BNCI2015001,BNCI2015001,2830,BNCI2015001:2830,8,7,session_A,run_0,30,right_hand,1
BNCI2015001,BNCI2015001,2831,BNCI2015001:2831,8,7,session_A,run_0,31,right_hand,1
BNCI2015001,BNCI2015001,2832,BNCI2015001:2832,8,7,session_A,run_0,32,feet,0
BNCI2015001,BNCI2015001,2833,BNCI2015001:2833,8,7,session_A,run_0,33,right_hand,1
BNCI2015001,BNCI2015001,2834,BNCI2015001:2834,8,7,session_A,run_0,34,right_hand,1
BNCI2015001,BNCI2015001,2835,BNCI2015001:2835,8,7,session_A,run_0,35,right_hand,1
BNCI2015001,BNCI2015001,2836,BNCI2015001:2836,8,7,session_A,run_0,36,feet,0
BNCI2015001,BNCI2015001,2837,BNCI2015001:2837,8,7,session_A,run_0,37,right_hand,1
BNCI2015001,BNCI2015001,2838,BNCI2015001:2838,8,7,session_A,run_0,38,feet,0
BNCI2015001,BNCI2015001,2839,BNCI2015001:2839,8,7,session_A,run_0,39,feet,0
BNCI2015001,BNCI2015001,2840,BNCI2015001:2840,8,7,session_A,run_0,40,feet,0
BNCI2015001,BNCI2015001,2841,BNCI2015001:2841,8,7,session_A,run_0,41,right_hand,1
BNCI2015001,BNCI2015001,2842,BNCI2015001:2842,8,7,session_A,run_0,42,feet,0
BNCI2015001,BNCI2015001,2843,BNCI2015001:2843,8,7,session_A,run_0,43,feet,0
BNCI2015001,BNCI2015001,2844,BNCI2015001:2844,8,7,session_A,run_0,44,right_hand,1
BNCI2015001,BNCI2015001,2845,BNCI2015001:2845,8,7,session_A,run_0,45,right_hand,1
BNCI2015001,BNCI2015001,2846,BNCI2015001:2846,8,7,session_A,run_0,46,feet,0
BNCI2015001,BNCI2015001,2847,BNCI2015001:2847,8,7,session_A,run_0,47,right_hand,1
BNCI2015001,BNCI2015001,2848,BNCI2015001:2848,8,7,session_A,run_0,48,feet,0
BNCI2015001,BNCI2015001,2849,BNCI2015001:2849,8,7,session_A,run_0,49,feet,0
BNCI2015001,BNCI2015001,2850,BNCI2015001:2850,8,7,session_A,run_0,50,right_hand,1
BNCI2015001,BNCI2015001,2851,BNCI2015001:2851,8,7,session_A,run_0,51,feet,0
BNCI2015001,BNCI2015001,2852,BNCI2015001:2852,8,7,session_A,run_0,52,right_hand,1
BNCI2015001,BNCI2015001,2853,BNCI2015001:2853,8,7,session_A,run_0,53,feet,0
BNCI2015001,BNCI2015001,2854,BNCI2015001:2854,8,7,session_A,run_0,54,feet,0
BNCI2015001,BNCI2015001,2855,BNCI2015001:2855,8,7,session_A,run_0,55,right_hand,1
BNCI2015001,BNCI2015001,2856,BNCI2015001:2856,8,7,session_A,run_0,56,feet,0
BNCI2015001,BNCI2015001,2857,BNCI2015001:2857,8,7,session_A,run_0,57,right_hand,1
BNCI2015001,BNCI2015001,2858,BNCI2015001:2858,8,7,session_A,run_0,58,feet,0
BNCI2015001,BNCI2015001,2859,BNCI2015001:2859,8,7,session_A,run_0,59,feet,0
BNCI2015001,BNCI2015001,2860,BNCI2015001:2860,8,7,session_A,run_0,60,feet,0
BNCI2015001,BNCI2015001,2861,BNCI2015001:2861,8,7,session_A,run_0,61,feet,0
BNCI2015001,BNCI2015001,2862,BNCI2015001:2862,8,7,session_A,run_0,62,right_hand,1
BNCI2015001,BNCI2015001,2863,BNCI2015001:2863,8,7,session_A,run_0,63,right_hand,1
BNCI2015001,BNCI2015001,2864,BNCI2015001:2864,8,7,session_A,run_0,64,right_hand,1
BNCI2015001,BNCI2015001,2865,BNCI2015001:2865,8,7,session_A,run_0,65,right_hand,1
BNCI2015001,BNCI2015001,2866,BNCI2015001:2866,8,7,session_A,run_0,66,right_hand,1
BNCI2015001,BNCI2015001,2867,BNCI2015001:2867,8,7,session_A,run_0,67,feet,0
BNCI2015001,BNCI2015001,2868,BNCI2015001:2868,8,7,session_A,run_0,68,right_hand,1
BNCI2015001,BNCI2015001,2869,BNCI2015001:2869,8,7,session_A,run_0,69,feet,0
BNCI2015001,BNCI2015001,2870,BNCI2015001:2870,8,7,session_A,run_0,70,right_hand,1
BNCI2015001,BNCI2015001,2871,BNCI2015001:2871,8,7,session_A,run_0,71,right_hand,1
BNCI2015001,BNCI2015001,2872,BNCI2015001:2872,8,7,session_A,run_0,72,feet,0
BNCI2015001,BNCI2015001,2873,BNCI2015001:2873,8,7,session_A,run_0,73,right_hand,1
BNCI2015001,BNCI2015001,2874,BNCI2015001:2874,8,7,session_A,run_0,74,feet,0
BNCI2015001,BNCI2015001,2875,BNCI2015001:2875,8,7,session_A,run_0,75,right_hand,1
BNCI2015001,BNCI2015001,2876,BNCI2015001:2876,8,7,session_A,run_0,76,feet,0
BNCI2015001,BNCI2015001,2877,BNCI2015001:2877,8,7,session_A,run_0,77,right_hand,1
BNCI2015001,BNCI2015001,2878,BNCI2015001:2878,8,7,session_A,run_0,78,right_hand,1
BNCI2015001,BNCI2015001,2879,BNCI2015001:2879,8,7,session_A,run_0,79,feet,0
BNCI2015001,BNCI2015001,2880,BNCI2015001:2880,8,7,session_A,run_0,80,right_hand,1
BNCI2015001,BNCI2015001,2881,BNCI2015001:2881,8,7,session_A,run_0,81,right_hand,1
BNCI2015001,BNCI2015001,2882,BNCI2015001:2882,8,7,session_A,run_0,82,feet,0
BNCI2015001,BNCI2015001,2883,BNCI2015001:2883,8,7,session_A,run_0,83,feet,0
BNCI2015001,BNCI2015001,2884,BNCI2015001:2884,8,7,session_A,run_0,84,right_hand,1
BNCI2015001,BNCI2015001,2885,BNCI2015001:2885,8,7,session_A,run_0,85,feet,0
BNCI2015001,BNCI2015001,2886,BNCI2015001:2886,8,7,session_A,run_0,86,feet,0
BNCI2015001,BNCI2015001,2887,BNCI2015001:2887,8,7,session_A,run_0,87,right_hand,1
BNCI2015001,BNCI2015001,2888,BNCI2015001:2888,8,7,session_A,run_0,88,right_hand,1
BNCI2015001,BNCI2015001,2889,BNCI2015001:2889,8,7,session_A,run_0,89,feet,0
BNCI2015001,BNCI2015001,2890,BNCI2015001:2890,8,7,session_A,run_0,90,right_hand,1
BNCI2015001,BNCI2015001,2891,BNCI2015001:2891,8,7,session_A,run_0,91,right_hand,1
BNCI2015001,BNCI2015001,2892,BNCI2015001:2892,8,7,session_A,run_0,92,right_hand,1
BNCI2015001,BNCI2015001,2893,BNCI2015001:2893,8,7,session_A,run_0,93,feet,0
BNCI2015001,BNCI2015001,2894,BNCI2015001:2894,8,7,session_A,run_0,94,feet,0
BNCI2015001,BNCI2015001,2895,BNCI2015001:2895,8,7,session_A,run_0,95,right_hand,1
BNCI2015001,BNCI2015001,2896,BNCI2015001:2896,8,7,session_A,run_0,96,feet,0
BNCI2015001,BNCI2015001,2897,BNCI2015001:2897,8,7,session_A,run_0,97,feet,0
BNCI2015001,BNCI2015001,2898,BNCI2015001:2898,8,7,session_A,run_0,98,feet,0
BNCI2015001,BNCI2015001,2899,BNCI2015001:2899,8,7,session_A,run_0,99,feet,0
BNCI2015001,BNCI2015001,2900,BNCI2015001:2900,8,7,session_A,run_0,100,feet,0
BNCI2015001,BNCI2015001,2901,BNCI2015001:2901,8,7,session_A,run_0,101,right_hand,1
BNCI2015001,BNCI2015001,2902,BNCI2015001:2902,8,7,session_A,run_0,102,right_hand,1
BNCI2015001,BNCI2015001,2903,BNCI2015001:2903,8,7,session_A,run_0,103,right_hand,1
BNCI2015001,BNCI2015001,2904,BNCI2015001:2904,8,7,session_A,run_0,104,feet,0
BNCI2015001,BNCI2015001,2905,BNCI2015001:2905,8,7,session_A,run_0,105,right_hand,1
BNCI2015001,BNCI2015001,2906,BNCI2015001:2906,8,7,session_A,run_0,106,feet,0
BNCI2015001,BNCI2015001,2907,BNCI2015001:2907,8,7,session_A,run_0,107,right_hand,1
BNCI2015001,BNCI2015001,2908,BNCI2015001:2908,8,7,session_A,run_0,108,feet,0
BNCI2015001,BNCI2015001,2909,BNCI2015001:2909,8,7,session_A,run_0,109,right_hand,1
BNCI2015001,BNCI2015001,2910,BNCI2015001:2910,8,7,session_A,run_0,110,right_hand,1
BNCI2015001,BNCI2015001,2911,BNCI2015001:2911,8,7,session_A,run_0,111,feet,0
BNCI2015001,BNCI2015001,2912,BNCI2015001:2912,8,7,session_A,run_0,112,right_hand,1
BNCI2015001,BNCI2015001,2913,BNCI2015001:2913,8,7,session_A,run_0,113,feet,0
BNCI2015001,BNCI2015001,2914,BNCI2015001:2914,8,7,session_A,run_0,114,feet,0
BNCI2015001,BNCI2015001,2915,BNCI2015001:2915,8,7,session_A,run_0,115,right_hand,1
BNCI2015001,BNCI2015001,2916,BNCI2015001:2916,8,7,session_A,run_0,116,feet,0
BNCI2015001,BNCI2015001,2917,BNCI2015001:2917,8,7,session_A,run_0,117,feet,0
BNCI2015001,BNCI2015001,2918,BNCI2015001:2918,8,7,session_A,run_0,118,right_hand,1
BNCI2015001,BNCI2015001,2919,BNCI2015001:2919,8,7,session_A,run_0,119,right_hand,1
BNCI2015001,BNCI2015001,2920,BNCI2015001:2920,8,7,session_A,run_0,120,feet,0
BNCI2015001,BNCI2015001,2921,BNCI2015001:2921,8,7,session_A,run_0,121,feet,0
BNCI2015001,BNCI2015001,2922,BNCI2015001:2922,8,7,session_A,run_0,122,right_hand,1
BNCI2015001,BNCI2015001,2923,BNCI2015001:2923,8,7,session_A,run_0,123,feet,0
BNCI2015001,BNCI2015001,2924,BNCI2015001:2924,8,7,session_A,run_0,124,right_hand,1
BNCI2015001,BNCI2015001,2925,BNCI2015001:2925,8,7,session_A,run_0,125,feet,0
BNCI2015001,BNCI2015001,2926,BNCI2015001:2926,8,7,session_A,run_0,126,right_hand,1
BNCI2015001,BNCI2015001,2927,BNCI2015001:2927,8,7,session_A,run_0,127,feet,0
BNCI2015001,BNCI2015001,2928,BNCI2015001:2928,8,7,session_A,run_0,128,feet,0
BNCI2015001,BNCI2015001,2929,BNCI2015001:2929,8,7,session_A,run_0,129,feet,0
BNCI2015001,BNCI2015001,2930,BNCI2015001:2930,8,7,session_A,run_0,130,feet,0
BNCI2015001,BNCI2015001,2931,BNCI2015001:2931,8,7,session_A,run_0,131,right_hand,1
BNCI2015001,BNCI2015001,2932,BNCI2015001:2932,8,7,session_A,run_0,132,right_hand,1
BNCI2015001,BNCI2015001,2933,BNCI2015001:2933,8,7,session_A,run_0,133,feet,0
BNCI2015001,BNCI2015001,2934,BNCI2015001:2934,8,7,session_A,run_0,134,right_hand,1
BNCI2015001,BNCI2015001,2935,BNCI2015001:2935,8,7,session_A,run_0,135,right_hand,1
BNCI2015001,BNCI2015001,2936,BNCI2015001:2936,8,7,session_A,run_0,136,right_hand,1
BNCI2015001,BNCI2015001,2937,BNCI2015001:2937,8,7,session_A,run_0,137,feet,0
BNCI2015001,BNCI2015001,2938,BNCI2015001:2938,8,7,session_A,run_0,138,right_hand,1
BNCI2015001,BNCI2015001,2939,BNCI2015001:2939,8,7,session_A,run_0,139,right_hand,1
BNCI2015001,BNCI2015001,2940,BNCI2015001:2940,8,7,session_A,run_0,140,feet,0
BNCI2015001,BNCI2015001,2941,BNCI2015001:2941,8,7,session_A,run_0,141,right_hand,1
BNCI2015001,BNCI2015001,2942,BNCI2015001:2942,8,7,session_A,run_0,142,feet,0
BNCI2015001,BNCI2015001,2943,BNCI2015001:2943,8,7,session_A,run_0,143,feet,0
BNCI2015001,BNCI2015001,2944,BNCI2015001:2944,8,7,session_A,run_0,144,right_hand,1
BNCI2015001,BNCI2015001,2945,BNCI2015001:2945,8,7,session_A,run_0,145,right_hand,1
BNCI2015001,BNCI2015001,2946,BNCI2015001:2946,8,7,session_A,run_0,146,feet,0
BNCI2015001,BNCI2015001,2947,BNCI2015001:2947,8,7,session_A,run_0,147,right_hand,1
BNCI2015001,BNCI2015001,2948,BNCI2015001:2948,8,7,session_A,run_0,148,right_hand,1
BNCI2015001,BNCI2015001,2949,BNCI2015001:2949,8,7,session_A,run_0,149,right_hand,1
BNCI2015001,BNCI2015001,2950,BNCI2015001:2950,8,7,session_A,run_0,150,right_hand,1
BNCI2015001,BNCI2015001,2951,BNCI2015001:2951,8,7,session_A,run_0,151,right_hand,1
BNCI2015001,BNCI2015001,2952,BNCI2015001:2952,8,7,session_A,run_0,152,feet,0
BNCI2015001,BNCI2015001,2953,BNCI2015001:2953,8,7,session_A,run_0,153,feet,0
BNCI2015001,BNCI2015001,2954,BNCI2015001:2954,8,7,session_A,run_0,154,right_hand,1
BNCI2015001,BNCI2015001,2955,BNCI2015001:2955,8,7,session_A,run_0,155,feet,0
BNCI2015001,BNCI2015001,2956,BNCI2015001:2956,8,7,session_A,run_0,156,feet,0
BNCI2015001,BNCI2015001,2957,BNCI2015001:2957,8,7,session_A,run_0,157,feet,0
BNCI2015001,BNCI2015001,2958,BNCI2015001:2958,8,7,session_A,run_0,158,feet,0
BNCI2015001,BNCI2015001,2959,BNCI2015001:2959,8,7,session_A,run_0,159,right_hand,1
BNCI2015001,BNCI2015001,2960,BNCI2015001:2960,8,7,session_A,run_0,160,right_hand,1
BNCI2015001,BNCI2015001,2961,BNCI2015001:2961,8,7,session_A,run_0,161,right_hand,1
BNCI2015001,BNCI2015001,2962,BNCI2015001:2962,8,7,session_A,run_0,162,right_hand,1
BNCI2015001,BNCI2015001,2963,BNCI2015001:2963,8,7,session_A,run_0,163,feet,0
BNCI2015001,BNCI2015001,2964,BNCI2015001:2964,8,7,session_A,run_0,164,feet,0
BNCI2015001,BNCI2015001,2965,BNCI2015001:2965,8,7,session_A,run_0,165,feet,0
BNCI2015001,BNCI2015001,2966,BNCI2015001:2966,8,7,session_A,run_0,166,right_hand,1
BNCI2015001,BNCI2015001,2967,BNCI2015001:2967,8,7,session_A,run_0,167,right_hand,1
BNCI2015001,BNCI2015001,2968,BNCI2015001:2968,8,7,session_A,run_0,168,right_hand,1
BNCI2015001,BNCI2015001,2969,BNCI2015001:2969,8,7,session_A,run_0,169,feet,0
BNCI2015001,BNCI2015001,2970,BNCI2015001:2970,8,7,session_A,run_0,170,feet,0
BNCI2015001,BNCI2015001,2971,BNCI2015001:2971,8,7,session_A,run_0,171,right_hand,1
BNCI2015001,BNCI2015001,2972,BNCI2015001:2972,8,7,session_A,run_0,172,right_hand,1
BNCI2015001,BNCI2015001,2973,BNCI2015001:2973,8,7,session_A,run_0,173,feet,0
BNCI2015001,BNCI2015001,2974,BNCI2015001:2974,8,7,session_A,run_0,174,right_hand,1
BNCI2015001,BNCI2015001,2975,BNCI2015001:2975,8,7,session_A,run_0,175,feet,0
BNCI2015001,BNCI2015001,2976,BNCI2015001:2976,8,7,session_A,run_0,176,feet,0
BNCI2015001,BNCI2015001,2977,BNCI2015001:2977,8,7,session_A,run_0,177,right_hand,1
BNCI2015001,BNCI2015001,2978,BNCI2015001:2978,8,7,session_A,run_0,178,right_hand,1
BNCI2015001,BNCI2015001,2979,BNCI2015001:2979,8,7,session_A,run_0,179,right_hand,1
BNCI2015001,BNCI2015001,2980,BNCI2015001:2980,8,7,session_A,run_0,180,feet,0
BNCI2015001,BNCI2015001,2981,BNCI2015001:2981,8,7,session_A,run_0,181,feet,0
BNCI2015001,BNCI2015001,2982,BNCI2015001:2982,8,7,session_A,run_0,182,feet,0
BNCI2015001,BNCI2015001,2983,BNCI2015001:2983,8,7,session_A,run_0,183,right_hand,1
BNCI2015001,BNCI2015001,2984,BNCI2015001:2984,8,7,session_A,run_0,184,right_hand,1
BNCI2015001,BNCI2015001,2985,BNCI2015001:2985,8,7,session_A,run_0,185,right_hand,1
BNCI2015001,BNCI2015001,2986,BNCI2015001:2986,8,7,session_A,run_0,186,feet,0
BNCI2015001,BNCI2015001,2987,BNCI2015001:2987,8,7,session_A,run_0,187,feet,0
BNCI2015001,BNCI2015001,2988,BNCI2015001:2988,8,7,session_A,run_0,188,right_hand,1
BNCI2015001,BNCI2015001,2989,BNCI2015001:2989,8,7,session_A,run_0,189,feet,0
BNCI2015001,BNCI2015001,2990,BNCI2015001:2990,8,7,session_A,run_0,190,feet,0
BNCI2015001,BNCI2015001,2991,BNCI2015001:2991,8,7,session_A,run_0,191,feet,0
BNCI2015001,BNCI2015001,2992,BNCI2015001:2992,8,7,session_A,run_0,192,right_hand,1
BNCI2015001,BNCI2015001,2993,BNCI2015001:2993,8,7,session_A,run_0,193,feet,0
BNCI2015001,BNCI2015001,2994,BNCI2015001:2994,8,7,session_A,run_0,194,feet,0
BNCI2015001,BNCI2015001,2995,BNCI2015001:2995,8,7,session_A,run_0,195,right_hand,1
BNCI2015001,BNCI2015001,2996,BNCI2015001:2996,8,7,session_A,run_0,196,right_hand,1
BNCI2015001,BNCI2015001,2997,BNCI2015001:2997,8,7,session_A,run_0,197,feet,0
BNCI2015001,BNCI2015001,2998,BNCI2015001:2998,8,7,session_A,run_0,198,feet,0
BNCI2015001,BNCI2015001,2999,BNCI2015001:2999,8,7,session_A,run_0,199,right_hand,1
BNCI2015001,BNCI2015001,3400,BNCI2015001:3400,9,8,session_A,run_0,0,right_hand,1
BNCI2015001,BNCI2015001,3401,BNCI2015001:3401,9,8,session_A,run_0,1,right_hand,1
BNCI2015001,BNCI2015001,3402,BNCI2015001:3402,9,8,session_A,run_0,2,feet,0
BNCI2015001,BNCI2015001,3403,BNCI2015001:3403,9,8,session_A,run_0,3,right_hand,1
BNCI2015001,BNCI2015001,3404,BNCI2015001:3404,9,8,session_A,run_0,4,feet,0
BNCI2015001,BNCI2015001,3405,BNCI2015001:3405,9,8,session_A,run_0,5,feet,0
BNCI2015001,BNCI2015001,3406,BNCI2015001:3406,9,8,session_A,run_0,6,right_hand,1
BNCI2015001,BNCI2015001,3407,BNCI2015001:3407,9,8,session_A,run_0,7,feet,0
BNCI2015001,BNCI2015001,3408,BNCI2015001:3408,9,8,session_A,run_0,8,feet,0
BNCI2015001,BNCI2015001,3409,BNCI2015001:3409,9,8,session_A,run_0,9,feet,0
BNCI2015001,BNCI2015001,3410,BNCI2015001:3410,9,8,session_A,run_0,10,right_hand,1
BNCI2015001,BNCI2015001,3411,BNCI2015001:3411,9,8,session_A,run_0,11,right_hand,1
BNCI2015001,BNCI2015001,3412,BNCI2015001:3412,9,8,session_A,run_0,12,right_hand,1
BNCI2015001,BNCI2015001,3413,BNCI2015001:3413,9,8,session_A,run_0,13,feet,0
BNCI2015001,BNCI2015001,3414,BNCI2015001:3414,9,8,session_A,run_0,14,feet,0
BNCI2015001,BNCI2015001,3415,BNCI2015001:3415,9,8,session_A,run_0,15,feet,0
BNCI2015001,BNCI2015001,3416,BNCI2015001:3416,9,8,session_A,run_0,16,right_hand,1
BNCI2015001,BNCI2015001,3417,BNCI2015001:3417,9,8,session_A,run_0,17,feet,0
BNCI2015001,BNCI2015001,3418,BNCI2015001:3418,9,8,session_A,run_0,18,feet,0
BNCI2015001,BNCI2015001,3419,BNCI2015001:3419,9,8,session_A,run_0,19,right_hand,1
BNCI2015001,BNCI2015001,3420,BNCI2015001:3420,9,8,session_A,run_0,20,right_hand,1
BNCI2015001,BNCI2015001,3421,BNCI2015001:3421,9,8,session_A,run_0,21,right_hand,1
BNCI2015001,BNCI2015001,3422,BNCI2015001:3422,9,8,session_A,run_0,22,feet,0
BNCI2015001,BNCI2015001,3423,BNCI2015001:3423,9,8,session_A,run_0,23,feet,0
BNCI2015001,BNCI2015001,3424,BNCI2015001:3424,9,8,session_A,run_0,24,right_hand,1
BNCI2015001,BNCI2015001,3425,BNCI2015001:3425,9,8,session_A,run_0,25,right_hand,1
BNCI2015001,BNCI2015001,3426,BNCI2015001:3426,9,8,session_A,run_0,26,right_hand,1
BNCI2015001,BNCI2015001,3427,BNCI2015001:3427,9,8,session_A,run_0,27,feet,0
BNCI2015001,BNCI2015001,3428,BNCI2015001:3428,9,8,session_A,run_0,28,feet,0
BNCI2015001,BNCI2015001,3429,BNCI2015001:3429,9,8,session_A,run_0,29,right_hand,1
BNCI2015001,BNCI2015001,3430,BNCI2015001:3430,9,8,session_A,run_0,30,feet,0
BNCI2015001,BNCI2015001,3431,BNCI2015001:3431,9,8,session_A,run_0,31,right_hand,1
BNCI2015001,BNCI2015001,3432,BNCI2015001:3432,9,8,session_A,run_0,32,feet,0
BNCI2015001,BNCI2015001,3433,BNCI2015001:3433,9,8,session_A,run_0,33,right_hand,1
BNCI2015001,BNCI2015001,3434,BNCI2015001:3434,9,8,session_A,run_0,34,feet,0
BNCI2015001,BNCI2015001,3435,BNCI2015001:3435,9,8,session_A,run_0,35,feet,0
BNCI2015001,BNCI2015001,3436,BNCI2015001:3436,9,8,session_A,run_0,36,right_hand,1
BNCI2015001,BNCI2015001,3437,BNCI2015001:3437,9,8,session_A,run_0,37,feet,0
BNCI2015001,BNCI2015001,3438,BNCI2015001:3438,9,8,session_A,run_0,38,right_hand,1
BNCI2015001,BNCI2015001,3439,BNCI2015001:3439,9,8,session_A,run_0,39,right_hand,1
BNCI2015001,BNCI2015001,3440,BNCI2015001:3440,9,8,session_A,run_0,40,feet,0
BNCI2015001,BNCI2015001,3441,BNCI2015001:3441,9,8,session_A,run_0,41,right_hand,1
BNCI2015001,BNCI2015001,3442,BNCI2015001:3442,9,8,session_A,run_0,42,feet,0
BNCI2015001,BNCI2015001,3443,BNCI2015001:3443,9,8,session_A,run_0,43,feet,0
BNCI2015001,BNCI2015001,3444,BNCI2015001:3444,9,8,session_A,run_0,44,right_hand,1
BNCI2015001,BNCI2015001,3445,BNCI2015001:3445,9,8,session_A,run_0,45,right_hand,1
BNCI2015001,BNCI2015001,3446,BNCI2015001:3446,9,8,session_A,run_0,46,feet,0
BNCI2015001,BNCI2015001,3447,BNCI2015001:3447,9,8,session_A,run_0,47,feet,0
BNCI2015001,BNCI2015001,3448,BNCI2015001:3448,9,8,session_A,run_0,48,feet,0
BNCI2015001,BNCI2015001,3449,BNCI2015001:3449,9,8,session_A,run_0,49,right_hand,1
BNCI2015001,BNCI2015001,3450,BNCI2015001:3450,9,8,session_A,run_0,50,feet,0
BNCI2015001,BNCI2015001,3451,BNCI2015001:3451,9,8,session_A,run_0,51,feet,0
BNCI2015001,BNCI2015001,3452,BNCI2015001:3452,9,8,session_A,run_0,52,feet,0
BNCI2015001,BNCI2015001,3453,BNCI2015001:3453,9,8,session_A,run_0,53,right_hand,1
BNCI2015001,BNCI2015001,3454,BNCI2015001:3454,9,8,session_A,run_0,54,right_hand,1
BNCI2015001,BNCI2015001,3455,BNCI2015001:3455,9,8,session_A,run_0,55,right_hand,1
BNCI2015001,BNCI2015001,3456,BNCI2015001:3456,9,8,session_A,run_0,56,feet,0
BNCI2015001,BNCI2015001,3457,BNCI2015001:3457,9,8,session_A,run_0,57,right_hand,1
BNCI2015001,BNCI2015001,3458,BNCI2015001:3458,9,8,session_A,run_0,58,feet,0
BNCI2015001,BNCI2015001,3459,BNCI2015001:3459,9,8,session_A,run_0,59,right_hand,1
BNCI2015001,BNCI2015001,3460,BNCI2015001:3460,9,8,session_A,run_0,60,feet,0
BNCI2015001,BNCI2015001,3461,BNCI2015001:3461,9,8,session_A,run_0,61,feet,0
BNCI2015001,BNCI2015001,3462,BNCI2015001:3462,9,8,session_A,run_0,62,right_hand,1
BNCI2015001,BNCI2015001,3463,BNCI2015001:3463,9,8,session_A,run_0,63,feet,0
BNCI2015001,BNCI2015001,3464,BNCI2015001:3464,9,8,session_A,run_0,64,right_hand,1
BNCI2015001,BNCI2015001,3465,BNCI2015001:3465,9,8,session_A,run_0,65,right_hand,1
BNCI2015001,BNCI2015001,3466,BNCI2015001:3466,9,8,session_A,run_0,66,right_hand,1
BNCI2015001,BNCI2015001,3467,BNCI2015001:3467,9,8,session_A,run_0,67,right_hand,1
BNCI2015001,BNCI2015001,3468,BNCI2015001:3468,9,8,session_A,run_0,68,feet,0
BNCI2015001,BNCI2015001,3469,BNCI2015001:3469,9,8,session_A,run_0,69,feet,0
BNCI2015001,BNCI2015001,3470,BNCI2015001:3470,9,8,session_A,run_0,70,right_hand,1
BNCI2015001,BNCI2015001,3471,BNCI2015001:3471,9,8,session_A,run_0,71,feet,0
BNCI2015001,BNCI2015001,3472,BNCI2015001:3472,9,8,session_A,run_0,72,feet,0
BNCI2015001,BNCI2015001,3473,BNCI2015001:3473,9,8,session_A,run_0,73,right_hand,1
BNCI2015001,BNCI2015001,3474,BNCI2015001:3474,9,8,session_A,run_0,74,feet,0
BNCI2015001,BNCI2015001,3475,BNCI2015001:3475,9,8,session_A,run_0,75,right_hand,1
BNCI2015001,BNCI2015001,3476,BNCI2015001:3476,9,8,session_A,run_0,76,right_hand,1
BNCI2015001,BNCI2015001,3477,BNCI2015001:3477,9,8,session_A,run_0,77,right_hand,1
BNCI2015001,BNCI2015001,3478,BNCI2015001:3478,9,8,session_A,run_0,78,right_hand,1
BNCI2015001,BNCI2015001,3479,BNCI2015001:3479,9,8,session_A,run_0,79,feet,0
BNCI2015001,BNCI2015001,3480,BNCI2015001:3480,9,8,session_A,run_0,80,feet,0
BNCI2015001,BNCI2015001,3481,BNCI2015001:3481,9,8,session_A,run_0,81,feet,0
BNCI2015001,BNCI2015001,3482,BNCI2015001:3482,9,8,session_A,run_0,82,right_hand,1
BNCI2015001,BNCI2015001,3483,BNCI2015001:3483,9,8,session_A,run_0,83,right_hand,1
BNCI2015001,BNCI2015001,3484,BNCI2015001:3484,9,8,session_A,run_0,84,feet,0
BNCI2015001,BNCI2015001,3485,BNCI2015001:3485,9,8,session_A,run_0,85,right_hand,1
BNCI2015001,BNCI2015001,3486,BNCI2015001:3486,9,8,session_A,run_0,86,feet,0
BNCI2015001,BNCI2015001,3487,BNCI2015001:3487,9,8,session_A,run_0,87,right_hand,1
BNCI2015001,BNCI2015001,3488,BNCI2015001:3488,9,8,session_A,run_0,88,feet,0
BNCI2015001,BNCI2015001,3489,BNCI2015001:3489,9,8,session_A,run_0,89,right_hand,1
BNCI2015001,BNCI2015001,3490,BNCI2015001:3490,9,8,session_A,run_0,90,right_hand,1
BNCI2015001,BNCI2015001,3491,BNCI2015001:3491,9,8,session_A,run_0,91,right_hand,1
BNCI2015001,BNCI2015001,3492,BNCI2015001:3492,9,8,session_A,run_0,92,feet,0
BNCI2015001,BNCI2015001,3493,BNCI2015001:3493,9,8,session_A,run_0,93,feet,0
BNCI2015001,BNCI2015001,3494,BNCI2015001:3494,9,8,session_A,run_0,94,right_hand,1
BNCI2015001,BNCI2015001,3495,BNCI2015001:3495,9,8,session_A,run_0,95,right_hand,1
BNCI2015001,BNCI2015001,3496,BNCI2015001:3496,9,8,session_A,run_0,96,right_hand,1
BNCI2015001,BNCI2015001,3497,BNCI2015001:3497,9,8,session_A,run_0,97,right_hand,1
BNCI2015001,BNCI2015001,3498,BNCI2015001:3498,9,8,session_A,run_0,98,feet,0
BNCI2015001,BNCI2015001,3499,BNCI2015001:3499,9,8,session_A,run_0,99,right_hand,1
BNCI2015001,BNCI2015001,3500,BNCI2015001:3500,9,8,session_A,run_0,100,feet,0
BNCI2015001,BNCI2015001,3501,BNCI2015001:3501,9,8,session_A,run_0,101,feet,0
BNCI2015001,BNCI2015001,3502,BNCI2015001:3502,9,8,session_A,run_0,102,right_hand,1
BNCI2015001,BNCI2015001,3503,BNCI2015001:3503,9,8,session_A,run_0,103,feet,0
BNCI2015001,BNCI2015001,3504,BNCI2015001:3504,9,8,session_A,run_0,104,right_hand,1
BNCI2015001,BNCI2015001,3505,BNCI2015001:3505,9,8,session_A,run_0,105,right_hand,1
BNCI2015001,BNCI2015001,3506,BNCI2015001:3506,9,8,session_A,run_0,106,feet,0
BNCI2015001,BNCI2015001,3507,BNCI2015001:3507,9,8,session_A,run_0,107,feet,0
BNCI2015001,BNCI2015001,3508,BNCI2015001:3508,9,8,session_A,run_0,108,right_hand,1
BNCI2015001,BNCI2015001,3509,BNCI2015001:3509,9,8,session_A,run_0,109,right_hand,1
BNCI2015001,BNCI2015001,3510,BNCI2015001:3510,9,8,session_A,run_0,110,feet,0
BNCI2015001,BNCI2015001,3511,BNCI2015001:3511,9,8,session_A,run_0,111,feet,0
BNCI2015001,BNCI2015001,3512,BNCI2015001:3512,9,8,session_A,run_0,112,feet,0
BNCI2015001,BNCI2015001,3513,BNCI2015001:3513,9,8,session_A,run_0,113,right_hand,1
BNCI2015001,BNCI2015001,3514,BNCI2015001:3514,9,8,session_A,run_0,114,feet,0
BNCI2015001,BNCI2015001,3515,BNCI2015001:3515,9,8,session_A,run_0,115,right_hand,1
BNCI2015001,BNCI2015001,3516,BNCI2015001:3516,9,8,session_A,run_0,116,right_hand,1
BNCI2015001,BNCI2015001,3517,BNCI2015001:3517,9,8,session_A,run_0,117,feet,0
BNCI2015001,BNCI2015001,3518,BNCI2015001:3518,9,8,session_A,run_0,118,feet,0
BNCI2015001,BNCI2015001,3519,BNCI2015001:3519,9,8,session_A,run_0,119,feet,0
BNCI2015001,BNCI2015001,3520,BNCI2015001:3520,9,8,session_A,run_0,120,feet,0
BNCI2015001,BNCI2015001,3521,BNCI2015001:3521,9,8,session_A,run_0,121,feet,0
BNCI2015001,BNCI2015001,3522,BNCI2015001:3522,9,8,session_A,run_0,122,feet,0
BNCI2015001,BNCI2015001,3523,BNCI2015001:3523,9,8,session_A,run_0,123,right_hand,1
BNCI2015001,BNCI2015001,3524,BNCI2015001:3524,9,8,session_A,run_0,124,right_hand,1
BNCI2015001,BNCI2015001,3525,BNCI2015001:3525,9,8,session_A,run_0,125,feet,0
BNCI2015001,BNCI2015001,3526,BNCI2015001:3526,9,8,session_A,run_0,126,right_hand,1
BNCI2015001,BNCI2015001,3527,BNCI2015001:3527,9,8,session_A,run_0,127,feet,0
BNCI2015001,BNCI2015001,3528,BNCI2015001:3528,9,8,session_A,run_0,128,right_hand,1
BNCI2015001,BNCI2015001,3529,BNCI2015001:3529,9,8,session_A,run_0,129,right_hand,1
BNCI2015001,BNCI2015001,3530,BNCI2015001:3530,9,8,session_A,run_0,130,right_hand,1
BNCI2015001,BNCI2015001,3531,BNCI2015001:3531,9,8,session_A,run_0,131,right_hand,1
BNCI2015001,BNCI2015001,3532,BNCI2015001:3532,9,8,session_A,run_0,132,right_hand,1
BNCI2015001,BNCI2015001,3533,BNCI2015001:3533,9,8,session_A,run_0,133,feet,0
BNCI2015001,BNCI2015001,3534,BNCI2015001:3534,9,8,session_A,run_0,134,feet,0
BNCI2015001,BNCI2015001,3535,BNCI2015001:3535,9,8,session_A,run_0,135,right_hand,1
BNCI2015001,BNCI2015001,3536,BNCI2015001:3536,9,8,session_A,run_0,136,right_hand,1
BNCI2015001,BNCI2015001,3537,BNCI2015001:3537,9,8,session_A,run_0,137,feet,0
BNCI2015001,BNCI2015001,3538,BNCI2015001:3538,9,8,session_A,run_0,138,right_hand,1
BNCI2015001,BNCI2015001,3539,BNCI2015001:3539,9,8,session_A,run_0,139,right_hand,1
BNCI2015001,BNCI2015001,3540,BNCI2015001:3540,9,8,session_A,run_0,140,feet,0
BNCI2015001,BNCI2015001,3541,BNCI2015001:3541,9,8,session_A,run_0,141,right_hand,1
BNCI2015001,BNCI2015001,3542,BNCI2015001:3542,9,8,session_A,run_0,142,right_hand,1
BNCI2015001,BNCI2015001,3543,BNCI2015001:3543,9,8,session_A,run_0,143,right_hand,1
BNCI2015001,BNCI2015001,3544,BNCI2015001:3544,9,8,session_A,run_0,144,feet,0
BNCI2015001,BNCI2015001,3545,BNCI2015001:3545,9,8,session_A,run_0,145,feet,0
BNCI2015001,BNCI2015001,3546,BNCI2015001:3546,9,8,session_A,run_0,146,feet,0
BNCI2015001,BNCI2015001,3547,BNCI2015001:3547,9,8,session_A,run_0,147,feet,0
BNCI2015001,BNCI2015001,3548,BNCI2015001:3548,9,8,session_A,run_0,148,feet,0
BNCI2015001,BNCI2015001,3549,BNCI2015001:3549,9,8,session_A,run_0,149,right_hand,1
BNCI2015001,BNCI2015001,3550,BNCI2015001:3550,9,8,session_A,run_0,150,feet,0
BNCI2015001,BNCI2015001,3551,BNCI2015001:3551,9,8,session_A,run_0,151,right_hand,1
BNCI2015001,BNCI2015001,3552,BNCI2015001:3552,9,8,session_A,run_0,152,feet,0
BNCI2015001,BNCI2015001,3553,BNCI2015001:3553,9,8,session_A,run_0,153,feet,0
BNCI2015001,BNCI2015001,3554,BNCI2015001:3554,9,8,session_A,run_0,154,feet,0
BNCI2015001,BNCI2015001,3555,BNCI2015001:3555,9,8,session_A,run_0,155,feet,0
BNCI2015001,BNCI2015001,3556,BNCI2015001:3556,9,8,session_A,run_0,156,feet,0
BNCI2015001,BNCI2015001,3557,BNCI2015001:3557,9,8,session_A,run_0,157,right_hand,1
BNCI2015001,BNCI2015001,3558,BNCI2015001:3558,9,8,session_A,run_0,158,right_hand,1
BNCI2015001,BNCI2015001,3559,BNCI2015001:3559,9,8,session_A,run_0,159,right_hand,1
BNCI2015001,BNCI2015001,3560,BNCI2015001:3560,9,8,session_A,run_0,160,right_hand,1
BNCI2015001,BNCI2015001,3561,BNCI2015001:3561,9,8,session_A,run_0,161,right_hand,1
BNCI2015001,BNCI2015001,3562,BNCI2015001:3562,9,8,session_A,run_0,162,feet,0
BNCI2015001,BNCI2015001,3563,BNCI2015001:3563,9,8,session_A,run_0,163,right_hand,1
BNCI2015001,BNCI2015001,3564,BNCI2015001:3564,9,8,session_A,run_0,164,feet,0
BNCI2015001,BNCI2015001,3565,BNCI2015001:3565,9,8,session_A,run_0,165,feet,0
BNCI2015001,BNCI2015001,3566,BNCI2015001:3566,9,8,session_A,run_0,166,right_hand,1
BNCI2015001,BNCI2015001,3567,BNCI2015001:3567,9,8,session_A,run_0,167,right_hand,1
BNCI2015001,BNCI2015001,3568,BNCI2015001:3568,9,8,session_A,run_0,168,right_hand,1
BNCI2015001,BNCI2015001,3569,BNCI2015001:3569,9,8,session_A,run_0,169,right_hand,1
BNCI2015001,BNCI2015001,3570,BNCI2015001:3570,9,8,session_A,run_0,170,feet,0
BNCI2015001,BNCI2015001,3571,BNCI2015001:3571,9,8,session_A,run_0,171,feet,0
BNCI2015001,BNCI2015001,3572,BNCI2015001:3572,9,8,session_A,run_0,172,right_hand,1
BNCI2015001,BNCI2015001,3573,BNCI2015001:3573,9,8,session_A,run_0,173,feet,0
BNCI2015001,BNCI2015001,3574,BNCI2015001:3574,9,8,session_A,run_0,174,right_hand,1
BNCI2015001,BNCI2015001,3575,BNCI2015001:3575,9,8,session_A,run_0,175,feet,0
BNCI2015001,BNCI2015001,3576,BNCI2015001:3576,9,8,session_A,run_0,176,feet,0
BNCI2015001,BNCI2015001,3577,BNCI2015001:3577,9,8,session_A,run_0,177,feet,0
BNCI2015001,BNCI2015001,3578,BNCI2015001:3578,9,8,session_A,run_0,178,feet,0
BNCI2015001,BNCI2015001,3579,BNCI2015001:3579,9,8,session_A,run_0,179,feet,0
BNCI2015001,BNCI2015001,3580,BNCI2015001:3580,9,8,session_A,run_0,180,feet,0
BNCI2015001,BNCI2015001,3581,BNCI2015001:3581,9,8,session_A,run_0,181,right_hand,1
BNCI2015001,BNCI2015001,3582,BNCI2015001:3582,9,8,session_A,run_0,182,right_hand,1
BNCI2015001,BNCI2015001,3583,BNCI2015001:3583,9,8,session_A,run_0,183,feet,0
BNCI2015001,BNCI2015001,3584,BNCI2015001:3584,9,8,session_A,run_0,184,feet,0
BNCI2015001,BNCI2015001,3585,BNCI2015001:3585,9,8,session_A,run_0,185,right_hand,1
BNCI2015001,BNCI2015001,3586,BNCI2015001:3586,9,8,session_A,run_0,186,right_hand,1
BNCI2015001,BNCI2015001,3587,BNCI2015001:3587,9,8,session_A,run_0,187,feet,0
BNCI2015001,BNCI2015001,3588,BNCI2015001:3588,9,8,session_A,run_0,188,right_hand,1
BNCI2015001,BNCI2015001,3589,BNCI2015001:3589,9,8,session_A,run_0,189,feet,0
BNCI2015001,BNCI2015001,3590,BNCI2015001:3590,9,8,session_A,run_0,190,right_hand,1
BNCI2015001,BNCI2015001,3591,BNCI2015001:3591,9,8,session_A,run_0,191,right_hand,1
BNCI2015001,BNCI2015001,3592,BNCI2015001:3592,9,8,session_A,run_0,192,feet,0
BNCI2015001,BNCI2015001,3593,BNCI2015001:3593,9,8,session_A,run_0,193,right_hand,1
BNCI2015001,BNCI2015001,3594,BNCI2015001:3594,9,8,session_A,run_0,194,right_hand,1
BNCI2015001,BNCI2015001,3595,BNCI2015001:3595,9,8,session_A,run_0,195,right_hand,1
BNCI2015001,BNCI2015001,3596,BNCI2015001:3596,9,8,session_A,run_0,196,feet,0
BNCI2015001,BNCI2015001,3597,BNCI2015001:3597,9,8,session_A,run_0,197,feet,0
BNCI2015001,BNCI2015001,3598,BNCI2015001:3598,9,8,session_A,run_0,198,feet,0
BNCI2015001,BNCI2015001,3599,BNCI2015001:3599,9,8,session_A,run_0,199,right_hand,1
BNCI2015001,BNCI2015001,4000,BNCI2015001:4000,10,9,session_A,run_0,0,right_hand,1
BNCI2015001,BNCI2015001,4001,BNCI2015001:4001,10,9,session_A,run_0,1,right_hand,1
BNCI2015001,BNCI2015001,4002,BNCI2015001:4002,10,9,session_A,run_0,2,right_hand,1
BNCI2015001,BNCI2015001,4003,BNCI2015001:4003,10,9,session_A,run_0,3,feet,0
BNCI2015001,BNCI2015001,4004,BNCI2015001:4004,10,9,session_A,run_0,4,feet,0
BNCI2015001,BNCI2015001,4005,BNCI2015001:4005,10,9,session_A,run_0,5,feet,0
BNCI2015001,BNCI2015001,4006,BNCI2015001:4006,10,9,session_A,run_0,6,feet,0
BNCI2015001,BNCI2015001,4007,BNCI2015001:4007,10,9,session_A,run_0,7,right_hand,1
BNCI2015001,BNCI2015001,4008,BNCI2015001:4008,10,9,session_A,run_0,8,right_hand,1
BNCI2015001,BNCI2015001,4009,BNCI2015001:4009,10,9,session_A,run_0,9,feet,0
BNCI2015001,BNCI2015001,4010,BNCI2015001:4010,10,9,session_A,run_0,10,right_hand,1
BNCI2015001,BNCI2015001,4011,BNCI2015001:4011,10,9,session_A,run_0,11,right_hand,1
BNCI2015001,BNCI2015001,4012,BNCI2015001:4012,10,9,session_A,run_0,12,feet,0
BNCI2015001,BNCI2015001,4013,BNCI2015001:4013,10,9,session_A,run_0,13,right_hand,1
BNCI2015001,BNCI2015001,4014,BNCI2015001:4014,10,9,session_A,run_0,14,feet,0
BNCI2015001,BNCI2015001,4015,BNCI2015001:4015,10,9,session_A,run_0,15,feet,0
BNCI2015001,BNCI2015001,4016,BNCI2015001:4016,10,9,session_A,run_0,16,right_hand,1
BNCI2015001,BNCI2015001,4017,BNCI2015001:4017,10,9,session_A,run_0,17,feet,0
BNCI2015001,BNCI2015001,4018,BNCI2015001:4018,10,9,session_A,run_0,18,feet,0
BNCI2015001,BNCI2015001,4019,BNCI2015001:4019,10,9,session_A,run_0,19,right_hand,1
BNCI2015001,BNCI2015001,4020,BNCI2015001:4020,10,9,session_A,run_0,20,feet,0
BNCI2015001,BNCI2015001,4021,BNCI2015001:4021,10,9,session_A,run_0,21,right_hand,1
BNCI2015001,BNCI2015001,4022,BNCI2015001:4022,10,9,session_A,run_0,22,feet,0
BNCI2015001,BNCI2015001,4023,BNCI2015001:4023,10,9,session_A,run_0,23,feet,0
BNCI2015001,BNCI2015001,4024,BNCI2015001:4024,10,9,session_A,run_0,24,right_hand,1
BNCI2015001,BNCI2015001,4025,BNCI2015001:4025,10,9,session_A,run_0,25,right_hand,1
BNCI2015001,BNCI2015001,4026,BNCI2015001:4026,10,9,session_A,run_0,26,feet,0
BNCI2015001,BNCI2015001,4027,BNCI2015001:4027,10,9,session_A,run_0,27,feet,0
BNCI2015001,BNCI2015001,4028,BNCI2015001:4028,10,9,session_A,run_0,28,right_hand,1
BNCI2015001,BNCI2015001,4029,BNCI2015001:4029,10,9,session_A,run_0,29,right_hand,1
BNCI2015001,BNCI2015001,4030,BNCI2015001:4030,10,9,session_A,run_0,30,feet,0
BNCI2015001,BNCI2015001,4031,BNCI2015001:4031,10,9,session_A,run_0,31,feet,0
BNCI2015001,BNCI2015001,4032,BNCI2015001:4032,10,9,session_A,run_0,32,right_hand,1
BNCI2015001,BNCI2015001,4033,BNCI2015001:4033,10,9,session_A,run_0,33,feet,0
BNCI2015001,BNCI2015001,4034,BNCI2015001:4034,10,9,session_A,run_0,34,right_hand,1
BNCI2015001,BNCI2015001,4035,BNCI2015001:4035,10,9,session_A,run_0,35,right_hand,1
BNCI2015001,BNCI2015001,4036,BNCI2015001:4036,10,9,session_A,run_0,36,feet,0
BNCI2015001,BNCI2015001,4037,BNCI2015001:4037,10,9,session_A,run_0,37,right_hand,1
BNCI2015001,BNCI2015001,4038,BNCI2015001:4038,10,9,session_A,run_0,38,right_hand,1
BNCI2015001,BNCI2015001,4039,BNCI2015001:4039,10,9,session_A,run_0,39,feet,0
BNCI2015001,BNCI2015001,4040,BNCI2015001:4040,10,9,session_A,run_0,40,right_hand,1
BNCI2015001,BNCI2015001,4041,BNCI2015001:4041,10,9,session_A,run_0,41,right_hand,1
BNCI2015001,BNCI2015001,4042,BNCI2015001:4042,10,9,session_A,run_0,42,right_hand,1
BNCI2015001,BNCI2015001,4043,BNCI2015001:4043,10,9,session_A,run_0,43,feet,0
BNCI2015001,BNCI2015001,4044,BNCI2015001:4044,10,9,session_A,run_0,44,feet,0
BNCI2015001,BNCI2015001,4045,BNCI2015001:4045,10,9,session_A,run_0,45,feet,0
BNCI2015001,BNCI2015001,4046,BNCI2015001:4046,10,9,session_A,run_0,46,feet,0
BNCI2015001,BNCI2015001,4047,BNCI2015001:4047,10,9,session_A,run_0,47,feet,0
BNCI2015001,BNCI2015001,4048,BNCI2015001:4048,10,9,session_A,run_0,48,right_hand,1
BNCI2015001,BNCI2015001,4049,BNCI2015001:4049,10,9,session_A,run_0,49,feet,0
BNCI2015001,BNCI2015001,4050,BNCI2015001:4050,10,9,session_A,run_0,50,feet,0
BNCI2015001,BNCI2015001,4051,BNCI2015001:4051,10,9,session_A,run_0,51,right_hand,1
BNCI2015001,BNCI2015001,4052,BNCI2015001:4052,10,9,session_A,run_0,52,right_hand,1
BNCI2015001,BNCI2015001,4053,BNCI2015001:4053,10,9,session_A,run_0,53,right_hand,1
BNCI2015001,BNCI2015001,4054,BNCI2015001:4054,10,9,session_A,run_0,54,right_hand,1
BNCI2015001,BNCI2015001,4055,BNCI2015001:4055,10,9,session_A,run_0,55,right_hand,1
BNCI2015001,BNCI2015001,4056,BNCI2015001:4056,10,9,session_A,run_0,56,feet,0
BNCI2015001,BNCI2015001,4057,BNCI2015001:4057,10,9,session_A,run_0,57,right_hand,1
BNCI2015001,BNCI2015001,4058,BNCI2015001:4058,10,9,session_A,run_0,58,feet,0
BNCI2015001,BNCI2015001,4059,BNCI2015001:4059,10,9,session_A,run_0,59,right_hand,1
BNCI2015001,BNCI2015001,4060,BNCI2015001:4060,10,9,session_A,run_0,60,right_hand,1
BNCI2015001,BNCI2015001,4061,BNCI2015001:4061,10,9,session_A,run_0,61,right_hand,1
BNCI2015001,BNCI2015001,4062,BNCI2015001:4062,10,9,session_A,run_0,62,right_hand,1
BNCI2015001,BNCI2015001,4063,BNCI2015001:4063,10,9,session_A,run_0,63,right_hand,1
BNCI2015001,BNCI2015001,4064,BNCI2015001:4064,10,9,session_A,run_0,64,feet,0
BNCI2015001,BNCI2015001,4065,BNCI2015001:4065,10,9,session_A,run_0,65,right_hand,1
BNCI2015001,BNCI2015001,4066,BNCI2015001:4066,10,9,session_A,run_0,66,feet,0
BNCI2015001,BNCI2015001,4067,BNCI2015001:4067,10,9,session_A,run_0,67,feet,0
BNCI2015001,BNCI2015001,4068,BNCI2015001:4068,10,9,session_A,run_0,68,right_hand,1
BNCI2015001,BNCI2015001,4069,BNCI2015001:4069,10,9,session_A,run_0,69,feet,0
BNCI2015001,BNCI2015001,4070,BNCI2015001:4070,10,9,session_A,run_0,70,feet,0
BNCI2015001,BNCI2015001,4071,BNCI2015001:4071,10,9,session_A,run_0,71,feet,0
BNCI2015001,BNCI2015001,4072,BNCI2015001:4072,10,9,session_A,run_0,72,feet,0
BNCI2015001,BNCI2015001,4073,BNCI2015001:4073,10,9,session_A,run_0,73,feet,0
BNCI2015001,BNCI2015001,4074,BNCI2015001:4074,10,9,session_A,run_0,74,feet,0
BNCI2015001,BNCI2015001,4075,BNCI2015001:4075,10,9,session_A,run_0,75,right_hand,1
BNCI2015001,BNCI2015001,4076,BNCI2015001:4076,10,9,session_A,run_0,76,feet,0
BNCI2015001,BNCI2015001,4077,BNCI2015001:4077,10,9,session_A,run_0,77,right_hand,1
BNCI2015001,BNCI2015001,4078,BNCI2015001:4078,10,9,session_A,run_0,78,right_hand,1
BNCI2015001,BNCI2015001,4079,BNCI2015001:4079,10,9,session_A,run_0,79,feet,0
BNCI2015001,BNCI2015001,4080,BNCI2015001:4080,10,9,session_A,run_0,80,right_hand,1
BNCI2015001,BNCI2015001,4081,BNCI2015001:4081,10,9,session_A,run_0,81,right_hand,1
BNCI2015001,BNCI2015001,4082,BNCI2015001:4082,10,9,session_A,run_0,82,feet,0
BNCI2015001,BNCI2015001,4083,BNCI2015001:4083,10,9,session_A,run_0,83,right_hand,1
BNCI2015001,BNCI2015001,4084,BNCI2015001:4084,10,9,session_A,run_0,84,feet,0
BNCI2015001,BNCI2015001,4085,BNCI2015001:4085,10,9,session_A,run_0,85,feet,0
BNCI2015001,BNCI2015001,4086,BNCI2015001:4086,10,9,session_A,run_0,86,right_hand,1
BNCI2015001,BNCI2015001,4087,BNCI2015001:4087,10,9,session_A,run_0,87,feet,0
BNCI2015001,BNCI2015001,4088,BNCI2015001:4088,10,9,session_A,run_0,88,feet,0
BNCI2015001,BNCI2015001,4089,BNCI2015001:4089,10,9,session_A,run_0,89,feet,0
BNCI2015001,BNCI2015001,4090,BNCI2015001:4090,10,9,session_A,run_0,90,right_hand,1
BNCI2015001,BNCI2015001,4091,BNCI2015001:4091,10,9,session_A,run_0,91,right_hand,1
BNCI2015001,BNCI2015001,4092,BNCI2015001:4092,10,9,session_A,run_0,92,right_hand,1
BNCI2015001,BNCI2015001,4093,BNCI2015001:4093,10,9,session_A,run_0,93,feet,0
BNCI2015001,BNCI2015001,4094,BNCI2015001:4094,10,9,session_A,run_0,94,feet,0
BNCI2015001,BNCI2015001,4095,BNCI2015001:4095,10,9,session_A,run_0,95,feet,0
BNCI2015001,BNCI2015001,4096,BNCI2015001:4096,10,9,session_A,run_0,96,right_hand,1
BNCI2015001,BNCI2015001,4097,BNCI2015001:4097,10,9,session_A,run_0,97,feet,0
BNCI2015001,BNCI2015001,4098,BNCI2015001:4098,10,9,session_A,run_0,98,feet,0
BNCI2015001,BNCI2015001,4099,BNCI2015001:4099,10,9,session_A,run_0,99,right_hand,1
BNCI2015001,BNCI2015001,4100,BNCI2015001:4100,10,9,session_A,run_0,100,right_hand,1
BNCI2015001,BNCI2015001,4101,BNCI2015001:4101,10,9,session_A,run_0,101,right_hand,1
BNCI2015001,BNCI2015001,4102,BNCI2015001:4102,10,9,session_A,run_0,102,feet,0
BNCI2015001,BNCI2015001,4103,BNCI2015001:4103,10,9,session_A,run_0,103,feet,0
BNCI2015001,BNCI2015001,4104,BNCI2015001:4104,10,9,session_A,run_0,104,right_hand,1
BNCI2015001,BNCI2015001,4105,BNCI2015001:4105,10,9,session_A,run_0,105,right_hand,1
BNCI2015001,BNCI2015001,4106,BNCI2015001:4106,10,9,session_A,run_0,106,right_hand,1
BNCI2015001,BNCI2015001,4107,BNCI2015001:4107,10,9,session_A,run_0,107,feet,0
BNCI2015001,BNCI2015001,4108,BNCI2015001:4108,10,9,session_A,run_0,108,feet,0
BNCI2015001,BNCI2015001,4109,BNCI2015001:4109,10,9,session_A,run_0,109,right_hand,1
BNCI2015001,BNCI2015001,4110,BNCI2015001:4110,10,9,session_A,run_0,110,feet,0
BNCI2015001,BNCI2015001,4111,BNCI2015001:4111,10,9,session_A,run_0,111,right_hand,1
BNCI2015001,BNCI2015001,4112,BNCI2015001:4112,10,9,session_A,run_0,112,feet,0
BNCI2015001,BNCI2015001,4113,BNCI2015001:4113,10,9,session_A,run_0,113,right_hand,1
BNCI2015001,BNCI2015001,4114,BNCI2015001:4114,10,9,session_A,run_0,114,feet,0
BNCI2015001,BNCI2015001,4115,BNCI2015001:4115,10,9,session_A,run_0,115,feet,0
BNCI2015001,BNCI2015001,4116,BNCI2015001:4116,10,9,session_A,run_0,116,right_hand,1
BNCI2015001,BNCI2015001,4117,BNCI2015001:4117,10,9,session_A,run_0,117,feet,0
BNCI2015001,BNCI2015001,4118,BNCI2015001:4118,10,9,session_A,run_0,118,right_hand,1
BNCI2015001,BNCI2015001,4119,BNCI2015001:4119,10,9,session_A,run_0,119,right_hand,1
BNCI2015001,BNCI2015001,4120,BNCI2015001:4120,10,9,session_A,run_0,120,feet,0
BNCI2015001,BNCI2015001,4121,BNCI2015001:4121,10,9,session_A,run_0,121,right_hand,1
BNCI2015001,BNCI2015001,4122,BNCI2015001:4122,10,9,session_A,run_0,122,feet,0
BNCI2015001,BNCI2015001,4123,BNCI2015001:4123,10,9,session_A,run_0,123,feet,0
BNCI2015001,BNCI2015001,4124,BNCI2015001:4124,10,9,session_A,run_0,124,right_hand,1
BNCI2015001,BNCI2015001,4125,BNCI2015001:4125,10,9,session_A,run_0,125,right_hand,1
BNCI2015001,BNCI2015001,4126,BNCI2015001:4126,10,9,session_A,run_0,126,feet,0
BNCI2015001,BNCI2015001,4127,BNCI2015001:4127,10,9,session_A,run_0,127,feet,0
BNCI2015001,BNCI2015001,4128,BNCI2015001:4128,10,9,session_A,run_0,128,feet,0
BNCI2015001,BNCI2015001,4129,BNCI2015001:4129,10,9,session_A,run_0,129,right_hand,1
BNCI2015001,BNCI2015001,4130,BNCI2015001:4130,10,9,session_A,run_0,130,feet,0
BNCI2015001,BNCI2015001,4131,BNCI2015001:4131,10,9,session_A,run_0,131,feet,0
BNCI2015001,BNCI2015001,4132,BNCI2015001:4132,10,9,session_A,run_0,132,feet,0
BNCI2015001,BNCI2015001,4133,BNCI2015001:4133,10,9,session_A,run_0,133,right_hand,1
BNCI2015001,BNCI2015001,4134,BNCI2015001:4134,10,9,session_A,run_0,134,right_hand,1
BNCI2015001,BNCI2015001,4135,BNCI2015001:4135,10,9,session_A,run_0,135,right_hand,1
BNCI2015001,BNCI2015001,4136,BNCI2015001:4136,10,9,session_A,run_0,136,feet,0
BNCI2015001,BNCI2015001,4137,BNCI2015001:4137,10,9,session_A,run_0,137,right_hand,1
BNCI2015001,BNCI2015001,4138,BNCI2015001:4138,10,9,session_A,run_0,138,feet,0
BNCI2015001,BNCI2015001,4139,BNCI2015001:4139,10,9,session_A,run_0,139,right_hand,1
BNCI2015001,BNCI2015001,4140,BNCI2015001:4140,10,9,session_A,run_0,140,feet,0
BNCI2015001,BNCI2015001,4141,BNCI2015001:4141,10,9,session_A,run_0,141,feet,0
BNCI2015001,BNCI2015001,4142,BNCI2015001:4142,10,9,session_A,run_0,142,right_hand,1
BNCI2015001,BNCI2015001,4143,BNCI2015001:4143,10,9,session_A,run_0,143,feet,0
BNCI2015001,BNCI2015001,4144,BNCI2015001:4144,10,9,session_A,run_0,144,right_hand,1
BNCI2015001,BNCI2015001,4145,BNCI2015001:4145,10,9,session_A,run_0,145,right_hand,1
BNCI2015001,BNCI2015001,4146,BNCI2015001:4146,10,9,session_A,run_0,146,right_hand,1
BNCI2015001,BNCI2015001,4147,BNCI2015001:4147,10,9,session_A,run_0,147,right_hand,1
BNCI2015001,BNCI2015001,4148,BNCI2015001:4148,10,9,session_A,run_0,148,feet,0
BNCI2015001,BNCI2015001,4149,BNCI2015001:4149,10,9,session_A,run_0,149,feet,0
BNCI2015001,BNCI2015001,4150,BNCI2015001:4150,10,9,session_A,run_0,150,right_hand,1
BNCI2015001,BNCI2015001,4151,BNCI2015001:4151,10,9,session_A,run_0,151,feet,0
BNCI2015001,BNCI2015001,4152,BNCI2015001:4152,10,9,session_A,run_0,152,feet,0
BNCI2015001,BNCI2015001,4153,BNCI2015001:4153,10,9,session_A,run_0,153,right_hand,1
BNCI2015001,BNCI2015001,4154,BNCI2015001:4154,10,9,session_A,run_0,154,feet,0
BNCI2015001,BNCI2015001,4155,BNCI2015001:4155,10,9,session_A,run_0,155,right_hand,1
BNCI2015001,BNCI2015001,4156,BNCI2015001:4156,10,9,session_A,run_0,156,right_hand,1
BNCI2015001,BNCI2015001,4157,BNCI2015001:4157,10,9,session_A,run_0,157,right_hand,1
BNCI2015001,BNCI2015001,4158,BNCI2015001:4158,10,9,session_A,run_0,158,right_hand,1
BNCI2015001,BNCI2015001,4159,BNCI2015001:4159,10,9,session_A,run_0,159,feet,0
BNCI2015001,BNCI2015001,4160,BNCI2015001:4160,10,9,session_A,run_0,160,feet,0
BNCI2015001,BNCI2015001,4161,BNCI2015001:4161,10,9,session_A,run_0,161,feet,0
BNCI2015001,BNCI2015001,4162,BNCI2015001:4162,10,9,session_A,run_0,162,right_hand,1
BNCI2015001,BNCI2015001,4163,BNCI2015001:4163,10,9,session_A,run_0,163,right_hand,1
BNCI2015001,BNCI2015001,4164,BNCI2015001:4164,10,9,session_A,run_0,164,feet,0
BNCI2015001,BNCI2015001,4165,BNCI2015001:4165,10,9,session_A,run_0,165,right_hand,1
BNCI2015001,BNCI2015001,4166,BNCI2015001:4166,10,9,session_A,run_0,166,feet,0
BNCI2015001,BNCI2015001,4167,BNCI2015001:4167,10,9,session_A,run_0,167,right_hand,1
BNCI2015001,BNCI2015001,4168,BNCI2015001:4168,10,9,session_A,run_0,168,feet,0
BNCI2015001,BNCI2015001,4169,BNCI2015001:4169,10,9,session_A,run_0,169,right_hand,1
BNCI2015001,BNCI2015001,4170,BNCI2015001:4170,10,9,session_A,run_0,170,right_hand,1
BNCI2015001,BNCI2015001,4171,BNCI2015001:4171,10,9,session_A,run_0,171,right_hand,1
BNCI2015001,BNCI2015001,4172,BNCI2015001:4172,10,9,session_A,run_0,172,feet,0
BNCI2015001,BNCI2015001,4173,BNCI2015001:4173,10,9,session_A,run_0,173,feet,0
BNCI2015001,BNCI2015001,4174,BNCI2015001:4174,10,9,session_A,run_0,174,right_hand,1
BNCI2015001,BNCI2015001,4175,BNCI2015001:4175,10,9,session_A,run_0,175,right_hand,1
BNCI2015001,BNCI2015001,4176,BNCI2015001:4176,10,9,session_A,run_0,176,right_hand,1
BNCI2015001,BNCI2015001,4177,BNCI2015001:4177,10,9,session_A,run_0,177,right_hand,1
BNCI2015001,BNCI2015001,4178,BNCI2015001:4178,10,9,session_A,run_0,178,feet,0
BNCI2015001,BNCI2015001,4179,BNCI2015001:4179,10,9,session_A,run_0,179,right_hand,1
BNCI2015001,BNCI2015001,4180,BNCI2015001:4180,10,9,session_A,run_0,180,feet,0
BNCI2015001,BNCI2015001,4181,BNCI2015001:4181,10,9,session_A,run_0,181,feet,0
BNCI2015001,BNCI2015001,4182,BNCI2015001:4182,10,9,session_A,run_0,182,right_hand,1
BNCI2015001,BNCI2015001,4183,BNCI2015001:4183,10,9,session_A,run_0,183,feet,0
BNCI2015001,BNCI2015001,4184,BNCI2015001:4184,10,9,session_A,run_0,184,right_hand,1
BNCI2015001,BNCI2015001,4185,BNCI2015001:4185,10,9,session_A,run_0,185,right_hand,1
BNCI2015001,BNCI2015001,4186,BNCI2015001:4186,10,9,session_A,run_0,186,feet,0
BNCI2015001,BNCI2015001,4187,BNCI2015001:4187,10,9,session_A,run_0,187,feet,0
BNCI2015001,BNCI2015001,4188,BNCI2015001:4188,10,9,session_A,run_0,188,right_hand,1
BNCI2015001,BNCI2015001,4189,BNCI2015001:4189,10,9,session_A,run_0,189,right_hand,1
BNCI2015001,BNCI2015001,4190,BNCI2015001:4190,10,9,session_A,run_0,190,feet,0
BNCI2015001,BNCI2015001,4191,BNCI2015001:4191,10,9,session_A,run_0,191,feet,0
BNCI2015001,BNCI2015001,4192,BNCI2015001:4192,10,9,session_A,run_0,192,feet,0
BNCI2015001,BNCI2015001,4193,BNCI2015001:4193,10,9,session_A,run_0,193,right_hand,1
BNCI2015001,BNCI2015001,4194,BNCI2015001:4194,10,9,session_A,run_0,194,feet,0
BNCI2015001,BNCI2015001,4195,BNCI2015001:4195,10,9,session_A,run_0,195,right_hand,1
BNCI2015001,BNCI2015001,4196,BNCI2015001:4196,10,9,session_A,run_0,196,right_hand,1
BNCI2015001,BNCI2015001,4197,BNCI2015001:4197,10,9,session_A,run_0,197,feet,0
BNCI2015001,BNCI2015001,4198,BNCI2015001:4198,10,9,session_A,run_0,198,feet,0
BNCI2015001,BNCI2015001,4199,BNCI2015001:4199,10,9,session_A,run_0,199,feet,0
BNCI2015001,BNCI2015001,4600,BNCI2015001:4600,11,10,session_A,run_0,0,feet,0
BNCI2015001,BNCI2015001,4601,BNCI2015001:4601,11,10,session_A,run_0,1,right_hand,1
BNCI2015001,BNCI2015001,4602,BNCI2015001:4602,11,10,session_A,run_0,2,feet,0
BNCI2015001,BNCI2015001,4603,BNCI2015001:4603,11,10,session_A,run_0,3,feet,0
BNCI2015001,BNCI2015001,4604,BNCI2015001:4604,11,10,session_A,run_0,4,feet,0
BNCI2015001,BNCI2015001,4605,BNCI2015001:4605,11,10,session_A,run_0,5,feet,0
BNCI2015001,BNCI2015001,4606,BNCI2015001:4606,11,10,session_A,run_0,6,right_hand,1
BNCI2015001,BNCI2015001,4607,BNCI2015001:4607,11,10,session_A,run_0,7,feet,0
BNCI2015001,BNCI2015001,4608,BNCI2015001:4608,11,10,session_A,run_0,8,right_hand,1
BNCI2015001,BNCI2015001,4609,BNCI2015001:4609,11,10,session_A,run_0,9,right_hand,1
BNCI2015001,BNCI2015001,4610,BNCI2015001:4610,11,10,session_A,run_0,10,feet,0
BNCI2015001,BNCI2015001,4611,BNCI2015001:4611,11,10,session_A,run_0,11,feet,0
BNCI2015001,BNCI2015001,4612,BNCI2015001:4612,11,10,session_A,run_0,12,right_hand,1
BNCI2015001,BNCI2015001,4613,BNCI2015001:4613,11,10,session_A,run_0,13,right_hand,1
BNCI2015001,BNCI2015001,4614,BNCI2015001:4614,11,10,session_A,run_0,14,right_hand,1
BNCI2015001,BNCI2015001,4615,BNCI2015001:4615,11,10,session_A,run_0,15,right_hand,1
BNCI2015001,BNCI2015001,4616,BNCI2015001:4616,11,10,session_A,run_0,16,feet,0
BNCI2015001,BNCI2015001,4617,BNCI2015001:4617,11,10,session_A,run_0,17,feet,0
BNCI2015001,BNCI2015001,4618,BNCI2015001:4618,11,10,session_A,run_0,18,right_hand,1
BNCI2015001,BNCI2015001,4619,BNCI2015001:4619,11,10,session_A,run_0,19,feet,0
BNCI2015001,BNCI2015001,4620,BNCI2015001:4620,11,10,session_A,run_0,20,feet,0
BNCI2015001,BNCI2015001,4621,BNCI2015001:4621,11,10,session_A,run_0,21,right_hand,1
BNCI2015001,BNCI2015001,4622,BNCI2015001:4622,11,10,session_A,run_0,22,right_hand,1
BNCI2015001,BNCI2015001,4623,BNCI2015001:4623,11,10,session_A,run_0,23,right_hand,1
BNCI2015001,BNCI2015001,4624,BNCI2015001:4624,11,10,session_A,run_0,24,right_hand,1
BNCI2015001,BNCI2015001,4625,BNCI2015001:4625,11,10,session_A,run_0,25,feet,0
BNCI2015001,BNCI2015001,4626,BNCI2015001:4626,11,10,session_A,run_0,26,right_hand,1
BNCI2015001,BNCI2015001,4627,BNCI2015001:4627,11,10,session_A,run_0,27,right_hand,1
BNCI2015001,BNCI2015001,4628,BNCI2015001:4628,11,10,session_A,run_0,28,feet,0
BNCI2015001,BNCI2015001,4629,BNCI2015001:4629,11,10,session_A,run_0,29,right_hand,1
BNCI2015001,BNCI2015001,4630,BNCI2015001:4630,11,10,session_A,run_0,30,feet,0
BNCI2015001,BNCI2015001,4631,BNCI2015001:4631,11,10,session_A,run_0,31,right_hand,1
BNCI2015001,BNCI2015001,4632,BNCI2015001:4632,11,10,session_A,run_0,32,right_hand,1
BNCI2015001,BNCI2015001,4633,BNCI2015001:4633,11,10,session_A,run_0,33,feet,0
BNCI2015001,BNCI2015001,4634,BNCI2015001:4634,11,10,session_A,run_0,34,right_hand,1
BNCI2015001,BNCI2015001,4635,BNCI2015001:4635,11,10,session_A,run_0,35,feet,0
BNCI2015001,BNCI2015001,4636,BNCI2015001:4636,11,10,session_A,run_0,36,feet,0
BNCI2015001,BNCI2015001,4637,BNCI2015001:4637,11,10,session_A,run_0,37,feet,0
BNCI2015001,BNCI2015001,4638,BNCI2015001:4638,11,10,session_A,run_0,38,feet,0
BNCI2015001,BNCI2015001,4639,BNCI2015001:4639,11,10,session_A,run_0,39,right_hand,1
BNCI2015001,BNCI2015001,4640,BNCI2015001:4640,11,10,session_A,run_0,40,right_hand,1
BNCI2015001,BNCI2015001,4641,BNCI2015001:4641,11,10,session_A,run_0,41,right_hand,1
BNCI2015001,BNCI2015001,4642,BNCI2015001:4642,11,10,session_A,run_0,42,feet,0
BNCI2015001,BNCI2015001,4643,BNCI2015001:4643,11,10,session_A,run_0,43,right_hand,1
BNCI2015001,BNCI2015001,4644,BNCI2015001:4644,11,10,session_A,run_0,44,right_hand,1
BNCI2015001,BNCI2015001,4645,BNCI2015001:4645,11,10,session_A,run_0,45,feet,0
BNCI2015001,BNCI2015001,4646,BNCI2015001:4646,11,10,session_A,run_0,46,feet,0
BNCI2015001,BNCI2015001,4647,BNCI2015001:4647,11,10,session_A,run_0,47,feet,0
BNCI2015001,BNCI2015001,4648,BNCI2015001:4648,11,10,session_A,run_0,48,feet,0
BNCI2015001,BNCI2015001,4649,BNCI2015001:4649,11,10,session_A,run_0,49,right_hand,1
BNCI2015001,BNCI2015001,4650,BNCI2015001:4650,11,10,session_A,run_0,50,feet,0
BNCI2015001,BNCI2015001,4651,BNCI2015001:4651,11,10,session_A,run_0,51,right_hand,1
BNCI2015001,BNCI2015001,4652,BNCI2015001:4652,11,10,session_A,run_0,52,right_hand,1
BNCI2015001,BNCI2015001,4653,BNCI2015001:4653,11,10,session_A,run_0,53,feet,0
BNCI2015001,BNCI2015001,4654,BNCI2015001:4654,11,10,session_A,run_0,54,right_hand,1
BNCI2015001,BNCI2015001,4655,BNCI2015001:4655,11,10,session_A,run_0,55,feet,0
BNCI2015001,BNCI2015001,4656,BNCI2015001:4656,11,10,session_A,run_0,56,right_hand,1
BNCI2015001,BNCI2015001,4657,BNCI2015001:4657,11,10,session_A,run_0,57,feet,0
BNCI2015001,BNCI2015001,4658,BNCI2015001:4658,11,10,session_A,run_0,58,feet,0
BNCI2015001,BNCI2015001,4659,BNCI2015001:4659,11,10,session_A,run_0,59,feet,0
BNCI2015001,BNCI2015001,4660,BNCI2015001:4660,11,10,session_A,run_0,60,right_hand,1
BNCI2015001,BNCI2015001,4661,BNCI2015001:4661,11,10,session_A,run_0,61,right_hand,1
BNCI2015001,BNCI2015001,4662,BNCI2015001:4662,11,10,session_A,run_0,62,right_hand,1
BNCI2015001,BNCI2015001,4663,BNCI2015001:4663,11,10,session_A,run_0,63,right_hand,1
BNCI2015001,BNCI2015001,4664,BNCI2015001:4664,11,10,session_A,run_0,64,right_hand,1
BNCI2015001,BNCI2015001,4665,BNCI2015001:4665,11,10,session_A,run_0,65,feet,0
BNCI2015001,BNCI2015001,4666,BNCI2015001:4666,11,10,session_A,run_0,66,feet,0
BNCI2015001,BNCI2015001,4667,BNCI2015001:4667,11,10,session_A,run_0,67,right_hand,1
BNCI2015001,BNCI2015001,4668,BNCI2015001:4668,11,10,session_A,run_0,68,right_hand,1
BNCI2015001,BNCI2015001,4669,BNCI2015001:4669,11,10,session_A,run_0,69,right_hand,1
BNCI2015001,BNCI2015001,4670,BNCI2015001:4670,11,10,session_A,run_0,70,feet,0
BNCI2015001,BNCI2015001,4671,BNCI2015001:4671,11,10,session_A,run_0,71,feet,0
BNCI2015001,BNCI2015001,4672,BNCI2015001:4672,11,10,session_A,run_0,72,feet,0
BNCI2015001,BNCI2015001,4673,BNCI2015001:4673,11,10,session_A,run_0,73,right_hand,1
BNCI2015001,BNCI2015001,4674,BNCI2015001:4674,11,10,session_A,run_0,74,feet,0
BNCI2015001,BNCI2015001,4675,BNCI2015001:4675,11,10,session_A,run_0,75,feet,0
BNCI2015001,BNCI2015001,4676,BNCI2015001:4676,11,10,session_A,run_0,76,feet,0
BNCI2015001,BNCI2015001,4677,BNCI2015001:4677,11,10,session_A,run_0,77,right_hand,1
BNCI2015001,BNCI2015001,4678,BNCI2015001:4678,11,10,session_A,run_0,78,feet,0
BNCI2015001,BNCI2015001,4679,BNCI2015001:4679,11,10,session_A,run_0,79,right_hand,1
BNCI2015001,BNCI2015001,4680,BNCI2015001:4680,11,10,session_A,run_0,80,right_hand,1
BNCI2015001,BNCI2015001,4681,BNCI2015001:4681,11,10,session_A,run_0,81,feet,0
BNCI2015001,BNCI2015001,4682,BNCI2015001:4682,11,10,session_A,run_0,82,right_hand,1
BNCI2015001,BNCI2015001,4683,BNCI2015001:4683,11,10,session_A,run_0,83,feet,0
BNCI2015001,BNCI2015001,4684,BNCI2015001:4684,11,10,session_A,run_0,84,right_hand,1
BNCI2015001,BNCI2015001,4685,BNCI2015001:4685,11,10,session_A,run_0,85,feet,0
BNCI2015001,BNCI2015001,4686,BNCI2015001:4686,11,10,session_A,run_0,86,right_hand,1
BNCI2015001,BNCI2015001,4687,BNCI2015001:4687,11,10,session_A,run_0,87,right_hand,1
BNCI2015001,BNCI2015001,4688,BNCI2015001:4688,11,10,session_A,run_0,88,right_hand,1
BNCI2015001,BNCI2015001,4689,BNCI2015001:4689,11,10,session_A,run_0,89,feet,0
BNCI2015001,BNCI2015001,4690,BNCI2015001:4690,11,10,session_A,run_0,90,feet,0
BNCI2015001,BNCI2015001,4691,BNCI2015001:4691,11,10,session_A,run_0,91,feet,0
BNCI2015001,BNCI2015001,4692,BNCI2015001:4692,11,10,session_A,run_0,92,right_hand,1
BNCI2015001,BNCI2015001,4693,BNCI2015001:4693,11,10,session_A,run_0,93,feet,0
BNCI2015001,BNCI2015001,4694,BNCI2015001:4694,11,10,session_A,run_0,94,feet,0
BNCI2015001,BNCI2015001,4695,BNCI2015001:4695,11,10,session_A,run_0,95,right_hand,1
BNCI2015001,BNCI2015001,4696,BNCI2015001:4696,11,10,session_A,run_0,96,feet,0
BNCI2015001,BNCI2015001,4697,BNCI2015001:4697,11,10,session_A,run_0,97,right_hand,1
BNCI2015001,BNCI2015001,4698,BNCI2015001:4698,11,10,session_A,run_0,98,feet,0
BNCI2015001,BNCI2015001,4699,BNCI2015001:4699,11,10,session_A,run_0,99,feet,0
BNCI2015001,BNCI2015001,4700,BNCI2015001:4700,11,10,session_A,run_0,100,feet,0
BNCI2015001,BNCI2015001,4701,BNCI2015001:4701,11,10,session_A,run_0,101,right_hand,1
BNCI2015001,BNCI2015001,4702,BNCI2015001:4702,11,10,session_A,run_0,102,right_hand,1
BNCI2015001,BNCI2015001,4703,BNCI2015001:4703,11,10,session_A,run_0,103,right_hand,1
BNCI2015001,BNCI2015001,4704,BNCI2015001:4704,11,10,session_A,run_0,104,feet,0
BNCI2015001,BNCI2015001,4705,BNCI2015001:4705,11,10,session_A,run_0,105,right_hand,1
BNCI2015001,BNCI2015001,4706,BNCI2015001:4706,11,10,session_A,run_0,106,feet,0
BNCI2015001,BNCI2015001,4707,BNCI2015001:4707,11,10,session_A,run_0,107,right_hand,1
BNCI2015001,BNCI2015001,4708,BNCI2015001:4708,11,10,session_A,run_0,108,feet,0
BNCI2015001,BNCI2015001,4709,BNCI2015001:4709,11,10,session_A,run_0,109,right_hand,1
BNCI2015001,BNCI2015001,4710,BNCI2015001:4710,11,10,session_A,run_0,110,feet,0
BNCI2015001,BNCI2015001,4711,BNCI2015001:4711,11,10,session_A,run_0,111,right_hand,1
BNCI2015001,BNCI2015001,4712,BNCI2015001:4712,11,10,session_A,run_0,112,right_hand,1
BNCI2015001,BNCI2015001,4713,BNCI2015001:4713,11,10,session_A,run_0,113,feet,0
BNCI2015001,BNCI2015001,4714,BNCI2015001:4714,11,10,session_A,run_0,114,right_hand,1
BNCI2015001,BNCI2015001,4715,BNCI2015001:4715,11,10,session_A,run_0,115,feet,0
BNCI2015001,BNCI2015001,4716,BNCI2015001:4716,11,10,session_A,run_0,116,right_hand,1
BNCI2015001,BNCI2015001,4717,BNCI2015001:4717,11,10,session_A,run_0,117,feet,0
BNCI2015001,BNCI2015001,4718,BNCI2015001:4718,11,10,session_A,run_0,118,feet,0
BNCI2015001,BNCI2015001,4719,BNCI2015001:4719,11,10,session_A,run_0,119,right_hand,1
BNCI2015001,BNCI2015001,4720,BNCI2015001:4720,11,10,session_A,run_0,120,right_hand,1
BNCI2015001,BNCI2015001,4721,BNCI2015001:4721,11,10,session_A,run_0,121,feet,0
BNCI2015001,BNCI2015001,4722,BNCI2015001:4722,11,10,session_A,run_0,122,right_hand,1
BNCI2015001,BNCI2015001,4723,BNCI2015001:4723,11,10,session_A,run_0,123,right_hand,1
BNCI2015001,BNCI2015001,4724,BNCI2015001:4724,11,10,session_A,run_0,124,feet,0
BNCI2015001,BNCI2015001,4725,BNCI2015001:4725,11,10,session_A,run_0,125,feet,0
BNCI2015001,BNCI2015001,4726,BNCI2015001:4726,11,10,session_A,run_0,126,right_hand,1
BNCI2015001,BNCI2015001,4727,BNCI2015001:4727,11,10,session_A,run_0,127,feet,0
BNCI2015001,BNCI2015001,4728,BNCI2015001:4728,11,10,session_A,run_0,128,right_hand,1
BNCI2015001,BNCI2015001,4729,BNCI2015001:4729,11,10,session_A,run_0,129,right_hand,1
BNCI2015001,BNCI2015001,4730,BNCI2015001:4730,11,10,session_A,run_0,130,feet,0
BNCI2015001,BNCI2015001,4731,BNCI2015001:4731,11,10,session_A,run_0,131,feet,0
BNCI2015001,BNCI2015001,4732,BNCI2015001:4732,11,10,session_A,run_0,132,feet,0
BNCI2015001,BNCI2015001,4733,BNCI2015001:4733,11,10,session_A,run_0,133,right_hand,1
BNCI2015001,BNCI2015001,4734,BNCI2015001:4734,11,10,session_A,run_0,134,right_hand,1
BNCI2015001,BNCI2015001,4735,BNCI2015001:4735,11,10,session_A,run_0,135,right_hand,1
BNCI2015001,BNCI2015001,4736,BNCI2015001:4736,11,10,session_A,run_0,136,feet,0
BNCI2015001,BNCI2015001,4737,BNCI2015001:4737,11,10,session_A,run_0,137,feet,0
BNCI2015001,BNCI2015001,4738,BNCI2015001:4738,11,10,session_A,run_0,138,feet,0
BNCI2015001,BNCI2015001,4739,BNCI2015001:4739,11,10,session_A,run_0,139,right_hand,1
BNCI2015001,BNCI2015001,4740,BNCI2015001:4740,11,10,session_A,run_0,140,right_hand,1
BNCI2015001,BNCI2015001,4741,BNCI2015001:4741,11,10,session_A,run_0,141,right_hand,1
BNCI2015001,BNCI2015001,4742,BNCI2015001:4742,11,10,session_A,run_0,142,feet,0
BNCI2015001,BNCI2015001,4743,BNCI2015001:4743,11,10,session_A,run_0,143,feet,0
BNCI2015001,BNCI2015001,4744,BNCI2015001:4744,11,10,session_A,run_0,144,right_hand,1
BNCI2015001,BNCI2015001,4745,BNCI2015001:4745,11,10,session_A,run_0,145,right_hand,1
BNCI2015001,BNCI2015001,4746,BNCI2015001:4746,11,10,session_A,run_0,146,feet,0
BNCI2015001,BNCI2015001,4747,BNCI2015001:4747,11,10,session_A,run_0,147,right_hand,1
BNCI2015001,BNCI2015001,4748,BNCI2015001:4748,11,10,session_A,run_0,148,feet,0
BNCI2015001,BNCI2015001,4749,BNCI2015001:4749,11,10,session_A,run_0,149,feet,0
BNCI2015001,BNCI2015001,4750,BNCI2015001:4750,11,10,session_A,run_0,150,right_hand,1
BNCI2015001,BNCI2015001,4751,BNCI2015001:4751,11,10,session_A,run_0,151,right_hand,1
BNCI2015001,BNCI2015001,4752,BNCI2015001:4752,11,10,session_A,run_0,152,feet,0
BNCI2015001,BNCI2015001,4753,BNCI2015001:4753,11,10,session_A,run_0,153,feet,0
BNCI2015001,BNCI2015001,4754,BNCI2015001:4754,11,10,session_A,run_0,154,right_hand,1
BNCI2015001,BNCI2015001,4755,BNCI2015001:4755,11,10,session_A,run_0,155,feet,0
BNCI2015001,BNCI2015001,4756,BNCI2015001:4756,11,10,session_A,run_0,156,right_hand,1
BNCI2015001,BNCI2015001,4757,BNCI2015001:4757,11,10,session_A,run_0,157,right_hand,1
BNCI2015001,BNCI2015001,4758,BNCI2015001:4758,11,10,session_A,run_0,158,feet,0
BNCI2015001,BNCI2015001,4759,BNCI2015001:4759,11,10,session_A,run_0,159,feet,0
BNCI2015001,BNCI2015001,4760,BNCI2015001:4760,11,10,session_A,run_0,160,right_hand,1
BNCI2015001,BNCI2015001,4761,BNCI2015001:4761,11,10,session_A,run_0,161,feet,0
BNCI2015001,BNCI2015001,4762,BNCI2015001:4762,11,10,session_A,run_0,162,feet,0
BNCI2015001,BNCI2015001,4763,BNCI2015001:4763,11,10,session_A,run_0,163,feet,0
BNCI2015001,BNCI2015001,4764,BNCI2015001:4764,11,10,session_A,run_0,164,right_hand,1
BNCI2015001,BNCI2015001,4765,BNCI2015001:4765,11,10,session_A,run_0,165,feet,0
BNCI2015001,BNCI2015001,4766,BNCI2015001:4766,11,10,session_A,run_0,166,feet,0
BNCI2015001,BNCI2015001,4767,BNCI2015001:4767,11,10,session_A,run_0,167,feet,0
BNCI2015001,BNCI2015001,4768,BNCI2015001:4768,11,10,session_A,run_0,168,feet,0
BNCI2015001,BNCI2015001,4769,BNCI2015001:4769,11,10,session_A,run_0,169,feet,0
BNCI2015001,BNCI2015001,4770,BNCI2015001:4770,11,10,session_A,run_0,170,feet,0
BNCI2015001,BNCI2015001,4771,BNCI2015001:4771,11,10,session_A,run_0,171,right_hand,1
BNCI2015001,BNCI2015001,4772,BNCI2015001:4772,11,10,session_A,run_0,172,right_hand,1
BNCI2015001,BNCI2015001,4773,BNCI2015001:4773,11,10,session_A,run_0,173,feet,0
BNCI2015001,BNCI2015001,4774,BNCI2015001:4774,11,10,session_A,run_0,174,feet,0
BNCI2015001,BNCI2015001,4775,BNCI2015001:4775,11,10,session_A,run_0,175,feet,0
BNCI2015001,BNCI2015001,4776,BNCI2015001:4776,11,10,session_A,run_0,176,right_hand,1
BNCI2015001,BNCI2015001,4777,BNCI2015001:4777,11,10,session_A,run_0,177,right_hand,1
BNCI2015001,BNCI2015001,4778,BNCI2015001:4778,11,10,session_A,run_0,178,right_hand,1
BNCI2015001,BNCI2015001,4779,BNCI2015001:4779,11,10,session_A,run_0,179,right_hand,1
BNCI2015001,BNCI2015001,4780,BNCI2015001:4780,11,10,session_A,run_0,180,feet,0
BNCI2015001,BNCI2015001,4781,BNCI2015001:4781,11,10,session_A,run_0,181,right_hand,1
BNCI2015001,BNCI2015001,4782,BNCI2015001:4782,11,10,session_A,run_0,182,feet,0
BNCI2015001,BNCI2015001,4783,BNCI2015001:4783,11,10,session_A,run_0,183,right_hand,1
BNCI2015001,BNCI2015001,4784,BNCI2015001:4784,11,10,session_A,run_0,184,feet,0
BNCI2015001,BNCI2015001,4785,BNCI2015001:4785,11,10,session_A,run_0,185,right_hand,1
BNCI2015001,BNCI2015001,4786,BNCI2015001:4786,11,10,session_A,run_0,186,feet,0
BNCI2015001,BNCI2015001,4787,BNCI2015001:4787,11,10,session_A,run_0,187,right_hand,1
BNCI2015001,BNCI2015001,4788,BNCI2015001:4788,11,10,session_A,run_0,188,feet,0
BNCI2015001,BNCI2015001,4789,BNCI2015001:4789,11,10,session_A,run_0,189,right_hand,1
BNCI2015001,BNCI2015001,4790,BNCI2015001:4790,11,10,session_A,run_0,190,feet,0
BNCI2015001,BNCI2015001,4791,BNCI2015001:4791,11,10,session_A,run_0,191,right_hand,1
BNCI2015001,BNCI2015001,4792,BNCI2015001:4792,11,10,session_A,run_0,192,right_hand,1
BNCI2015001,BNCI2015001,4793,BNCI2015001:4793,11,10,session_A,run_0,193,right_hand,1
BNCI2015001,BNCI2015001,4794,BNCI2015001:4794,11,10,session_A,run_0,194,right_hand,1
BNCI2015001,BNCI2015001,4795,BNCI2015001:4795,11,10,session_A,run_0,195,right_hand,1
BNCI2015001,BNCI2015001,4796,BNCI2015001:4796,11,10,session_A,run_0,196,right_hand,1
BNCI2015001,BNCI2015001,4797,BNCI2015001:4797,11,10,session_A,run_0,197,feet,0
BNCI2015001,BNCI2015001,4798,BNCI2015001:4798,11,10,session_A,run_0,198,right_hand,1
BNCI2015001,BNCI2015001,4799,BNCI2015001:4799,11,10,session_A,run_0,199,feet,0
BNCI2015001,BNCI2015001,5200,BNCI2015001:5200,12,11,session_A,run_0,0,feet,0
BNCI2015001,BNCI2015001,5201,BNCI2015001:5201,12,11,session_A,run_0,1,feet,0
BNCI2015001,BNCI2015001,5202,BNCI2015001:5202,12,11,session_A,run_0,2,right_hand,1
BNCI2015001,BNCI2015001,5203,BNCI2015001:5203,12,11,session_A,run_0,3,right_hand,1
BNCI2015001,BNCI2015001,5204,BNCI2015001:5204,12,11,session_A,run_0,4,feet,0
BNCI2015001,BNCI2015001,5205,BNCI2015001:5205,12,11,session_A,run_0,5,right_hand,1
BNCI2015001,BNCI2015001,5206,BNCI2015001:5206,12,11,session_A,run_0,6,feet,0
BNCI2015001,BNCI2015001,5207,BNCI2015001:5207,12,11,session_A,run_0,7,right_hand,1
BNCI2015001,BNCI2015001,5208,BNCI2015001:5208,12,11,session_A,run_0,8,feet,0
BNCI2015001,BNCI2015001,5209,BNCI2015001:5209,12,11,session_A,run_0,9,right_hand,1
BNCI2015001,BNCI2015001,5210,BNCI2015001:5210,12,11,session_A,run_0,10,right_hand,1
BNCI2015001,BNCI2015001,5211,BNCI2015001:5211,12,11,session_A,run_0,11,right_hand,1
BNCI2015001,BNCI2015001,5212,BNCI2015001:5212,12,11,session_A,run_0,12,feet,0
BNCI2015001,BNCI2015001,5213,BNCI2015001:5213,12,11,session_A,run_0,13,feet,0
BNCI2015001,BNCI2015001,5214,BNCI2015001:5214,12,11,session_A,run_0,14,right_hand,1
BNCI2015001,BNCI2015001,5215,BNCI2015001:5215,12,11,session_A,run_0,15,right_hand,1
BNCI2015001,BNCI2015001,5216,BNCI2015001:5216,12,11,session_A,run_0,16,right_hand,1
BNCI2015001,BNCI2015001,5217,BNCI2015001:5217,12,11,session_A,run_0,17,right_hand,1
BNCI2015001,BNCI2015001,5218,BNCI2015001:5218,12,11,session_A,run_0,18,feet,0
BNCI2015001,BNCI2015001,5219,BNCI2015001:5219,12,11,session_A,run_0,19,right_hand,1
BNCI2015001,BNCI2015001,5220,BNCI2015001:5220,12,11,session_A,run_0,20,feet,0
BNCI2015001,BNCI2015001,5221,BNCI2015001:5221,12,11,session_A,run_0,21,feet,0
BNCI2015001,BNCI2015001,5222,BNCI2015001:5222,12,11,session_A,run_0,22,right_hand,1
BNCI2015001,BNCI2015001,5223,BNCI2015001:5223,12,11,session_A,run_0,23,feet,0
BNCI2015001,BNCI2015001,5224,BNCI2015001:5224,12,11,session_A,run_0,24,right_hand,1
BNCI2015001,BNCI2015001,5225,BNCI2015001:5225,12,11,session_A,run_0,25,right_hand,1
BNCI2015001,BNCI2015001,5226,BNCI2015001:5226,12,11,session_A,run_0,26,feet,0
BNCI2015001,BNCI2015001,5227,BNCI2015001:5227,12,11,session_A,run_0,27,feet,0
BNCI2015001,BNCI2015001,5228,BNCI2015001:5228,12,11,session_A,run_0,28,right_hand,1
BNCI2015001,BNCI2015001,5229,BNCI2015001:5229,12,11,session_A,run_0,29,right_hand,1
BNCI2015001,BNCI2015001,5230,BNCI2015001:5230,12,11,session_A,run_0,30,feet,0
BNCI2015001,BNCI2015001,5231,BNCI2015001:5231,12,11,session_A,run_0,31,feet,0
BNCI2015001,BNCI2015001,5232,BNCI2015001:5232,12,11,session_A,run_0,32,feet,0
BNCI2015001,BNCI2015001,5233,BNCI2015001:5233,12,11,session_A,run_0,33,right_hand,1
BNCI2015001,BNCI2015001,5234,BNCI2015001:5234,12,11,session_A,run_0,34,feet,0
BNCI2015001,BNCI2015001,5235,BNCI2015001:5235,12,11,session_A,run_0,35,right_hand,1
BNCI2015001,BNCI2015001,5236,BNCI2015001:5236,12,11,session_A,run_0,36,right_hand,1
BNCI2015001,BNCI2015001,5237,BNCI2015001:5237,12,11,session_A,run_0,37,feet,0
BNCI2015001,BNCI2015001,5238,BNCI2015001:5238,12,11,session_A,run_0,38,feet,0
BNCI2015001,BNCI2015001,5239,BNCI2015001:5239,12,11,session_A,run_0,39,feet,0
BNCI2015001,BNCI2015001,5240,BNCI2015001:5240,12,11,session_A,run_0,40,feet,0
BNCI2015001,BNCI2015001,5241,BNCI2015001:5241,12,11,session_A,run_0,41,feet,0
BNCI2015001,BNCI2015001,5242,BNCI2015001:5242,12,11,session_A,run_0,42,feet,0
BNCI2015001,BNCI2015001,5243,BNCI2015001:5243,12,11,session_A,run_0,43,right_hand,1
BNCI2015001,BNCI2015001,5244,BNCI2015001:5244,12,11,session_A,run_0,44,right_hand,1
BNCI2015001,BNCI2015001,5245,BNCI2015001:5245,12,11,session_A,run_0,45,feet,0
BNCI2015001,BNCI2015001,5246,BNCI2015001:5246,12,11,session_A,run_0,46,right_hand,1
BNCI2015001,BNCI2015001,5247,BNCI2015001:5247,12,11,session_A,run_0,47,feet,0
BNCI2015001,BNCI2015001,5248,BNCI2015001:5248,12,11,session_A,run_0,48,right_hand,1
BNCI2015001,BNCI2015001,5249,BNCI2015001:5249,12,11,session_A,run_0,49,right_hand,1
BNCI2015001,BNCI2015001,5250,BNCI2015001:5250,12,11,session_A,run_0,50,right_hand,1
BNCI2015001,BNCI2015001,5251,BNCI2015001:5251,12,11,session_A,run_0,51,right_hand,1
BNCI2015001,BNCI2015001,5252,BNCI2015001:5252,12,11,session_A,run_0,52,right_hand,1
BNCI2015001,BNCI2015001,5253,BNCI2015001:5253,12,11,session_A,run_0,53,feet,0
BNCI2015001,BNCI2015001,5254,BNCI2015001:5254,12,11,session_A,run_0,54,feet,0
BNCI2015001,BNCI2015001,5255,BNCI2015001:5255,12,11,session_A,run_0,55,right_hand,1
BNCI2015001,BNCI2015001,5256,BNCI2015001:5256,12,11,session_A,run_0,56,right_hand,1
BNCI2015001,BNCI2015001,5257,BNCI2015001:5257,12,11,session_A,run_0,57,feet,0
BNCI2015001,BNCI2015001,5258,BNCI2015001:5258,12,11,session_A,run_0,58,right_hand,1
BNCI2015001,BNCI2015001,5259,BNCI2015001:5259,12,11,session_A,run_0,59,right_hand,1
BNCI2015001,BNCI2015001,5260,BNCI2015001:5260,12,11,session_A,run_0,60,feet,0
BNCI2015001,BNCI2015001,5261,BNCI2015001:5261,12,11,session_A,run_0,61,right_hand,1
BNCI2015001,BNCI2015001,5262,BNCI2015001:5262,12,11,session_A,run_0,62,right_hand,1
BNCI2015001,BNCI2015001,5263,BNCI2015001:5263,12,11,session_A,run_0,63,right_hand,1
BNCI2015001,BNCI2015001,5264,BNCI2015001:5264,12,11,session_A,run_0,64,feet,0
BNCI2015001,BNCI2015001,5265,BNCI2015001:5265,12,11,session_A,run_0,65,feet,0
BNCI2015001,BNCI2015001,5266,BNCI2015001:5266,12,11,session_A,run_0,66,feet,0
BNCI2015001,BNCI2015001,5267,BNCI2015001:5267,12,11,session_A,run_0,67,feet,0
BNCI2015001,BNCI2015001,5268,BNCI2015001:5268,12,11,session_A,run_0,68,feet,0
BNCI2015001,BNCI2015001,5269,BNCI2015001:5269,12,11,session_A,run_0,69,right_hand,1
BNCI2015001,BNCI2015001,5270,BNCI2015001:5270,12,11,session_A,run_0,70,feet,0
BNCI2015001,BNCI2015001,5271,BNCI2015001:5271,12,11,session_A,run_0,71,right_hand,1
BNCI2015001,BNCI2015001,5272,BNCI2015001:5272,12,11,session_A,run_0,72,feet,0
BNCI2015001,BNCI2015001,5273,BNCI2015001:5273,12,11,session_A,run_0,73,feet,0
BNCI2015001,BNCI2015001,5274,BNCI2015001:5274,12,11,session_A,run_0,74,feet,0
BNCI2015001,BNCI2015001,5275,BNCI2015001:5275,12,11,session_A,run_0,75,feet,0
BNCI2015001,BNCI2015001,5276,BNCI2015001:5276,12,11,session_A,run_0,76,feet,0
BNCI2015001,BNCI2015001,5277,BNCI2015001:5277,12,11,session_A,run_0,77,right_hand,1
BNCI2015001,BNCI2015001,5278,BNCI2015001:5278,12,11,session_A,run_0,78,right_hand,1
BNCI2015001,BNCI2015001,5279,BNCI2015001:5279,12,11,session_A,run_0,79,right_hand,1
BNCI2015001,BNCI2015001,5280,BNCI2015001:5280,12,11,session_A,run_0,80,right_hand,1
BNCI2015001,BNCI2015001,5281,BNCI2015001:5281,12,11,session_A,run_0,81,right_hand,1
BNCI2015001,BNCI2015001,5282,BNCI2015001:5282,12,11,session_A,run_0,82,feet,0
BNCI2015001,BNCI2015001,5283,BNCI2015001:5283,12,11,session_A,run_0,83,right_hand,1
BNCI2015001,BNCI2015001,5284,BNCI2015001:5284,12,11,session_A,run_0,84,feet,0
BNCI2015001,BNCI2015001,5285,BNCI2015001:5285,12,11,session_A,run_0,85,feet,0
BNCI2015001,BNCI2015001,5286,BNCI2015001:5286,12,11,session_A,run_0,86,right_hand,1
BNCI2015001,BNCI2015001,5287,BNCI2015001:5287,12,11,session_A,run_0,87,right_hand,1
BNCI2015001,BNCI2015001,5288,BNCI2015001:5288,12,11,session_A,run_0,88,right_hand,1
BNCI2015001,BNCI2015001,5289,BNCI2015001:5289,12,11,session_A,run_0,89,right_hand,1
BNCI2015001,BNCI2015001,5290,BNCI2015001:5290,12,11,session_A,run_0,90,feet,0
BNCI2015001,BNCI2015001,5291,BNCI2015001:5291,12,11,session_A,run_0,91,feet,0
BNCI2015001,BNCI2015001,5292,BNCI2015001:5292,12,11,session_A,run_0,92,right_hand,1
BNCI2015001,BNCI2015001,5293,BNCI2015001:5293,12,11,session_A,run_0,93,feet,0
BNCI2015001,BNCI2015001,5294,BNCI2015001:5294,12,11,session_A,run_0,94,right_hand,1
BNCI2015001,BNCI2015001,5295,BNCI2015001:5295,12,11,session_A,run_0,95,feet,0
BNCI2015001,BNCI2015001,5296,BNCI2015001:5296,12,11,session_A,run_0,96,feet,0
BNCI2015001,BNCI2015001,5297,BNCI2015001:5297,12,11,session_A,run_0,97,feet,0
BNCI2015001,BNCI2015001,5298,BNCI2015001:5298,12,11,session_A,run_0,98,feet,0
BNCI2015001,BNCI2015001,5299,BNCI2015001:5299,12,11,session_A,run_0,99,feet,0
BNCI2015001,BNCI2015001,5300,BNCI2015001:5300,12,11,session_A,run_0,100,feet,0
BNCI2015001,BNCI2015001,5301,BNCI2015001:5301,12,11,session_A,run_0,101,right_hand,1
BNCI2015001,BNCI2015001,5302,BNCI2015001:5302,12,11,session_A,run_0,102,right_hand,1
BNCI2015001,BNCI2015001,5303,BNCI2015001:5303,12,11,session_A,run_0,103,feet,0
BNCI2015001,BNCI2015001,5304,BNCI2015001:5304,12,11,session_A,run_0,104,feet,0
BNCI2015001,BNCI2015001,5305,BNCI2015001:5305,12,11,session_A,run_0,105,right_hand,1
BNCI2015001,BNCI2015001,5306,BNCI2015001:5306,12,11,session_A,run_0,106,right_hand,1
BNCI2015001,BNCI2015001,5307,BNCI2015001:5307,12,11,session_A,run_0,107,feet,0
BNCI2015001,BNCI2015001,5308,BNCI2015001:5308,12,11,session_A,run_0,108,right_hand,1
BNCI2015001,BNCI2015001,5309,BNCI2015001:5309,12,11,session_A,run_0,109,feet,0
BNCI2015001,BNCI2015001,5310,BNCI2015001:5310,12,11,session_A,run_0,110,right_hand,1
BNCI2015001,BNCI2015001,5311,BNCI2015001:5311,12,11,session_A,run_0,111,right_hand,1
BNCI2015001,BNCI2015001,5312,BNCI2015001:5312,12,11,session_A,run_0,112,feet,0
BNCI2015001,BNCI2015001,5313,BNCI2015001:5313,12,11,session_A,run_0,113,right_hand,1
BNCI2015001,BNCI2015001,5314,BNCI2015001:5314,12,11,session_A,run_0,114,right_hand,1
BNCI2015001,BNCI2015001,5315,BNCI2015001:5315,12,11,session_A,run_0,115,right_hand,1
BNCI2015001,BNCI2015001,5316,BNCI2015001:5316,12,11,session_A,run_0,116,feet,0
BNCI2015001,BNCI2015001,5317,BNCI2015001:5317,12,11,session_A,run_0,117,feet,0
BNCI2015001,BNCI2015001,5318,BNCI2015001:5318,12,11,session_A,run_0,118,feet,0
BNCI2015001,BNCI2015001,5319,BNCI2015001:5319,12,11,session_A,run_0,119,right_hand,1
BNCI2015001,BNCI2015001,5320,BNCI2015001:5320,12,11,session_A,run_0,120,feet,0
BNCI2015001,BNCI2015001,5321,BNCI2015001:5321,12,11,session_A,run_0,121,right_hand,1
BNCI2015001,BNCI2015001,5322,BNCI2015001:5322,12,11,session_A,run_0,122,right_hand,1
BNCI2015001,BNCI2015001,5323,BNCI2015001:5323,12,11,session_A,run_0,123,feet,0
BNCI2015001,BNCI2015001,5324,BNCI2015001:5324,12,11,session_A,run_0,124,feet,0
BNCI2015001,BNCI2015001,5325,BNCI2015001:5325,12,11,session_A,run_0,125,feet,0
BNCI2015001,BNCI2015001,5326,BNCI2015001:5326,12,11,session_A,run_0,126,right_hand,1
BNCI2015001,BNCI2015001,5327,BNCI2015001:5327,12,11,session_A,run_0,127,feet,0
BNCI2015001,BNCI2015001,5328,BNCI2015001:5328,12,11,session_A,run_0,128,right_hand,1
BNCI2015001,BNCI2015001,5329,BNCI2015001:5329,12,11,session_A,run_0,129,right_hand,1
BNCI2015001,BNCI2015001,5330,BNCI2015001:5330,12,11,session_A,run_0,130,right_hand,1
BNCI2015001,BNCI2015001,5331,BNCI2015001:5331,12,11,session_A,run_0,131,right_hand,1
BNCI2015001,BNCI2015001,5332,BNCI2015001:5332,12,11,session_A,run_0,132,right_hand,1
BNCI2015001,BNCI2015001,5333,BNCI2015001:5333,12,11,session_A,run_0,133,feet,0
BNCI2015001,BNCI2015001,5334,BNCI2015001:5334,12,11,session_A,run_0,134,right_hand,1
BNCI2015001,BNCI2015001,5335,BNCI2015001:5335,12,11,session_A,run_0,135,right_hand,1
BNCI2015001,BNCI2015001,5336,BNCI2015001:5336,12,11,session_A,run_0,136,right_hand,1
BNCI2015001,BNCI2015001,5337,BNCI2015001:5337,12,11,session_A,run_0,137,right_hand,1
BNCI2015001,BNCI2015001,5338,BNCI2015001:5338,12,11,session_A,run_0,138,feet,0
BNCI2015001,BNCI2015001,5339,BNCI2015001:5339,12,11,session_A,run_0,139,feet,0
BNCI2015001,BNCI2015001,5340,BNCI2015001:5340,12,11,session_A,run_0,140,feet,0
BNCI2015001,BNCI2015001,5341,BNCI2015001:5341,12,11,session_A,run_0,141,right_hand,1
BNCI2015001,BNCI2015001,5342,BNCI2015001:5342,12,11,session_A,run_0,142,feet,0
BNCI2015001,BNCI2015001,5343,BNCI2015001:5343,12,11,session_A,run_0,143,feet,0
BNCI2015001,BNCI2015001,5344,BNCI2015001:5344,12,11,session_A,run_0,144,feet,0
BNCI2015001,BNCI2015001,5345,BNCI2015001:5345,12,11,session_A,run_0,145,feet,0
BNCI2015001,BNCI2015001,5346,BNCI2015001:5346,12,11,session_A,run_0,146,feet,0
BNCI2015001,BNCI2015001,5347,BNCI2015001:5347,12,11,session_A,run_0,147,right_hand,1
BNCI2015001,BNCI2015001,5348,BNCI2015001:5348,12,11,session_A,run_0,148,feet,0
BNCI2015001,BNCI2015001,5349,BNCI2015001:5349,12,11,session_A,run_0,149,right_hand,1
BNCI2015001,BNCI2015001,5350,BNCI2015001:5350,12,11,session_A,run_0,150,right_hand,1
BNCI2015001,BNCI2015001,5351,BNCI2015001:5351,12,11,session_A,run_0,151,feet,0
BNCI2015001,BNCI2015001,5352,BNCI2015001:5352,12,11,session_A,run_0,152,feet,0
BNCI2015001,BNCI2015001,5353,BNCI2015001:5353,12,11,session_A,run_0,153,right_hand,1
BNCI2015001,BNCI2015001,5354,BNCI2015001:5354,12,11,session_A,run_0,154,feet,0
BNCI2015001,BNCI2015001,5355,BNCI2015001:5355,12,11,session_A,run_0,155,right_hand,1
BNCI2015001,BNCI2015001,5356,BNCI2015001:5356,12,11,session_A,run_0,156,right_hand,1
BNCI2015001,BNCI2015001,5357,BNCI2015001:5357,12,11,session_A,run_0,157,right_hand,1
BNCI2015001,BNCI2015001,5358,BNCI2015001:5358,12,11,session_A,run_0,158,feet,0
BNCI2015001,BNCI2015001,5359,BNCI2015001:5359,12,11,session_A,run_0,159,feet,0
BNCI2015001,BNCI2015001,5360,BNCI2015001:5360,12,11,session_A,run_0,160,right_hand,1
BNCI2015001,BNCI2015001,5361,BNCI2015001:5361,12,11,session_A,run_0,161,feet,0
BNCI2015001,BNCI2015001,5362,BNCI2015001:5362,12,11,session_A,run_0,162,feet,0
BNCI2015001,BNCI2015001,5363,BNCI2015001:5363,12,11,session_A,run_0,163,feet,0
BNCI2015001,BNCI2015001,5364,BNCI2015001:5364,12,11,session_A,run_0,164,right_hand,1
BNCI2015001,BNCI2015001,5365,BNCI2015001:5365,12,11,session_A,run_0,165,right_hand,1
BNCI2015001,BNCI2015001,5366,BNCI2015001:5366,12,11,session_A,run_0,166,right_hand,1
BNCI2015001,BNCI2015001,5367,BNCI2015001:5367,12,11,session_A,run_0,167,right_hand,1
BNCI2015001,BNCI2015001,5368,BNCI2015001:5368,12,11,session_A,run_0,168,right_hand,1
BNCI2015001,BNCI2015001,5369,BNCI2015001:5369,12,11,session_A,run_0,169,feet,0
BNCI2015001,BNCI2015001,5370,BNCI2015001:5370,12,11,session_A,run_0,170,feet,0
BNCI2015001,BNCI2015001,5371,BNCI2015001:5371,12,11,session_A,run_0,171,right_hand,1
BNCI2015001,BNCI2015001,5372,BNCI2015001:5372,12,11,session_A,run_0,172,feet,0
BNCI2015001,BNCI2015001,5373,BNCI2015001:5373,12,11,session_A,run_0,173,feet,0
BNCI2015001,BNCI2015001,5374,BNCI2015001:5374,12,11,session_A,run_0,174,right_hand,1
BNCI2015001,BNCI2015001,5375,BNCI2015001:5375,12,11,session_A,run_0,175,right_hand,1
BNCI2015001,BNCI2015001,5376,BNCI2015001:5376,12,11,session_A,run_0,176,feet,0
BNCI2015001,BNCI2015001,5377,BNCI2015001:5377,12,11,session_A,run_0,177,right_hand,1
BNCI2015001,BNCI2015001,5378,BNCI2015001:5378,12,11,session_A,run_0,178,feet,0
BNCI2015001,BNCI2015001,5379,BNCI2015001:5379,12,11,session_A,run_0,179,feet,0
BNCI2015001,BNCI2015001,5380,BNCI2015001:5380,12,11,session_A,run_0,180,right_hand,1
BNCI2015001,BNCI2015001,5381,BNCI2015001:5381,12,11,session_A,run_0,181,feet,0
BNCI2015001,BNCI2015001,5382,BNCI2015001:5382,12,11,session_A,run_0,182,right_hand,1
BNCI2015001,BNCI2015001,5383,BNCI2015001:5383,12,11,session_A,run_0,183,right_hand,1
BNCI2015001,BNCI2015001,5384,BNCI2015001:5384,12,11,session_A,run_0,184,right_hand,1
BNCI2015001,BNCI2015001,5385,BNCI2015001:5385,12,11,session_A,run_0,185,right_hand,1
BNCI2015001,BNCI2015001,5386,BNCI2015001:5386,12,11,session_A,run_0,186,feet,0
BNCI2015001,BNCI2015001,5387,BNCI2015001:5387,12,11,session_A,run_0,187,right_hand,1
BNCI2015001,BNCI2015001,5388,BNCI2015001:5388,12,11,session_A,run_0,188,right_hand,1
BNCI2015001,BNCI2015001,5389,BNCI2015001:5389,12,11,session_A,run_0,189,feet,0
BNCI2015001,BNCI2015001,5390,BNCI2015001:5390,12,11,session_A,run_0,190,feet,0
BNCI2015001,BNCI2015001,5391,BNCI2015001:5391,12,11,session_A,run_0,191,right_hand,1
BNCI2015001,BNCI2015001,5392,BNCI2015001:5392,12,11,session_A,run_0,192,right_hand,1
BNCI2015001,BNCI2015001,5393,BNCI2015001:5393,12,11,session_A,run_0,193,feet,0
BNCI2015001,BNCI2015001,5394,BNCI2015001:5394,12,11,session_A,run_0,194,feet,0
BNCI2015001,BNCI2015001,5395,BNCI2015001:5395,12,11,session_A,run_0,195,feet,0
BNCI2015001,BNCI2015001,5396,BNCI2015001:5396,12,11,session_A,run_0,196,feet,0
BNCI2015001,BNCI2015001,5397,BNCI2015001:5397,12,11,session_A,run_0,197,feet,0
BNCI2015001,BNCI2015001,5398,BNCI2015001:5398,12,11,session_A,run_0,198,right_hand,1
BNCI2015001,BNCI2015001,5399,BNCI2015001:5399,12,11,session_A,run_0,199,feet,0
AlexMI,AlexMI,0,AlexMI:0,1,0,0,0,0,right_hand,1
AlexMI,AlexMI,1,AlexMI:1,1,0,0,0,1,feet,0
AlexMI,AlexMI,2,AlexMI:2,1,0,0,0,2,right_hand,1
AlexMI,AlexMI,3,AlexMI:3,1,0,0,0,3,feet,0
AlexMI,AlexMI,5,AlexMI:5,1,0,0,0,4,right_hand,1
AlexMI,AlexMI,6,AlexMI:6,1,0,0,0,5,feet,0
AlexMI,AlexMI,7,AlexMI:7,1,0,0,0,6,right_hand,1
AlexMI,AlexMI,8,AlexMI:8,1,0,0,0,7,feet,0
AlexMI,AlexMI,9,AlexMI:9,1,0,0,0,8,right_hand,1
AlexMI,AlexMI,10,AlexMI:10,1,0,0,0,9,right_hand,1
AlexMI,AlexMI,11,AlexMI:11,1,0,0,0,10,feet,0
AlexMI,AlexMI,14,AlexMI:14,1,0,0,0,11,right_hand,1
AlexMI,AlexMI,19,AlexMI:19,1,0,0,0,12,feet,0
AlexMI,AlexMI,21,AlexMI:21,1,0,0,0,13,feet,0
AlexMI,AlexMI,22,AlexMI:22,1,0,0,0,14,right_hand,1
AlexMI,AlexMI,23,AlexMI:23,1,0,0,0,15,feet,0
AlexMI,AlexMI,24,AlexMI:24,1,0,0,0,16,feet,0
AlexMI,AlexMI,25,AlexMI:25,1,0,0,0,17,right_hand,1
AlexMI,AlexMI,28,AlexMI:28,1,0,0,0,18,right_hand,1
AlexMI,AlexMI,29,AlexMI:29,1,0,0,0,19,feet,0
AlexMI,AlexMI,31,AlexMI:31,1,0,0,0,20,feet,0
AlexMI,AlexMI,32,AlexMI:32,1,0,0,0,21,right_hand,1
AlexMI,AlexMI,33,AlexMI:33,1,0,0,0,22,feet,0
AlexMI,AlexMI,34,AlexMI:34,1,0,0,0,23,feet,0
AlexMI,AlexMI,35,AlexMI:35,1,0,0,0,24,right_hand,1
AlexMI,AlexMI,38,AlexMI:38,1,0,0,0,25,feet,0
AlexMI,AlexMI,40,AlexMI:40,1,0,0,0,26,right_hand,1
AlexMI,AlexMI,41,AlexMI:41,1,0,0,0,27,right_hand,1
AlexMI,AlexMI,43,AlexMI:43,1,0,0,0,28,feet,0
AlexMI,AlexMI,45,AlexMI:45,1,0,0,0,29,right_hand,1
AlexMI,AlexMI,46,AlexMI:46,1,0,0,0,30,right_hand,1
AlexMI,AlexMI,47,AlexMI:47,1,0,0,0,31,feet,0
AlexMI,AlexMI,49,AlexMI:49,1,0,0,0,32,feet,0
AlexMI,AlexMI,51,AlexMI:51,1,0,0,0,33,right_hand,1
AlexMI,AlexMI,52,AlexMI:52,1,0,0,0,34,feet,0
AlexMI,AlexMI,53,AlexMI:53,1,0,0,0,35,feet,0
AlexMI,AlexMI,54,AlexMI:54,1,0,0,0,36,right_hand,1
AlexMI,AlexMI,55,AlexMI:55,1,0,0,0,37,right_hand,1
AlexMI,AlexMI,58,AlexMI:58,1,0,0,0,38,right_hand,1
AlexMI,AlexMI,59,AlexMI:59,1,0,0,0,39,feet,0
AlexMI,AlexMI,61,AlexMI:61,2,1,0,0,0,feet,0
AlexMI,AlexMI,62,AlexMI:62,2,1,0,0,1,right_hand,1
AlexMI,AlexMI,63,AlexMI:63,2,1,0,0,2,right_hand,1
AlexMI,AlexMI,66,AlexMI:66,2,1,0,0,3,right_hand,1
AlexMI,AlexMI,67,AlexMI:67,2,1,0,0,4,right_hand,1
AlexMI,AlexMI,68,AlexMI:68,2,1,0,0,5,feet,0
AlexMI,AlexMI,70,AlexMI:70,2,1,0,0,6,feet,0
AlexMI,AlexMI,71,AlexMI:71,2,1,0,0,7,right_hand,1
AlexMI,AlexMI,75,AlexMI:75,2,1,0,0,8,right_hand,1
AlexMI,AlexMI,76,AlexMI:76,2,1,0,0,9,right_hand,1
AlexMI,AlexMI,77,AlexMI:77,2,1,0,0,10,right_hand,1
AlexMI,AlexMI,78,AlexMI:78,2,1,0,0,11,feet,0
AlexMI,AlexMI,80,AlexMI:80,2,1,0,0,12,feet,0
AlexMI,AlexMI,81,AlexMI:81,2,1,0,0,13,feet,0
AlexMI,AlexMI,82,AlexMI:82,2,1,0,0,14,right_hand,1
AlexMI,AlexMI,83,AlexMI:83,2,1,0,0,15,feet,0
AlexMI,AlexMI,84,AlexMI:84,2,1,0,0,16,feet,0
AlexMI,AlexMI,85,AlexMI:85,2,1,0,0,17,feet,0
AlexMI,AlexMI,87,AlexMI:87,2,1,0,0,18,feet,0
AlexMI,AlexMI,88,AlexMI:88,2,1,0,0,19,right_hand,1
AlexMI,AlexMI,90,AlexMI:90,2,1,0,0,20,right_hand,1
AlexMI,AlexMI,91,AlexMI:91,2,1,0,0,21,right_hand,1
AlexMI,AlexMI,93,AlexMI:93,2,1,0,0,22,feet,0
AlexMI,AlexMI,94,AlexMI:94,2,1,0,0,23,feet,0
AlexMI,AlexMI,95,AlexMI:95,2,1,0,0,24,feet,0
AlexMI,AlexMI,96,AlexMI:96,2,1,0,0,25,feet,0
AlexMI,AlexMI,98,AlexMI:98,2,1,0,0,26,right_hand,1
AlexMI,AlexMI,101,AlexMI:101,2,1,0,0,27,feet,0
AlexMI,AlexMI,102,AlexMI:102,2,1,0,0,28,feet,0
AlexMI,AlexMI,104,AlexMI:104,2,1,0,0,29,right_hand,1
AlexMI,AlexMI,105,AlexMI:105,2,1,0,0,30,right_hand,1
AlexMI,AlexMI,107,AlexMI:107,2,1,0,0,31,right_hand,1
AlexMI,AlexMI,108,AlexMI:108,2,1,0,0,32,feet,0
AlexMI,AlexMI,109,AlexMI:109,2,1,0,0,33,right_hand,1
AlexMI,AlexMI,110,AlexMI:110,2,1,0,0,34,feet,0
AlexMI,AlexMI,112,AlexMI:112,2,1,0,0,35,feet,0
AlexMI,AlexMI,113,AlexMI:113,2,1,0,0,36,right_hand,1
AlexMI,AlexMI,116,AlexMI:116,2,1,0,0,37,right_hand,1
AlexMI,AlexMI,117,AlexMI:117,2,1,0,0,38,right_hand,1
AlexMI,AlexMI,119,AlexMI:119,2,1,0,0,39,feet,0
AlexMI,AlexMI,121,AlexMI:121,3,2,0,0,0,feet,0
AlexMI,AlexMI,122,AlexMI:122,3,2,0,0,1,right_hand,1
AlexMI,AlexMI,123,AlexMI:123,3,2,0,0,2,right_hand,1
AlexMI,AlexMI,126,AlexMI:126,3,2,0,0,3,right_hand,1
AlexMI,AlexMI,127,AlexMI:127,3,2,0,0,4,right_hand,1
AlexMI,AlexMI,128,AlexMI:128,3,2,0,0,5,feet,0
AlexMI,AlexMI,130,AlexMI:130,3,2,0,0,6,feet,0
AlexMI,AlexMI,131,AlexMI:131,3,2,0,0,7,right_hand,1
AlexMI,AlexMI,135,AlexMI:135,3,2,0,0,8,right_hand,1
AlexMI,AlexMI,136,AlexMI:136,3,2,0,0,9,right_hand,1
AlexMI,AlexMI,137,AlexMI:137,3,2,0,0,10,right_hand,1
AlexMI,AlexMI,138,AlexMI:138,3,2,0,0,11,feet,0
AlexMI,AlexMI,140,AlexMI:140,3,2,0,0,12,feet,0
AlexMI,AlexMI,141,AlexMI:141,3,2,0,0,13,feet,0
AlexMI,AlexMI,142,AlexMI:142,3,2,0,0,14,right_hand,1
AlexMI,AlexMI,143,AlexMI:143,3,2,0,0,15,feet,0
AlexMI,AlexMI,144,AlexMI:144,3,2,0,0,16,feet,0
AlexMI,AlexMI,145,AlexMI:145,3,2,0,0,17,feet,0
AlexMI,AlexMI,147,AlexMI:147,3,2,0,0,18,feet,0
AlexMI,AlexMI,148,AlexMI:148,3,2,0,0,19,right_hand,1
AlexMI,AlexMI,150,AlexMI:150,3,2,0,0,20,right_hand,1
AlexMI,AlexMI,151,AlexMI:151,3,2,0,0,21,right_hand,1
AlexMI,AlexMI,153,AlexMI:153,3,2,0,0,22,feet,0
AlexMI,AlexMI,154,AlexMI:154,3,2,0,0,23,feet,0
AlexMI,AlexMI,155,AlexMI:155,3,2,0,0,24,feet,0
AlexMI,AlexMI,156,AlexMI:156,3,2,0,0,25,feet,0
AlexMI,AlexMI,158,AlexMI:158,3,2,0,0,26,right_hand,1
AlexMI,AlexMI,161,AlexMI:161,3,2,0,0,27,feet,0
AlexMI,AlexMI,162,AlexMI:162,3,2,0,0,28,feet,0
AlexMI,AlexMI,164,AlexMI:164,3,2,0,0,29,right_hand,1
AlexMI,AlexMI,165,AlexMI:165,3,2,0,0,30,right_hand,1
AlexMI,AlexMI,167,AlexMI:167,3,2,0,0,31,right_hand,1
AlexMI,AlexMI,168,AlexMI:168,3,2,0,0,32,feet,0
AlexMI,AlexMI,169,AlexMI:169,3,2,0,0,33,right_hand,1
AlexMI,AlexMI,170,AlexMI:170,3,2,0,0,34,feet,0
AlexMI,AlexMI,172,AlexMI:172,3,2,0,0,35,feet,0
AlexMI,AlexMI,173,AlexMI:173,3,2,0,0,36,right_hand,1
AlexMI,AlexMI,176,AlexMI:176,3,2,0,0,37,right_hand,1
AlexMI,AlexMI,177,AlexMI:177,3,2,0,0,38,right_hand,1
AlexMI,AlexMI,179,AlexMI:179,3,2,0,0,39,feet,0
AlexMI,AlexMI,181,AlexMI:181,4,3,0,0,0,feet,0
AlexMI,AlexMI,182,AlexMI:182,4,3,0,0,1,right_hand,1
AlexMI,AlexMI,183,AlexMI:183,4,3,0,0,2,right_hand,1
AlexMI,AlexMI,186,AlexMI:186,4,3,0,0,3,right_hand,1
AlexMI,AlexMI,187,AlexMI:187,4,3,0,0,4,right_hand,1
AlexMI,AlexMI,188,AlexMI:188,4,3,0,0,5,feet,0
AlexMI,AlexMI,190,AlexMI:190,4,3,0,0,6,feet,0
AlexMI,AlexMI,191,AlexMI:191,4,3,0,0,7,right_hand,1
AlexMI,AlexMI,195,AlexMI:195,4,3,0,0,8,right_hand,1
AlexMI,AlexMI,196,AlexMI:196,4,3,0,0,9,right_hand,1
AlexMI,AlexMI,197,AlexMI:197,4,3,0,0,10,right_hand,1
AlexMI,AlexMI,198,AlexMI:198,4,3,0,0,11,feet,0
AlexMI,AlexMI,200,AlexMI:200,4,3,0,0,12,feet,0
AlexMI,AlexMI,201,AlexMI:201,4,3,0,0,13,feet,0
AlexMI,AlexMI,202,AlexMI:202,4,3,0,0,14,right_hand,1
AlexMI,AlexMI,203,AlexMI:203,4,3,0,0,15,feet,0
AlexMI,AlexMI,204,AlexMI:204,4,3,0,0,16,feet,0
AlexMI,AlexMI,205,AlexMI:205,4,3,0,0,17,feet,0
AlexMI,AlexMI,207,AlexMI:207,4,3,0,0,18,feet,0
AlexMI,AlexMI,208,AlexMI:208,4,3,0,0,19,right_hand,1
AlexMI,AlexMI,210,AlexMI:210,4,3,0,0,20,right_hand,1
AlexMI,AlexMI,211,AlexMI:211,4,3,0,0,21,right_hand,1
AlexMI,AlexMI,213,AlexMI:213,4,3,0,0,22,feet,0
AlexMI,AlexMI,214,AlexMI:214,4,3,0,0,23,feet,0
AlexMI,AlexMI,215,AlexMI:215,4,3,0,0,24,feet,0
AlexMI,AlexMI,216,AlexMI:216,4,3,0,0,25,feet,0
AlexMI,AlexMI,218,AlexMI:218,4,3,0,0,26,right_hand,1
AlexMI,AlexMI,221,AlexMI:221,4,3,0,0,27,feet,0
AlexMI,AlexMI,222,AlexMI:222,4,3,0,0,28,feet,0
AlexMI,AlexMI,224,AlexMI:224,4,3,0,0,29,right_hand,1
AlexMI,AlexMI,225,AlexMI:225,4,3,0,0,30,right_hand,1
AlexMI,AlexMI,227,AlexMI:227,4,3,0,0,31,right_hand,1
AlexMI,AlexMI,228,AlexMI:228,4,3,0,0,32,feet,0
AlexMI,AlexMI,229,AlexMI:229,4,3,0,0,33,right_hand,1
AlexMI,AlexMI,230,AlexMI:230,4,3,0,0,34,feet,0
AlexMI,AlexMI,232,AlexMI:232,4,3,0,0,35,feet,0
AlexMI,AlexMI,233,AlexMI:233,4,3,0,0,36,right_hand,1
AlexMI,AlexMI,236,AlexMI:236,4,3,0,0,37,right_hand,1
AlexMI,AlexMI,237,AlexMI:237,4,3,0,0,38,right_hand,1
AlexMI,AlexMI,239,AlexMI:239,4,3,0,0,39,feet,0
AlexMI,AlexMI,240,AlexMI:240,5,4,0,0,0,feet,0
AlexMI,AlexMI,241,AlexMI:241,5,4,0,0,1,right_hand,1
AlexMI,AlexMI,242,AlexMI:242,5,4,0,0,2,right_hand,1
AlexMI,AlexMI,243,AlexMI:243,5,4,0,0,3,feet,0
AlexMI,AlexMI,244,AlexMI:244,5,4,0,0,4,feet,0
AlexMI,AlexMI,245,AlexMI:245,5,4,0,0,5,feet,0
AlexMI,AlexMI,248,AlexMI:248,5,4,0,0,6,feet,0
AlexMI,AlexMI,249,AlexMI:249,5,4,0,0,7,feet,0
AlexMI,AlexMI,251,AlexMI:251,5,4,0,0,8,right_hand,1
AlexMI,AlexMI,252,AlexMI:252,5,4,0,0,9,feet,0
AlexMI,AlexMI,256,AlexMI:256,5,4,0,0,10,feet,0
AlexMI,AlexMI,257,AlexMI:257,5,4,0,0,11,right_hand,1
AlexMI,AlexMI,261,AlexMI:261,5,4,0,0,12,right_hand,1
AlexMI,AlexMI,262,AlexMI:262,5,4,0,0,13,feet,0
AlexMI,AlexMI,264,AlexMI:264,5,4,0,0,14,feet,0
AlexMI,AlexMI,265,AlexMI:265,5,4,0,0,15,right_hand,1
AlexMI,AlexMI,266,AlexMI:266,5,4,0,0,16,right_hand,1
AlexMI,AlexMI,267,AlexMI:267,5,4,0,0,17,right_hand,1
AlexMI,AlexMI,268,AlexMI:268,5,4,0,0,18,right_hand,1
AlexMI,AlexMI,269,AlexMI:269,5,4,0,0,19,right_hand,1
AlexMI,AlexMI,270,AlexMI:270,5,4,0,0,20,feet,0
AlexMI,AlexMI,271,AlexMI:271,5,4,0,0,21,right_hand,1
AlexMI,AlexMI,272,AlexMI:272,5,4,0,0,22,feet,0
AlexMI,AlexMI,274,AlexMI:274,5,4,0,0,23,feet,0
AlexMI,AlexMI,275,AlexMI:275,5,4,0,0,24,feet,0
AlexMI,AlexMI,277,AlexMI:277,5,4,0,0,25,feet,0
AlexMI,AlexMI,279,AlexMI:279,5,4,0,0,26,right_hand,1
AlexMI,AlexMI,282,AlexMI:282,5,4,0,0,27,feet,0
AlexMI,AlexMI,283,AlexMI:283,5,4,0,0,28,feet,0
AlexMI,AlexMI,284,AlexMI:284,5,4,0,0,29,right_hand,1
AlexMI,AlexMI,285,AlexMI:285,5,4,0,0,30,right_hand,1
AlexMI,AlexMI,286,AlexMI:286,5,4,0,0,31,feet,0
AlexMI,AlexMI,288,AlexMI:288,5,4,0,0,32,right_hand,1
AlexMI,AlexMI,290,AlexMI:290,5,4,0,0,33,right_hand,1
AlexMI,AlexMI,291,AlexMI:291,5,4,0,0,34,feet,0
AlexMI,AlexMI,292,AlexMI:292,5,4,0,0,35,right_hand,1
AlexMI,AlexMI,294,AlexMI:294,5,4,0,0,36,right_hand,1
AlexMI,AlexMI,296,AlexMI:296,5,4,0,0,37,feet,0
AlexMI,AlexMI,297,AlexMI:297,5,4,0,0,38,right_hand,1
AlexMI,AlexMI,298,AlexMI:298,5,4,0,0,39,right_hand,1
AlexMI,AlexMI,302,AlexMI:302,6,5,0,0,0,right_hand,1
AlexMI,AlexMI,304,AlexMI:304,6,5,0,0,1,right_hand,1
AlexMI,AlexMI,306,AlexMI:306,6,5,0,0,2,right_hand,1
AlexMI,AlexMI,307,AlexMI:307,6,5,0,0,3,feet,0
AlexMI,AlexMI,308,AlexMI:308,6,5,0,0,4,feet,0
AlexMI,AlexMI,310,AlexMI:310,6,5,0,0,5,feet,0
AlexMI,AlexMI,311,AlexMI:311,6,5,0,0,6,feet,0
AlexMI,AlexMI,312,AlexMI:312,6,5,0,0,7,feet,0
AlexMI,AlexMI,313,AlexMI:313,6,5,0,0,8,right_hand,1
AlexMI,AlexMI,314,AlexMI:314,6,5,0,0,9,right_hand,1
AlexMI,AlexMI,315,AlexMI:315,6,5,0,0,10,feet,0
AlexMI,AlexMI,316,AlexMI:316,6,5,0,0,11,right_hand,1
AlexMI,AlexMI,318,AlexMI:318,6,5,0,0,12,feet,0
AlexMI,AlexMI,319,AlexMI:319,6,5,0,0,13,right_hand,1
AlexMI,AlexMI,320,AlexMI:320,6,5,0,0,14,feet,0
AlexMI,AlexMI,321,AlexMI:321,6,5,0,0,15,right_hand,1
AlexMI,AlexMI,323,AlexMI:323,6,5,0,0,16,right_hand,1
AlexMI,AlexMI,324,AlexMI:324,6,5,0,0,17,right_hand,1
AlexMI,AlexMI,327,AlexMI:327,6,5,0,0,18,feet,0
AlexMI,AlexMI,328,AlexMI:328,6,5,0,0,19,feet,0
AlexMI,AlexMI,332,AlexMI:332,6,5,0,0,20,feet,0
AlexMI,AlexMI,333,AlexMI:333,6,5,0,0,21,right_hand,1
AlexMI,AlexMI,334,AlexMI:334,6,5,0,0,22,right_hand,1
AlexMI,AlexMI,336,AlexMI:336,6,5,0,0,23,right_hand,1
AlexMI,AlexMI,337,AlexMI:337,6,5,0,0,24,right_hand,1
AlexMI,AlexMI,338,AlexMI:338,6,5,0,0,25,feet,0
AlexMI,AlexMI,339,AlexMI:339,6,5,0,0,26,feet,0
AlexMI,AlexMI,341,AlexMI:341,6,5,0,0,27,feet,0
AlexMI,AlexMI,342,AlexMI:342,6,5,0,0,28,feet,0
AlexMI,AlexMI,343,AlexMI:343,6,5,0,0,29,right_hand,1
AlexMI,AlexMI,344,AlexMI:344,6,5,0,0,30,right_hand,1
AlexMI,AlexMI,346,AlexMI:346,6,5,0,0,31,feet,0
AlexMI,AlexMI,347,AlexMI:347,6,5,0,0,32,feet,0
AlexMI,AlexMI,349,AlexMI:349,6,5,0,0,33,feet,0
AlexMI,AlexMI,351,AlexMI:351,6,5,0,0,34,feet,0
AlexMI,AlexMI,353,AlexMI:353,6,5,0,0,35,right_hand,1
AlexMI,AlexMI,354,AlexMI:354,6,5,0,0,36,right_hand,1
AlexMI,AlexMI,355,AlexMI:355,6,5,0,0,37,right_hand,1
AlexMI,AlexMI,357,AlexMI:357,6,5,0,0,38,feet,0
AlexMI,AlexMI,358,AlexMI:358,6,5,0,0,39,right_hand,1
AlexMI,AlexMI,360,AlexMI:360,7,6,0,0,0,right_hand,1
AlexMI,AlexMI,361,AlexMI:361,7,6,0,0,1,right_hand,1
AlexMI,AlexMI,364,AlexMI:364,7,6,0,0,2,feet,0
AlexMI,AlexMI,365,AlexMI:365,7,6,0,0,3,right_hand,1
AlexMI,AlexMI,366,AlexMI:366,7,6,0,0,4,feet,0
AlexMI,AlexMI,368,AlexMI:368,7,6,0,0,5,feet,0
AlexMI,AlexMI,370,AlexMI:370,7,6,0,0,6,feet,0
AlexMI,AlexMI,371,AlexMI:371,7,6,0,0,7,feet,0
AlexMI,AlexMI,372,AlexMI:372,7,6,0,0,8,right_hand,1
AlexMI,AlexMI,373,AlexMI:373,7,6,0,0,9,feet,0
AlexMI,AlexMI,375,AlexMI:375,7,6,0,0,10,feet,0
AlexMI,AlexMI,376,AlexMI:376,7,6,0,0,11,right_hand,1
AlexMI,AlexMI,379,AlexMI:379,7,6,0,0,12,right_hand,1
AlexMI,AlexMI,380,AlexMI:380,7,6,0,0,13,feet,0
AlexMI,AlexMI,382,AlexMI:382,7,6,0,0,14,right_hand,1
AlexMI,AlexMI,383,AlexMI:383,7,6,0,0,15,right_hand,1
AlexMI,AlexMI,384,AlexMI:384,7,6,0,0,16,feet,0
AlexMI,AlexMI,385,AlexMI:385,7,6,0,0,17,right_hand,1
AlexMI,AlexMI,387,AlexMI:387,7,6,0,0,18,right_hand,1
AlexMI,AlexMI,388,AlexMI:388,7,6,0,0,19,feet,0
AlexMI,AlexMI,390,AlexMI:390,7,6,0,0,20,right_hand,1
AlexMI,AlexMI,391,AlexMI:391,7,6,0,0,21,right_hand,1
AlexMI,AlexMI,392,AlexMI:392,7,6,0,0,22,right_hand,1
AlexMI,AlexMI,395,AlexMI:395,7,6,0,0,23,feet,0
AlexMI,AlexMI,396,AlexMI:396,7,6,0,0,24,feet,0
AlexMI,AlexMI,397,AlexMI:397,7,6,0,0,25,feet,0
AlexMI,AlexMI,398,AlexMI:398,7,6,0,0,26,right_hand,1
AlexMI,AlexMI,399,AlexMI:399,7,6,0,0,27,right_hand,1
AlexMI,AlexMI,400,AlexMI:400,7,6,0,0,28,feet,0
AlexMI,AlexMI,401,AlexMI:401,7,6,0,0,29,feet,0
AlexMI,AlexMI,402,AlexMI:402,7,6,0,0,30,feet,0
AlexMI,AlexMI,403,AlexMI:403,7,6,0,0,31,right_hand,1
AlexMI,AlexMI,405,AlexMI:405,7,6,0,0,32,right_hand,1
AlexMI,AlexMI,406,AlexMI:406,7,6,0,0,33,feet,0
AlexMI,AlexMI,407,AlexMI:407,7,6,0,0,34,feet,0
AlexMI,AlexMI,408,AlexMI:408,7,6,0,0,35,right_hand,1
AlexMI,AlexMI,410,AlexMI:410,7,6,0,0,36,feet,0
AlexMI,AlexMI,412,AlexMI:412,7,6,0,0,37,right_hand,1
AlexMI,AlexMI,414,AlexMI:414,7,6,0,0,38,feet,0
AlexMI,AlexMI,416,AlexMI:416,7,6,0,0,39,right_hand,1
AlexMI,AlexMI,420,AlexMI:420,8,7,0,0,0,right_hand,1
AlexMI,AlexMI,421,AlexMI:421,8,7,0,0,1,right_hand,1
AlexMI,AlexMI,422,AlexMI:422,8,7,0,0,2,feet,0
AlexMI,AlexMI,424,AlexMI:424,8,7,0,0,3,right_hand,1
AlexMI,AlexMI,425,AlexMI:425,8,7,0,0,4,right_hand,1
AlexMI,AlexMI,427,AlexMI:427,8,7,0,0,5,right_hand,1
AlexMI,AlexMI,428,AlexMI:428,8,7,0,0,6,feet,0
AlexMI,AlexMI,429,AlexMI:429,8,7,0,0,7,feet,0
AlexMI,AlexMI,431,AlexMI:431,8,7,0,0,8,feet,0
AlexMI,AlexMI,432,AlexMI:432,8,7,0,0,9,right_hand,1
AlexMI,AlexMI,434,AlexMI:434,8,7,0,0,10,right_hand,1
AlexMI,AlexMI,436,AlexMI:436,8,7,0,0,11,feet,0
AlexMI,AlexMI,437,AlexMI:437,8,7,0,0,12,right_hand,1
AlexMI,AlexMI,439,AlexMI:439,8,7,0,0,13,feet,0
AlexMI,AlexMI,440,AlexMI:440,8,7,0,0,14,feet,0
AlexMI,AlexMI,441,AlexMI:441,8,7,0,0,15,feet,0
AlexMI,AlexMI,442,AlexMI:442,8,7,0,0,16,right_hand,1
AlexMI,AlexMI,446,AlexMI:446,8,7,0,0,17,feet,0
AlexMI,AlexMI,447,AlexMI:447,8,7,0,0,18,feet,0
AlexMI,AlexMI,449,AlexMI:449,8,7,0,0,19,right_hand,1
AlexMI,AlexMI,451,AlexMI:451,8,7,0,0,20,right_hand,1
AlexMI,AlexMI,452,AlexMI:452,8,7,0,0,21,right_hand,1
AlexMI,AlexMI,454,AlexMI:454,8,7,0,0,22,right_hand,1
AlexMI,AlexMI,455,AlexMI:455,8,7,0,0,23,feet,0
AlexMI,AlexMI,456,AlexMI:456,8,7,0,0,24,right_hand,1
AlexMI,AlexMI,457,AlexMI:457,8,7,0,0,25,feet,0
AlexMI,AlexMI,458,AlexMI:458,8,7,0,0,26,feet,0
AlexMI,AlexMI,460,AlexMI:460,8,7,0,0,27,feet,0
AlexMI,AlexMI,463,AlexMI:463,8,7,0,0,28,feet,0
AlexMI,AlexMI,464,AlexMI:464,8,7,0,0,29,right_hand,1
AlexMI,AlexMI,465,AlexMI:465,8,7,0,0,30,feet,0
AlexMI,AlexMI,467,AlexMI:467,8,7,0,0,31,feet,0
AlexMI,AlexMI,469,AlexMI:469,8,7,0,0,32,right_hand,1
AlexMI,AlexMI,471,AlexMI:471,8,7,0,0,33,right_hand,1
AlexMI,AlexMI,472,AlexMI:472,8,7,0,0,34,right_hand,1
AlexMI,AlexMI,474,AlexMI:474,8,7,0,0,35,right_hand,1
AlexMI,AlexMI,476,AlexMI:476,8,7,0,0,36,right_hand,1
AlexMI,AlexMI,477,AlexMI:477,8,7,0,0,37,feet,0
AlexMI,AlexMI,478,AlexMI:478,8,7,0,0,38,feet,0
AlexMI,AlexMI,479,AlexMI:479,8,7,0,0,39,feet,0
